"Customer_ID","Email","Gender","Age","Tenure","Subscription_Type","Contract_Type","Payment_Mode","Monthly_Charges","Total_Spend","Usage_Score","Support_Tickets","Payment_Delay_Days","Last_Interaction_Days","Engagement_Score","Risk_Indicator","Feedback","Sentiment","Issue_Category","Churn"
"CUST-00001","customer00001@example.com","Male","24","8","Basic","Monthly","AutoPay","367","2936","25","3","19","76","23","200.87","Monthly charges are too high and pricing is confusing","0","Pricing Issue","Yes"
"CUST-00002","customer00002@example.com","Female","66","51","Basic","Quarterly","Card","541","27591","85","3","11","86","68","223.77","Excellent issue resolution and friendly support team","0","Service Issue","Yes"
"CUST-00003","customer00003@example.com","Male","66","27","Basic","Monthly","UPI","503","13581","34","4","22","81","33","262.76","The plan cost feels high compared with competitors","0","Pricing Issue","No"
"CUST-00004","customer00004@example.com","Female","46","26","Enterprise","Monthly","UPI","1369","35594","89","1","16","46","72","481.50","Monthly charges are too high and pricing is confusing","0","Pricing Issue","Yes"
"CUST-00005","customer00005@example.com","Male","30","23","Standard","Annual","AutoPay","747","17181","100","3","20","51","75","292.02","Smooth onboarding and very helpful account manager","0.857","Service Issue","No"
"CUST-00006","customer00006@example.com","Female","57","1","Premium","Quarterly","AutoPay","1111","1111","53","6","25","55","41","508.23","Frequent network outages and unstable connectivity","-0.5","Network Issue","Yes"
"CUST-00007","customer00007@example.com","Male","55","64","Standard","Quarterly","UPI","537","34368","84","4","7","55","80","228.85","Great support and reliable network experience","0","Network Issue","No"
"CUST-00008","customer00008@example.com","Male","40","28","Basic","Quarterly","NetBanking","429","12012","93","5","18","50","73","214.80","Too many disconnects and latency problems","0","Network Issue","No"
"CUST-00009","customer00009@example.com","Female","26","49","Standard","Quarterly","AutoPay","521","25529","88","2","25","51","78","196.73","Satisfied with pricing and product value","0.5","Pricing Issue","No"
"CUST-00010","customer00010@example.com","Female","38","44","Standard","Quarterly","Card","794","34936","97","4","11","67","77","323.55","Price increase without enough added features","0","Pricing Issue","Yes"
"CUST-00011","customer00011@example.com","Female","69","31","Premium","Monthly","AutoPay","1116","34596","12","6","20","49","30","520.94","Satisfied with pricing and product value","0.5","Pricing Issue","Yes"
"CUST-00012","customer00012@example.com","Male","58","59","Basic","Monthly","Card","524","30916","75","5","27","64","71","260.73","Satisfied with pricing and product value","0.5","Pricing Issue","No"
"CUST-00013","customer00013@example.com","male","27","8","Premium","Annual","Card","1001","8008","35","1","25","78","28","391.89","Frustrated with repeated support delays","-1","Service Issue","Yes"
"CUST-00014","customer00014@example.com","Male","61","50","Standard","Quarterly","UPI","688","34400","23","0","24","8","53","242.30","Great support and reliable network experience","0","Network Issue","No"
"CUST-00015","customer00015@example.com","Female","40","42","Premium","Quarterly","AutoPay","982","41244","48","4","3","76","47","413.85","Monthly charges are too high and pricing is confusing","0","Pricing Issue","Yes"
"CUST-00016","customer00016@example.com","Male","38","72","Basic","Quarterly","Card","397","28584","35","2","8","23","64","158.38","Support response is slow and issue resolution takes too long","-0.9","Service Issue","No"
"CUST-00017","customer00017@example.com","Male","27","15","pro","Annual","AutoPay","729","10935","48","7","23","19","52","378.95","Satisfied with pricing and product value","0.5","Pricing Issue","No"
"CUST-00018","customer00018@example.com","Female","53","25","Basic","Quarterly","AutoPay","514","12850","80","5","27","68","61","261.71","Frustrated with repeated support delays","-1","Service Issue","Yes"
"CUST-00019","customer00019@example.com","Female","23","71","Standard","Monthly","AutoPay","713","50623","40","2","25","5","71","274.85",,"0","Network Issue","Yes"
"CUST-00020","customer00020@example.com","Male","28","3","Basic","Monthly","NetBanking","478","1434","34","5","18","46","33","265.48","The plan cost feels high compared with competitors","0","Pricing Issue","Yes"
"CUST-00021","customer00021@example.com","Male","51","26","Basic","Annual","UPI","443","11518","25","3","6","39","38","208.96","Smooth onboarding and very helpful account manager","0.857","Service Issue","No"
"CUST-00022","customer00022@example.com","Male","30","66","Enterprise","Monthly","AutoPay","1495","98670","82","6","4","23","87","601.04","Smooth onboarding and very helpful account manager","0.857","Service Issue","Yes"
"CUST-00023","customer00023@example.com","Female","32","33","Standard","Quarterly","UPI",,"19173","74","6","2","9","75","277.48","Frustrated with repeated support delays","-1","Service Issue","Yes"
"CUST-00024","customer00024@example.com","Male","30","45","Standard","Annual","NetBanking","539","24255","77","0","16","13","80","159.36","Excellent issue resolution and friendly support team","0","Service Issue","No"
"CUST-00025","customer00025@example.com","Male","59","12","Basic","Monthly","UPI","490","5880","30","0","15","27","39","173.97","Happy with the service quality and quick response","0.75","Service Issue","No"
"CUST-00026","customer00026@example.com","male","61","2","Enterprise","Quarterly","Card","1331","2662","19","1","25","1","36","501.29","Internet speed dropped and network quality is poor","-1","Network Issue","Yes"
"CUST-00027","customer00027@example.com","Female","56","66","Basic","Quarterly","AutoPay","486","32076","72","4","28","5","86","215.68","Excellent issue resolution and friendly support team","0","Service Issue","No"
"CUST-00028","customer00028@example.com","Female","41","4","Standard","Monthly","UPI","540","2160","29","0","15","56","28","200.87","Too many disconnects and latency problems","0","Network Issue","Yes"
"CUST-00029","customer00029@example.com","Male","54","50","Standard","Monthly","Card","817","40850",,"4","23","43","49","364.59","Frustrated with repeated support delays","-1","Service Issue","No"
"CUST-00030","customer00030@example.com","Female","69","72","Standard","Quarterly","NetBanking","513","36936","43","1","10","46","62","184.76","Satisfied with pricing and product value","0.5","Pricing Issue","No"
"CUST-00031","customer00031@example.com","Male","50","34","Basic","Quarterly","Card","340","11560","16","4",,"66","29","201.07","Internet speed dropped and network quality is poor","-1","Network Issue","Yes"
"CUST-00032","customer00032@example.com","Female","54","53","Standard","Monthly","UPI","769","40757","91","2","11","74","75","281.61","Frustrated with repeated support delays","-1","Service Issue","No"
"CUST-00033","customer00033@example.com","Male","26","18","Enterprise","Quarterly","NetBanking","1297","23346","30","3","5","56","34","518.87","Too many disconnects and latency problems","0","Network Issue","Yes"
"CUST-00034","customer00034@example.com","Male","41","11","platinum","Quarterly","NetBanking","1441","15851","67","5","17","12","63","585.51","Internet speed dropped and network quality is poor","-1","Network Issue","No"
"CUST-00035","customer00035@example.com","Female","59","23","Basic","Monthly","NetBanking","408","9384","99","1","12","10","85","120.24","Too many disconnects and latency problems","0","Network Issue","No"
"CUST-00036","customer00036@example.com","Male","24","51","Standard","Monthly","AutoPay","660","33660","95","6","10","76","76","312.66","Monthly charges are too high and pricing is confusing","0","Pricing Issue","Yes"
"CUST-00037","customer00037@example.com","Male",,"3","Premium","Monthly","UPI","1087","3261","18","6","28","14","32","508.54","Frustrated with repeated support delays","-1","Service Issue","Yes"
"CUST-00038","customer00038@example.com","Female","46","8","Enterprise","Annual","AutoPay","1436","11488","29","0","1","84","23","521.73",,"0","Service Issue","No"
"CUST-00039","customer00039@example.com","male","55","7","Premium","Quarterly","AutoPay","956","6692","44","1","22","47","40","362.28","Too many disconnects and latency problems","0","Network Issue","No"
"CUST-00040","customer00040@example.com","Male","23","23","Premium","Monthly","UPI","841","19343","61","3","4","21","61","329.36","Happy with the service quality and quick response","0.75","Service Issue","Yes"
"CUST-00041","customer00041@example.com","Female","70","51","Standard","Annual","NetBanking","759",,"30","6","14","67","43","380.84","Excellent issue resolution and friendly support team","0","Service Issue","No"
"CUST-00042","customer00042@example.com","Female","66","31","Standard","Monthly","UPI","859","26629","35","7","19","25","49","428.61","Support response is slow and issue resolution takes too long","-0.9","Service Issue","Yes"
"CUST-00043","customer00043@example.com","Male","35","68","Basic","Quarterly","AutoPay","533","36244","34","3","23","55","54","242.49","Support response is slow and issue resolution takes too long","-0.9","Service Issue","No"
"CUST-00044","customer00044@example.com","Female","23","57","Basic","Annual","UPI","309","17613","36","5","7","55","51","190.03","Excellent issue resolution and friendly support team","0","Service Issue","No"
"CUST-00045","customer00045@example.com","Female","62","34","Basic","Monthly","UPI","518","17612","34","7","15","80","36","316.81","Signal issues keep affecting daily usage","-0.5","Network Issue","Yes"
"CUST-00046","customer00046@example.com","Female","29","61","Standard","Monthly","AutoPay",,"50813","96","6","17","5","98","359.45","Billing feels expensive for the value received","-0.857","Pricing Issue","Yes"
"CUST-00047","customer00047@example.com","Female","40","66","Basic","Monthly","AutoPay","550","36300","70","2","23","23","81","205.29","Too many disconnects and latency problems","0","Network Issue","No"
"CUST-00048","customer00048@example.com","Female","42","1","Basic","Monthly","AutoPay","511","511","52","0","29","24","48","179.49","Satisfied with pricing and product value","0.5","Pricing Issue","No"
"CUST-00049","customer00049@example.com","Male","63","22","Standard","Quarterly","Card","600","13200","18","7","15","80","23","356.49","Great support and reliable network experience","0","Network Issue","Yes"
"CUST-00050","customer00050@example.com","Female","39","22","Standard","Monthly","UPI","722","15884","35","3","30","81","32","328.40","Happy with the service quality and quick response","0.75","Service Issue","No"
"CUST-00051","customer00051@example.com","Female","70","72","platinum","Quarterly","NetBanking","1492","107424","58","7","1","23","76","627.23","The plan cost feels high compared with competitors","0","Pricing Issue","No"
"CUST-00052","customer00052@example.com","male","44","65","Enterprise","Quarterly","UPI","1293","84045","65","2","24","28","76","477.20","Frequent network outages and unstable connectivity","-0.5","Network Issue","Yes"
"CUST-00053","customer00053@example.com","Female","36","18","Standard","Quarterly","UPI","714","12852","78","3","21","36","65","288.99","Customer service quality dropped after onboarding","-0.5","Service Issue","No"
"CUST-00054","customer00054@example.com","Male","27","2","Premium","Monthly","Card","1076","2152","73","1","1","36","57","377.69","Agents are not proactive and service follow-up is poor","-0.333","Service Issue","Yes"
"CUST-00055","customer00055@example.com","Male","37","25","Standard","Quarterly","Card","768","19200","91","3","18","55","70","303.58","Great support and reliable network experience","0","Network Issue","Yes"
"CUST-00056","customer00056@example.com","Male","69","43","Enterprise","Quarterly","Card","1306","56158","72","4","13","43","69","515.89","Smooth onboarding and very helpful account manager","0.857","Service Issue","Yes"
"CUST-00057","customer00057@example.com","Female","58","25","Standard","Annual","NetBanking","801","20025","8","3","9","75","19","356.81",,"-0.5","Network Issue","Yes"
"CUST-00058","customer00058@example.com","Male","34","57","Basic","Annual","NetBanking","472","26904",,"0","13","11","90","125.95","Excellent issue resolution and friendly support team","0","Service Issue","No"
"CUST-00059","customer00059@example.com","Male","65","32","Standard","Annual","UPI","777","24864","66","5","21","2","72","342.99","Monthly charges are too high and pricing is confusing","0","Pricing Issue","Yes"
"CUST-00060","customer00060@example.com","Male","26","28","Basic","Quarterly","NetBanking","297","8316","54","3","25","49","52","154.39","Internet speed dropped and network quality is poor","-1","Network Issue","Yes"
"CUST-00061","customer00061@example.com","Female","48","16","Enterprise","Annual","NetBanking","1459","23344","22","1","6","27","36","539.14","Billing feels expensive for the value received","-0.857","Pricing Issue","Yes"
"CUST-00062","customer00062@example.com","Male","38","60","Standard","Annual","NetBanking","670","40200","56","0",,"57","63","230.38","Satisfied with pricing and product value","0.5","Pricing Issue","No"
"CUST-00063","customer00063@example.com","Female","35","72","Enterprise","Quarterly","AutoPay","1466","105552","100","0","24","62","90","492.88","Customer service quality dropped after onboarding","-0.5","Service Issue","Yes"
"CUST-00064","customer00064@example.com","Female","62","32","Basic","Quarterly","UPI","490","15680","79","5","12","65","63","243.34","Great support and reliable network experience","0","Network Issue","Yes"
"CUST-00065","customer00065@example.com","female","25","22","Basic","Quarterly","AutoPay","408","8976","47","0","18","18","54","133.64","Customer service quality dropped after onboarding","-0.5","Service Issue","Yes"
"CUST-00066","customer00066@example.com","Female","38","4","Basic","Monthly","UPI","329","1316","80","7","11","75","52","227.77","Smooth onboarding and very helpful account manager","0.857","Service Issue","Yes"
"CUST-00067","customer00067@example.com","Male","46","5","Premium","Quarterly","AutoPay","1085","5425","18","3","25","24","31","454.21","Support response is slow and issue resolution takes too long","-0.9","Service Issue","Yes"
"CUST-00068","customer00068@example.com","Female","52","17","platinum","Monthly","Card","1378","23426","23","2","29","68","27","549.79","Agents are not proactive and service follow-up is poor","-0.333","Service Issue","Yes"
"CUST-00069","customer00069@example.com","Female","30","51","Standard","Annual","NetBanking",,"33099","98","4","30","42","86","274.04","Happy with the service quality and quick response","0.75","Service Issue","Yes"
"CUST-00070","customer00070@example.com","Female","22","30","Premium","Annual","Card","1092","32760","27","5","8","33","42","476.54","Customer service quality dropped after onboarding","-0.5","Service Issue","Yes"
"CUST-00071","customer00071@example.com","Female","66","65","Premium","Annual","NetBanking","894","58110","42","2","19","56","57","349.03","Support response is slow and issue resolution takes too long","-0.9","Service Issue","No"
"CUST-00072","customer00072@example.com","Female","27","16","Premium","Quarterly","AutoPay","1007","16112","57","6","21","16","58","454.53","The plan cost feels high compared with competitors","0","Pricing Issue","No"
"CUST-00073","customer00073@example.com","Female","34","7","Standard","Annual","NetBanking","766","5362","38","3","17","22","43","324.13","Internet speed dropped and network quality is poor","-1","Network Issue","Yes"
"CUST-00074","customer00074@example.com","Male",,"53","Premium","Quarterly","NetBanking","963","51039","46","4","18","35","60","404.44","The plan cost feels high compared with competitors","0","Pricing Issue","Yes"
"CUST-00075","customer00075@example.com","Female","62","35","Enterprise","Monthly","UPI","1408","49280","67","5","2","37","65","567.06","Monthly charges are too high and pricing is confusing","0","Pricing Issue","Yes"
"CUST-00076","customer00076@example.com","Female","52","26","Premium","Quarterly","NetBanking","938","24388","15","1","7","40","32","356.95",,"0","Service Issue","Yes"
"CUST-00077","customer00077@example.com","Male","70","31","Standard","Annual","Card","630","19530","34","3","25","27","48","278.45","Frequent network outages and unstable connectivity","-0.5","Network Issue","No"
"CUST-00078","customer00078@example.com","male","61","27","Standard","Annual","AutoPay","694","18738","29","5","17","35","42","338.23","Monthly charges are too high and pricing is confusing","0","Pricing Issue","Yes"
"CUST-00079","customer00079@example.com","Female","58","48","Enterprise","Monthly","AutoPay","1537","73776","30","5","2","67","42","636.86","Customer service quality dropped after onboarding","-0.5","Service Issue","Yes"
"CUST-00080","customer00080@example.com","Female","70","16","Standard","Annual","AutoPay","539","8624","45","1","12","72","37","210.54","Support response is slow and issue resolution takes too long","-0.9","Service Issue","Yes"
"CUST-00081","customer00081@example.com","Female","37","71","Standard","Quarterly","UPI","528","37488","61","3","8","35","75","213.60","Great support and reliable network experience","0","Network Issue","No"
"CUST-00082","customer00082@example.com","Male","26","51","Standard","Quarterly","UPI","635",,"43","7","6","88","44","348.34","The plan cost feels high compared with competitors","0","Pricing Issue","No"
"CUST-00083","customer00083@example.com","Female","57","28","Basic","Annual","UPI","372","10416","100","2","24","78","70","146.80","Excellent issue resolution and friendly support team","0","Service Issue","Yes"
"CUST-00084","customer00084@example.com","Female","31","24","Enterprise","Monthly","Card","1400","33600","46","2","22","25","52","530.78","Too many disconnects and latency problems","0","Network Issue","Yes"
"CUST-00085","customer00085@example.com","Female","49","53","gold","Monthly","AutoPay","948","50244","21","3","13","89","33","403.75","Customer service quality dropped after onboarding","-0.5","Service Issue","Yes"
"CUST-00086","customer00086@example.com","Male","32","43","Basic","Monthly","Card","323","13889","46","4","10","34","57","171.20","Customer service quality dropped after onboarding","-0.5","Service Issue","Yes"
"CUST-00087","customer00087@example.com","Male","47","62","Basic","Annual","UPI","477","29574",,"0","7","4","80","133.87","Frequent network outages and unstable connectivity","-0.5","Network Issue","No"
"CUST-00088","customer00088@example.com","Male","60","24","Basic","Quarterly","AutoPay","425","10200","31","4","5","69","33","224.49","Signal issues keep affecting daily usage","-0.5","Network Issue","Yes"
"CUST-00089","customer00089@example.com","Male","24","64","Basic","Quarterly","NetBanking","316","20224","65","2","17","51","70","127.33","Great support and reliable network experience","0","Network Issue","Yes"
"CUST-00090","customer00090@example.com","Male","44","7","Enterprise","Monthly","UPI","1404","9828","100","2","16","81","62","518.42","Great support and reliable network experience","0","Network Issue","No"
"CUST-00091","customer00091@example.com","male","61","12","Basic","Monthly","Card","282","3384","40","3","14","29","44","148.02","Excellent issue resolution and friendly support team","0","Service Issue","No"
"CUST-00092","customer00092@example.com","Female","42","4","Enterprise","Annual","AutoPay",,"5968","37","4","23","14","43","605.91","Price increase without enough added features","0","Pricing Issue","Yes"
"CUST-00093","customer00093@example.com","Female","64","13","Enterprise","Monthly","Card","1459","18967","50","1",,"80","37","547.20","Agents are not proactive and service follow-up is poor","-0.333","Service Issue","Yes"
"CUST-00094","customer00094@example.com","Female","63","31","Premium","Quarterly","UPI","1073","33263","26","5","14","78","31","484.12","Agents are not proactive and service follow-up is poor","-0.333","Service Issue","Yes"
"CUST-00095","customer00095@example.com","Female","24","29","Premium","Quarterly","NetBanking","1021","29609","91","6","23","72","67","454.77",,"0.5","Pricing Issue","Yes"
"CUST-00096","customer00096@example.com","Male","34","1","Enterprise","Quarterly","NetBanking","1475","1475","97","5","27","58","64","601.09","Happy with the service quality and quick response","0.75","Service Issue","No"
"CUST-00097","customer00097@example.com","Male","55","66","Premium","Quarterly","NetBanking","828","54648","88","3","30","46","85","323.74","Frequent network outages and unstable connectivity","-0.5","Network Issue","Yes"
"CUST-00098","customer00098@example.com","Male","51","71","Premium","Annual","Card","1093","77603","75","6","6","44","80","465.06","Excellent issue resolution and friendly support team","0","Service Issue","Yes"
"CUST-00099","customer00099@example.com","Male","48","32","Standard","Quarterly","NetBanking","743","23776","60","7","22","85","48","390.22","Smooth onboarding and very helpful account manager","0.857","Service Issue","Yes"
"CUST-00100","customer00100@example.com","Female","38","20","Basic","Monthly","AutoPay","467","9340","43","6","11","45","44","267.87","Frustrated with repeated support delays","-1","Service Issue","Yes"
"CUST-00101","customer00101@example.com","Male","39","70","Enterprise","Monthly","NetBanking","1265","88550","36","4","16","5","68","506.80","Price increase without enough added features","0","Pricing Issue","No"
"CUST-00102","customer00102@example.com","Female","66","5","gold","Annual","NetBanking","849","4245","53","1","17","40","46","315.19","Satisfied with pricing and product value","0.5","Pricing Issue","No"
"CUST-00103","customer00103@example.com","Male","45","15","Standard","Annual","UPI","726","10890","81","2","15","89","53","283.77","Satisfied with pricing and product value","0.5","Pricing Issue","No"
"CUST-00104","customer00104@example.com","male","34","65","Basic","Quarterly","UPI","307","19955","39","5","16","32","61","185.80","Price increase without enough added features","0","Pricing Issue","No"
"CUST-00105","customer00105@example.com","Male","35","16","Basic","Quarterly","Card","483","7728","34","7","9","37","40","293.83","Frequent network outages and unstable connectivity","-0.5","Network Issue","Yes"
"CUST-00106","customer00106@example.com","Female","55","13","Basic","Quarterly","NetBanking","321","4173","61","0","1","1","63","83.51","Frustrated with repeated support delays","-1","Service Issue","No"
"CUST-00107","customer00107@example.com","Female","56","11","Basic","Annual","AutoPay","386","4246","13","2","15","44","25","185.29","Frustrated with repeated support delays","-1","Service Issue","Yes"
"CUST-00108","customer00108@example.com","Male","49","56","Standard","Monthly","Card","574","32144","87","5","15","55","79","264.51","Happy with the service quality and quick response","0.75","Service Issue","No"
"CUST-00109","customer00109@example.com","Female","51","71","Basic","Quarterly","NetBanking","430","30530","53","7","2","51","66","254.86","Customer service quality dropped after onboarding","-0.5","Service Issue","Yes"
"CUST-00110","customer00110@example.com","Female","50","16","Basic","Monthly","UPI","419","6704","57","7","20","41","52","266.30","Happy with the service quality and quick response","0.75","Service Issue","Yes"
"CUST-00111","customer00111@example.com","Male",,"8","Basic","Annual","UPI","293","2344","19","2","21","38","29","151.21","Smooth onboarding and very helpful account manager","0.857","Service Issue","Yes"
"CUST-00112","customer00112@example.com","Female","37","59","Basic","Monthly","Card","414","24426","90","4","17","56","81","188.21","Satisfied with pricing and product value","0.5","Pricing Issue","No"
"CUST-00113","customer00113@example.com","Male","37","26","Basic","Monthly","Card","442","11492","84","3","17","58","66","189.71","Excellent issue resolution and friendly support team","0","Service Issue","No"
"CUST-00114","customer00114@example.com","Male","69","39","Basic","Monthly","UPI","557","21723","50","4","17","19","61","254.41",,"0","Network Issue","Yes"
"CUST-00115","customer00115@example.com","Female","22","25","Basic","Monthly","Card",,"11750","36","2","1","72","36","200.53","Price increase without enough added features","0","Pricing Issue","Yes"
"CUST-00116","customer00116@example.com","Male","69","25","Basic","Quarterly","NetBanking","308","7700",,"4","15","3","52","170.35","Excellent issue resolution and friendly support team","0","Service Issue","Yes"
"CUST-00117","customer00117@example.com","female","61","25","Premium","Annual","NetBanking","931","23275","32","7","7","77","32","462.99","Support response is slow and issue resolution takes too long","-0.9","Service Issue","Yes"
"CUST-00118","customer00118@example.com","Female","52","61","Standard","Quarterly","UPI","729","44469","67","6","5","48","71","340.23","Great support and reliable network experience","0","Network Issue","Yes"
"CUST-00119","customer00119@example.com","Female","34","43","platinum","Monthly","NetBanking","1265","54395","65","1","21","9","74","446.87","Satisfied with pricing and product value","0.5","Pricing Issue","No"
"CUST-00120","customer00120@example.com","Male","23","65","Premium","Monthly","Card","930","60450","38","2","19","11","66","353.19","Support response is slow and issue resolution takes too long","-0.9","Service Issue","Yes"
"CUST-00121","customer00121@example.com","Male","63","29","Premium","Quarterly","Card","894","25926","29","7","5","39","41","440.23","Customer service quality dropped after onboarding","-0.5","Service Issue","No"
"CUST-00122","customer00122@example.com","Male","46","14","Standard","Annual","Card","562","7868","76","0","9","68","55","183.07","Excellent issue resolution and friendly support team","0","Service Issue","Yes"
"CUST-00123","customer00123@example.com","Female","37","67","Standard","Monthly","AutoPay","736",,"56","1","16","22","74","256.98","Price increase without enough added features","0","Pricing Issue","No"
"CUST-00124","customer00124@example.com","Female","26","29","Basic","Annual","AutoPay","493","14297","74","5",,"7","74","237.94","Billing feels expensive for the value received","-0.857","Pricing Issue","Yes"
"CUST-00125","customer00125@example.com","Female","65","20","Enterprise","Annual","Card","1413","28260","65","2","2","3","67","510.40","The plan cost feels high compared with competitors","0","Pricing Issue","No"
"CUST-00126","customer00126@example.com","Male","64","21","Standard","Quarterly","UPI","666","13986","20","0","27","40","33","250.43","Frustrated with repeated support delays","-1","Service Issue","Yes"
"CUST-00127","customer00127@example.com","Male","57","18","Basic","Annual","Card","488","8784","48","5","8","28","51","249.56","Smooth onboarding and very helpful account manager","0.857","Service Issue","No"
"CUST-00128","customer00128@example.com","Female","35","68","Basic","Monthly","UPI","557","37876","96","3","2","13","98","198.50","Customer service quality dropped after onboarding","-0.5","Service Issue","No"
"CUST-00129","customer00129@example.com","Female","49","41","Basic","Quarterly","AutoPay","334","13694","75","2","0","40","71","120.96","Price increase without enough added features","0","Pricing Issue","No"
"CUST-00130","customer00130@example.com","male","62","1","Basic","Monthly","NetBanking","325","325","60","1","13","68","41","128.29","Happy with the service quality and quick response","0.75","Service Issue","No"
"CUST-00131","customer00131@example.com","Female","25","49","Standard","Monthly","UPI","590","28910","61","2","19","37","66","228.41","Happy with the service quality and quick response","0.75","Service Issue","No"
"CUST-00132","customer00132@example.com","Male","25","41","Standard","Annual","AutoPay","754","30914","68","0","22","11","74","244.80","Happy with the service quality and quick response","0.75","Service Issue","Yes"
"CUST-00133","customer00133@example.com","Female","31","23","Basic","Monthly","AutoPay","327","7521","54","2","8","42","52","137.06",,"0","Network Issue","No"
"CUST-00134","customer00134@example.com","Male","39","29","Standard","Monthly","AutoPay","763","22127","55","1","0","37","56","268.84","Price increase without enough added features","0","Pricing Issue","Yes"
"CUST-00135","customer00135@example.com","Female","53","32","Premium","Quarterly","NetBanking","913","29216","59","1","20","15","65","326.02","Happy with the service quality and quick response","0.75","Service Issue","No"
"CUST-00136","customer00136@example.com","Male","50","43","gold","Quarterly","AutoPay","1040","44720","55","3","14","86","49","421.50","Frequent network outages and unstable connectivity","-0.5","Network Issue","Yes"
"CUST-00137","customer00137@example.com","Female","46","27","Basic","Quarterly","NetBanking","318","8586","23","5","25","12","44","204.75","Internet speed dropped and network quality is poor","-1","Network Issue","Yes"
"CUST-00138","customer00138@example.com","Male","67","19","Enterprise","Quarterly","UPI",,"28405","41","2","17","44","43","570.19","Support response is slow and issue resolution takes too long","-0.9","Service Issue","Yes"
"CUST-00139","customer00139@example.com","Female","37","32","Basic","Annual","AutoPay","395","12640","54","2","3","61","51","161.73","Too many disconnects and latency problems","0","Network Issue","No"
"CUST-00140","customer00140@example.com","Male","34","54","Basic","Annual","Card","379","20466","52","2","23","0","72","149.37","Great support and reliable network experience","0","Network Issue","No"
"CUST-00141","customer00141@example.com","Male","69","1","Enterprise","Annual","NetBanking","1227","1227","100","4","23","16","76","480.03","Great support and reliable network experience","0","Network Issue","Yes"
"CUST-00142","customer00142@example.com","Female","26","6","Basic","Monthly","NetBanking","412","2472","68","1","22","23","59","148.86","Satisfied with pricing and product value","0.5","Pricing Issue","Yes"
"CUST-00143","customer00143@example.com","female","27","26","Premium","Quarterly","Card","1011","26286","23","1","30","47","35","393.56","Price increase without enough added features","0","Pricing Issue","Yes"
"CUST-00144","customer00144@example.com","Female","64","62","Enterprise","Annual","NetBanking","1433","88846","66","0","22","55","69","497.02","Customer service quality dropped after onboarding","-0.5","Service Issue","No"
"CUST-00145","customer00145@example.com","Female","52","27","Premium","Quarterly","AutoPay","1052","28404",,"7","21","75","55","493.91","Support response is slow and issue resolution takes too long","-0.9","Service Issue","Yes"
"CUST-00146","customer00146@example.com","Female","25","5","Basic","Monthly","AutoPay","491","2455","89","5","14","28","69","235.78","Happy with the service quality and quick response","0.75","Service Issue","No"
"CUST-00147","customer00147@example.com","Male","62","38","Basic","Quarterly","Card","343","13034","47","2","4","17","60","135.42","The plan cost feels high compared with competitors","0","Pricing Issue","No"
"CUST-00148","customer00148@example.com","Female",,"33","Enterprise","Annual","Card","1464","48312","56","1","30","38","58","536.72","Smooth onboarding and very helpful account manager","0.857","Service Issue","Yes"
"CUST-00149","customer00149@example.com","Male","64","68","Basic","Quarterly","UPI","462","31416","76","6","1","20","86","229.43","Support response is slow and issue resolution takes too long","-0.9","Service Issue","No"
"CUST-00150","customer00150@example.com","Male","46","67","Standard","Quarterly","UPI","564","37788","34","1","13","45","56","209.93","Agents are not proactive and service follow-up is poor","-0.333","Service Issue","Yes"
"CUST-00151","customer00151@example.com","Female","29","69","Standard","Quarterly","AutoPay","680","46920","40","0","12","29","64","225.94","Happy with the service quality and quick response","0.75","Service Issue","No"
"CUST-00152","customer00152@example.com","Male","53","23","Enterprise","Monthly","Card","1280","29440","11","3","26","31","31","526.90",,"0.75","Service Issue","No"
"CUST-00153","customer00153@example.com","Male","53","8","platinum","Quarterly","NetBanking","1390","11120","97","5","0","23","75","545.98","Frustrated with repeated support delays","-1","Service Issue","No"
"CUST-00154","customer00154@example.com","Female","41","56","Standard","Annual","UPI","569","31864","34","2","22","3","63","226.58","Great support and reliable network experience","0","Network Issue","Yes"
"CUST-00155","customer00155@example.com","Male","63","46","Standard","Annual","AutoPay","566","26036","91","1",,"7","89","183.41","Agents are not proactive and service follow-up is poor","-0.333","Service Issue","No"
"CUST-00156","customer00156@example.com","female","23","48","Basic","Quarterly","Card","489","23472","92","0","3","9","90","125.21","Great support and reliable network experience","0","Network Issue","No"
"CUST-00157","customer00157@example.com","Female","51","28","Basic","Monthly","AutoPay","557","15596","77","3","10","41","67","226.32","Price increase without enough added features","0","Pricing Issue","Yes"
"CUST-00158","customer00158@example.com","Female","49","63","Standard","Annual","UPI","645","40635","97","5","20","90","78","294.96","Signal issues keep affecting daily usage","-0.5","Network Issue","Yes"
"CUST-00159","customer00159@example.com","Male","68","49","Premium","Quarterly","AutoPay","987","48363","96","1","20","82","74","347.18","The plan cost feels high compared with competitors","0","Pricing Issue","Yes"
"CUST-00160","customer00160@example.com","Female","50","24","Standard","Annual","UPI","753","18072","66","5","12","18","65","334.68","Happy with the service quality and quick response","0.75","Service Issue","No"
"CUST-00161","customer00161@example.com","Female","29","72","Premium","Quarterly","NetBanking",,"67032","37","1","2","7","69","324.48","The plan cost feels high compared with competitors","0","Pricing Issue","Yes"
"CUST-00162","customer00162@example.com","Female","44","19","Basic","Quarterly","UPI","296","5624","85","0","9","41","68","75.43","Frustrated with repeated support delays","-1","Service Issue","No"
"CUST-00163","customer00163@example.com","Male","24","65","Standard","Monthly","AutoPay","532","34580","11","2","30","53","41","239.54","The plan cost feels high compared with competitors","0","Pricing Issue","Yes"
"CUST-00164","customer00164@example.com","Male","51","60","Basic","Monthly","Card","383",,"26","2","24","90","38","184.88","The plan cost feels high compared with competitors","0","Pricing Issue","No"
"CUST-00165","customer00165@example.com","Female","26","29","Enterprise","Monthly","NetBanking","1394","40426","83","6","21","36","72","583.31","Support response is slow and issue resolution takes too long","-0.9","Service Issue","Yes"
"CUST-00166","customer00166@example.com","Male","58","31","Basic","Annual","Card","268","8308","68","2","19","84","52","123.51","Agents are not proactive and service follow-up is poor","-0.333","Service Issue","No"
"CUST-00167","customer00167@example.com","Male","43","38","Premium","Monthly","NetBanking","815","30970","47","3","12","2","64","324.14","Satisfied with pricing and product value","0.5","Pricing Issue","No"
"CUST-00168","customer00168@example.com","Male","36","44","Basic","Monthly","UPI","348","15312","20","6","2","44","40","227.02","Frustrated with repeated support delays","-1","Service Issue","No"
"CUST-00169","customer00169@example.com","male","28","44","Premium","Annual","NetBanking","1011","44484","58","4","6","82","52","422.02","Internet speed dropped and network quality is poor","-1","Network Issue","Yes"
"CUST-00170","customer00170@example.com","Female","58","39","pro","Monthly","UPI","721","28119","90","0","6","24","82","216.60","Too many disconnects and latency problems","0","Network Issue","No"
"CUST-00171","customer00171@example.com","Female","37","21","Standard","Monthly","UPI","708","14868","75","0","8","82","53","237.68",,"0","Service Issue","No"
"CUST-00172","customer00172@example.com","Male","52","68","Enterprise","Annual","Card","1416","96288","82","4","21","15","90","543.67","Frustrated with repeated support delays","-1","Service Issue","No"
"CUST-00173","customer00173@example.com","Male","31","26","Basic","Monthly","Card","574","14924","77","5","28","49","64","280.62","Excellent issue resolution and friendly support team","0","Service Issue","Yes"
"CUST-00174","customer00174@example.com","Female","47","38","Basic","Quarterly","UPI","453","17214",,"0","22","78","73","137.56","Great support and reliable network experience","0","Network Issue","No"
"CUST-00175","customer00175@example.com","Male","68","69","Standard","Monthly","UPI","590","40710","47","5","15","3","74","275.45","Internet speed dropped and network quality is poor","-1","Network Issue","No"
"CUST-00176","customer00176@example.com","Female","44","71","Standard","Quarterly","AutoPay","543","38553","25","0","5","28","57","179.67","Smooth onboarding and very helpful account manager","0.857","Service Issue","No"
"CUST-00177","customer00177@example.com","Female","46","66","Enterprise","Quarterly","AutoPay","1339","88374","67","0","9","75","66","459.61","Excellent issue resolution and friendly support team","0","Service Issue","No"
"CUST-00178","customer00178@example.com","Female","64","19","Premium","Annual","NetBanking","1139","21641","46","7","0","7","55","511.30","Satisfied with pricing and product value","0.5","Pricing Issue","No"
"CUST-00179","customer00179@example.com","Female","31","34","Basic","Annual","NetBanking","291","9894","28","2","16","68","35","145.76","Signal issues keep affecting daily usage","-0.5","Network Issue","Yes"
"CUST-00180","customer00180@example.com","Female","56","15","Basic","Annual","NetBanking","456","6840","100","2","26","48","73","173.28","Smooth onboarding and very helpful account manager","0.857","Service Issue","No"
"CUST-00181","customer00181@example.com","Female","64","16","Standard","Annual","Card","616","9856","82","7","25","70","58","334.43","Happy with the service quality and quick response","0.75","Service Issue","Yes"
"CUST-00182","customer00182@example.com","female","32","43","Standard","Monthly","Card","722","31046","93","0","19","30","84","223.33","Frustrated with repeated support delays","-1","Service Issue","Yes"
"CUST-00183","customer00183@example.com","Female","69","69","Standard","Monthly","AutoPay","562","38778","71","1","28","30","81","195.00","Frustrated with repeated support delays","-1","Service Issue","No"
"CUST-00184","customer00184@example.com","Male","40","51","Premium","Quarterly","Card",,"52224","69","4","29","30","73","420.11","Billing feels expensive for the value received","-0.857","Pricing Issue","Yes"
"CUST-00185","customer00185@example.com","Female",,"1","Standard","Monthly","NetBanking","631","631","81","7","21","60","55","338.43","Frustrated with repeated support delays","-1","Service Issue","Yes"
"CUST-00186","customer00186@example.com","Female","45","26","Basic","Annual","NetBanking","419","10894","74","3",,"28","68","170.98","Satisfied with pricing and product value","0.5","Pricing Issue","No"
"CUST-00187","customer00187@example.com","Female","24","46","starter","Quarterly","Card","295","13570","74","5","2","4","81","152.98","Customer service quality dropped after onboarding","-0.5","Service Issue","No"
"CUST-00188","customer00188@example.com","Male","64","4","Basic","Monthly","AutoPay","508","2032","83","0","16","78","53","168.18","Internet speed dropped and network quality is poor","-1","Network Issue","No"
"CUST-00189","customer00189@example.com","Female","48","1","Standard","Monthly","Card","575","575","33","7","25","17","39","334.15","Excellent issue resolution and friendly support team","0","Service Issue","Yes"
"CUST-00190","customer00190@example.com","Female","50","13","Enterprise","Quarterly","NetBanking","1404","18252","33","3","23","13","44","556.37",,"-1","Service Issue","Yes"
"CUST-00191","customer00191@example.com","Male","30","18","Basic","Annual","UPI","330","5940","20","0","28","50","30","132.96","Signal issues keep affecting daily usage","-0.5","Network Issue","No"
"CUST-00192","customer00192@example.com","Male","69","8","Standard","Monthly","AutoPay","781","6248","65","4","15","11","61","330.11","The plan cost feels high compared with competitors","0","Pricing Issue","Yes"
"CUST-00193","customer00193@example.com","Female","53","42","Basic","Annual","UPI","527","22134","35","3","7","49","47","234.27","Smooth onboarding and very helpful account manager","0.857","Service Issue","No"
"CUST-00194","customer00194@example.com","Female","44","7","Standard","Monthly","Card","729","5103","66","2","3","67","47","281.91","Smooth onboarding and very helpful account manager","0.857","Service Issue","Yes"
"CUST-00195","customer00195@example.com","male","24","68","Standard","Monthly","UPI","584","39712","100","5","12","77","85","263.08","Frustrated with repeated support delays","-1","Service Issue","Yes"
"CUST-00196","customer00196@example.com","Male","52","60","Basic","Annual","AutoPay","582","34920","89","7","1","60","80","295.17","Agents are not proactive and service follow-up is poor","-0.333","Service Issue","Yes"
"CUST-00197","customer00197@example.com","Male","68","36","Standard","Quarterly","UPI","761","27396","82","4","13","41","72","315.47","Customer service quality dropped after onboarding","-0.5","Service Issue","Yes"
"CUST-00198","customer00198@example.com","Female","45","44","Basic","Monthly","UPI","337","14828","98","1","26","60","79","111.10","Agents are not proactive and service follow-up is poor","-0.333","Service Issue","No"
"CUST-00199","customer00199@example.com","Male","40","19","Premium","Monthly","AutoPay","1051","19969","82","4","11","2","76","412.47","Satisfied with pricing and product value","0.5","Pricing Issue","No"
"CUST-00200","customer00200@example.com","Female","54","39","Premium","Annual","Card","926","36114","59","3","22","74","53","380.70","Great support and reliable network experience","0","Network Issue","Yes"
"CUST-00201","customer00201@example.com","Female","38","38","Enterprise","Quarterly","UPI","1231","46778","68","0","10","3","75","408.54","Monthly charges are too high and pricing is confusing","0","Pricing Issue","No"
"CUST-00202","customer00202@example.com","Male","62","18","Premium","Annual","Card","1068","19224","78","5","21","69","57","460.35","Support response is slow and issue resolution takes too long","-0.9","Service Issue","Yes"
"CUST-00203","customer00203@example.com","Female","33","63","Basic","Annual","Card","495","31185",,"2","27","19","53","212.77","Support response is slow and issue resolution takes too long","-0.9","Service Issue","Yes"
"CUST-00204","customer00204@example.com","Male","37","14","pro","Annual","Card","708","9912","26","2","28","81","24","310.20","Smooth onboarding and very helpful account manager","0.857","Service Issue","Yes"
"CUST-00205","customer00205@example.com","Male","60","28","Premium","Annual","UPI","836",,"20","1","26","12","43","321.10","Agents are not proactive and service follow-up is poor","-0.333","Service Issue","No"
"CUST-00206","customer00206@example.com","Male","65","4","Standard","Quarterly","AutoPay","640","2560","25","7","24","90","18","377.98","Monthly charges are too high and pricing is confusing","0","Pricing Issue","Yes"
"CUST-00207","customer00207@example.com","Male","54","52","Basic","Quarterly","AutoPay",,"30160","68","5","6","53","67","271.46","The plan cost feels high compared with competitors","0","Pricing Issue","Yes"
"CUST-00208","customer00208@example.com","female","33","43","Basic","Quarterly","NetBanking","446","19178","82","5","27","17","81","220.75","Satisfied with pricing and product value","0.5","Pricing Issue","Yes"
"CUST-00209","customer00209@example.com","Male","25","34","Standard","Quarterly","AutoPay","656","22304","100","5","0","13","89","273.16",,"0.5","Pricing Issue","No"
"CUST-00210","customer00210@example.com","Male","49","26","Standard","Quarterly","AutoPay","785","20410","93","7","11","31","78","370.91","Support response is slow and issue resolution takes too long","-0.9","Service Issue","No"
"CUST-00211","customer00211@example.com","Male","59","7","Enterprise","Quarterly","Card","1197","8379","41","0","1","34","42","417.87","Billing feels expensive for the value received","-0.857","Pricing Issue","No"
"CUST-00212","customer00212@example.com","Male","69","30","Premium","Quarterly","Card","1032","30960","60","7","17","5","67","472.67","Smooth onboarding and very helpful account manager","0.857","Service Issue","No"
"CUST-00213","customer00213@example.com","Male","56","28","Basic","Monthly","UPI","417","11676","35","5","16","16","50","230.22","Too many disconnects and latency problems","0","Network Issue","No"
"CUST-00214","customer00214@example.com","Female","22","13","Premium","Quarterly","NetBanking","874","11362","41","4","30","64","36","395.66","The plan cost feels high compared with competitors","0","Pricing Issue","Yes"
"CUST-00215","customer00215@example.com","Male","48","13","Premium","Quarterly","Card","929","12077","53","7","16","27","52","446.88","The plan cost feels high compared with competitors","0","Pricing Issue","Yes"
"CUST-00216","customer00216@example.com","Male","29","67","Premium","Monthly","UPI","1078","72226","69","6","20","25","80","466.52","Frequent network outages and unstable connectivity","-0.5","Network Issue","Yes"
"CUST-00217","customer00217@example.com","Female","25","41","Premium","Monthly","NetBanking","1050","43050","60","4",,"86","51","445.91","Great support and reliable network experience","0","Network Issue","Yes"
"CUST-00218","customer00218@example.com","Male","60","17","Premium","Annual","UPI","889","15113","59","7","15","34","55","429.89","The plan cost feels high compared with competitors","0","Pricing Issue","Yes"
"CUST-00219","customer00219@example.com","Female","64","63","Standard","Annual","Card","760","47880","60","1","14","83","59","277.88","The plan cost feels high compared with competitors","0","Pricing Issue","Yes"
"CUST-00220","customer00220@example.com","Female","47","19","Standard","Annual","NetBanking","649","12331","55","4","30","79","42","310.18","Customer service quality dropped after onboarding","-0.5","Service Issue","Yes"
"CUST-00221","customer00221@example.com","female","36","53","pro","Monthly","AutoPay","784","41552","91","7","4","14","90","358.76","Great support and reliable network experience","0","Network Issue","Yes"
"CUST-00222","customer00222@example.com","Female",,"59","Basic","Quarterly","UPI","423","24957","77","4","22","18","84","191.58","Price increase without enough added features","0","Pricing Issue","No"
"CUST-00223","customer00223@example.com","Female","46","68","Enterprise","Annual","AutoPay","1285","87380","36","0","6","59","54","449.82","Frustrated with repeated support delays","-1","Service Issue","No"
"CUST-00224","customer00224@example.com","Male","48","25","Premium","Monthly","AutoPay","1024","25600","19","4","5","37","35","438.27","Great support and reliable network experience","0","Network Issue","No"
"CUST-00225","customer00225@example.com","Female","22","6","Basic","Quarterly","NetBanking","413","2478","32","1","24","26","38","169.04","Satisfied with pricing and product value","0.5","Pricing Issue","No"
"CUST-00226","customer00226@example.com","Male","42","18","Basic","Annual","AutoPay","571","10278","28","6","1","58","32","310.79","Monthly charges are too high and pricing is confusing","0","Pricing Issue","Yes"
"CUST-00227","customer00227@example.com","Female","26","7","Basic","Annual","Card","381","2667","97","2","25","15","77","140.75","Frequent network outages and unstable connectivity","-0.5","Network Issue","Yes"
"CUST-00228","customer00228@example.com","Male","48","39","Premium","Quarterly","UPI","931","36309","44","4","1","12","60","381.57",,"-0.333","Service Issue","No"
"CUST-00229","customer00229@example.com","Male","53","55","Enterprise","Monthly","UPI","1327","72985","17","2","17","19","49","509.23","Customer service quality dropped after onboarding","-0.5","Service Issue","Yes"
"CUST-00230","customer00230@example.com","Male","53","7","Basic","Quarterly","NetBanking",,"3052","43","7","11","8","49","268.17","Signal issues keep affecting daily usage","-0.5","Network Issue","Yes"
"CUST-00231","customer00231@example.com","Male","45","45","Standard","Annual","NetBanking","823","37035","88","6","20","5","88","364.38","Frustrated with repeated support delays","-1","Service Issue","No"
"CUST-00232","customer00232@example.com","Male","30","33","Premium","Quarterly","Card","946","31218",,"1","29","33","61","346.49","Smooth onboarding and very helpful account manager","0.857","Service Issue","Yes"
"CUST-00233","customer00233@example.com","Female","46","17","Basic","Monthly","UPI","491","8347","28","3","3","28","39","222.07","Satisfied with pricing and product value","0.5","Pricing Issue","Yes"
"CUST-00234","customer00234@example.com","male","54","66","Standard","Quarterly","UPI","553","36498","57","5","4","38","70","260.02","The plan cost feels high compared with competitors","0","Pricing Issue","No"
"CUST-00235","customer00235@example.com","Male","24","36","Enterprise","Quarterly","Card","1479","53244","33","2","18","54","42","568.32","Support response is slow and issue resolution takes too long","-0.9","Service Issue","Yes"
"CUST-00236","customer00236@example.com","Female","39","41","Premium","Quarterly","NetBanking","846","34686","84","1","29","37","76","298.01","Excellent issue resolution and friendly support team","0","Service Issue","Yes"
"CUST-00237","customer00237@example.com","Female","39","71","Enterprise","Quarterly","NetBanking","1235","87685","82","1","6","5","94","413.32","Excellent issue resolution and friendly support team","0","Service Issue","No"
"CUST-00238","customer00238@example.com","Female","42","66","gold","Monthly","Card","1018","67188","21","4","27","8","58","432.87","Too many disconnects and latency problems","0","Network Issue","No"
"CUST-00239","customer00239@example.com","Male","23","51","Basic","Annual","NetBanking","564","28764","80","4","1","71","69","243.45","Too many disconnects and latency problems","0","Network Issue","Yes"
"CUST-00240","customer00240@example.com","Male","26","60","Standard","Quarterly","NetBanking","541","32460","21","4","23","42","47","268.19","Great support and reliable network experience","0","Network Issue","No"
"CUST-00241","customer00241@example.com","Female","70","39","Premium","Quarterly","UPI","946","36894","40","6","26","86","39","456.48","Monthly charges are too high and pricing is confusing","0","Pricing Issue","Yes"
"CUST-00242","customer00242@example.com","Female","39","45","Premium","Monthly","UPI","1127","50715","61","7","15","82","54","521.05","Support response is slow and issue resolution takes too long","-0.9","Service Issue","Yes"
"CUST-00243","customer00243@example.com","Male","63","58","Basic","Quarterly","Card","285","16530","47","1","8","13","68","94.18","Customer service quality dropped after onboarding","-0.5","Service Issue","No"
"CUST-00244","customer00244@example.com","Female","36","68","Premium","Annual","NetBanking","1098","74664","75","2","18","21","85","396.48","Customer service quality dropped after onboarding","-0.5","Service Issue","No"
"CUST-00245","customer00245@example.com","Male","51","57","Basic","Annual","Card","457","26049","91","5","5","81","75","220.95","Billing feels expensive for the value received","-0.857","Pricing Issue","Yes"
"CUST-00246","customer00246@example.com","Male","67","6","Basic","Annual","AutoPay","509",,"100","2","26","6","81","183.90","Frustrated with repeated support delays","-1","Service Issue","No"
"CUST-00247","customer00247@example.com","female","38","67","Premium","Quarterly","AutoPay","1021","68407","68","7","10","50","73","465.00",,"0","Service Issue","Yes"
"CUST-00248","customer00248@example.com","Female","43","1","Premium","Quarterly","NetBanking","1085","1085","82","7",,"25","64","490.77","Internet speed dropped and network quality is poor","-1","Network Issue","Yes"
"CUST-00249","customer00249@example.com","Male","40","48","Enterprise","Monthly","UPI","1411","67728","79","3","17","88","63","544.29","Customer service quality dropped after onboarding","-0.5","Service Issue","No"
"CUST-00250","customer00250@example.com","Male","53","3","Basic","Monthly","NetBanking","470","1410","100","1","12","44","70","153.82","Monthly charges are too high and pricing is confusing","0","Pricing Issue","Yes"
"CUST-00251","customer00251@example.com","Male","61","37","Standard","Quarterly","Card","658","24346","94","4","24","13","86","271.54","Too many disconnects and latency problems","0","Network Issue","Yes"
"CUST-00252","customer00252@example.com","Male","66","58","Basic","Quarterly","AutoPay","386","22388","19","0","17","72","38","145.65","Billing feels expensive for the value received","-0.857","Pricing Issue","Yes"
"CUST-00253","customer00253@example.com","Male","67","16","Basic","Annual","Card",,"5360","33","3","23","50","36","179.87","Great support and reliable network experience","0","Network Issue","Yes"
"CUST-00254","customer00254@example.com","Female","30","36","Basic","Monthly","NetBanking","576","20736","49","4","14","16","61","259.92","Price increase without enough added features","0","Pricing Issue","Yes"
"CUST-00255","customer00255@example.com","Female","23","66","starter","Annual","NetBanking","517","34122","87","7","22","34","87","277.00","Frequent network outages and unstable connectivity","-0.5","Network Issue","Yes"
"CUST-00256","customer00256@example.com","Male","44","15","Enterprise","Quarterly","UPI","1338","20070","28","6","25","0","46","586.73","Signal issues keep affecting daily usage","-0.5","Network Issue","Yes"
"CUST-00257","customer00257@example.com","Male","21","15","Standard","Monthly","UPI","755","11325","42","1","15","70","36","291.15","Internet speed dropped and network quality is poor","-1","Network Issue","Yes"
"CUST-00258","customer00258@example.com","Female","53","56","Enterprise","Quarterly","AutoPay","1514","84784","35","3","1","56","50","585.45","Satisfied with pricing and product value","0.5","Pricing Issue","Yes"
"CUST-00259","customer00259@example.com","Female",,"8","Basic","Annual","UPI","480","3840","11","3","22","76","15","250.20","The plan cost feels high compared with competitors","0","Pricing Issue","Yes"
"CUST-00260","customer00260@example.com","male","60","19","Standard","Annual","NetBanking","590","11210","29","4","18","24","42","282.14","Signal issues keep affecting daily usage","-0.5","Network Issue","Yes"
"CUST-00261","customer00261@example.com","Female","36","27","Basic","Monthly","AutoPay","448","12096",,"4","14","32","55","217.80","Excellent issue resolution and friendly support team","0","Service Issue","No"
"CUST-00262","customer00262@example.com","Female","68","9","Basic","Monthly","NetBanking","393","3537","18","1","19","39","28","168.67","Too many disconnects and latency problems","0","Network Issue","No"
"CUST-00263","customer00263@example.com","Female","47","49","Standard","Monthly","NetBanking","775","37975","40","3","8","74","46","326.34","The plan cost feels high compared with competitors","0","Pricing Issue","Yes"
"CUST-00264","customer00264@example.com","Male","69","26","Enterprise","Quarterly","Card","1364","35464","94","4","7","67","69","531.29","Smooth onboarding and very helpful account manager","0.857","Service Issue","Yes"
"CUST-00265","customer00265@example.com","Male","31","72","Enterprise","Monthly","UPI","1363","98136","42","7","22","21","68","599.86","Smooth onboarding and very helpful account manager","0.857","Service Issue","Yes"
"CUST-00266","customer00266@example.com","Male","37","49","Standard","Monthly","AutoPay","579","28371","32","2","9","12","57","227.45",,"0.5","Pricing Issue","Yes"
"CUST-00267","customer00267@example.com","Female","42","70","Basic","Monthly","UPI","501","35070","32","7","1","12","64","281.19","Frustrated with repeated support delays","-1","Service Issue","No"
"CUST-00268","customer00268@example.com","Male","38","16","Basic","Monthly","AutoPay","473","7568","45","7","4","88","33","294.22","Support response is slow and issue resolution takes too long","-0.9","Service Issue","Yes"
"CUST-00269","customer00269@example.com","Male","67","71","Standard","Monthly","AutoPay","553","39263","61","1","19","73","65","201.77","Agents are not proactive and service follow-up is poor","-0.333","Service Issue","No"
"CUST-00270","customer00270@example.com","Male","53","46","Premium","Annual","NetBanking","887","40802","55","6","25","27","65","411.77","Satisfied with pricing and product value","0.5","Pricing Issue","No"
"CUST-00271","customer00271@example.com","Male","22","66","Standard","Quarterly","Card","744","49104","64","5","13","6","82","322.55","Happy with the service quality and quick response","0.75","Service Issue","Yes"
"CUST-00272","customer00272@example.com","Male","33","68","pro","Monthly","UPI","655","44540","32","5","6","46","55","311.90","Customer service quality dropped after onboarding","-0.5","Service Issue","Yes"
"CUST-00273","customer00273@example.com","female","59","68","Standard","Quarterly","AutoPay","539","36652","48","0","24","15","71","174.60","Satisfied with pricing and product value","0.5","Pricing Issue","No"
"CUST-00274","customer00274@example.com","Female","50","8","Enterprise","Quarterly","NetBanking","1438","11504","43","7","25","20","46","639.29","Monthly charges are too high and pricing is confusing","0","Pricing Issue","Yes"
"CUST-00275","customer00275@example.com","Female","28","12","Premium","Annual","NetBanking","956","11472","39","7","24","41","40","471.54","Agents are not proactive and service follow-up is poor","-0.333","Service Issue","Yes"
"CUST-00276","customer00276@example.com","Female","56","70","Enterprise","Quarterly","UPI",,"106190","23","7","17","89","40","678.73","Frustrated with repeated support delays","-1","Service Issue","Yes"
"CUST-00277","customer00277@example.com","Male","54","57","Standard","Quarterly","AutoPay","657","37449","22","4","24","2","57","300.94","Customer service quality dropped after onboarding","-0.5","Service Issue","No"
"CUST-00278","customer00278@example.com","Male","67","56","Basic","Annual","AutoPay","533","29848","18","3","8","6","53","232.64","Monthly charges are too high and pricing is confusing","0","Pricing Issue","No"
"CUST-00279","customer00279@example.com","Female","26","36","Basic","Monthly","NetBanking","485","17460","22","7",,"75","31","313.77","Excellent issue resolution and friendly support team","0","Service Issue","Yes"
"CUST-00280","customer00280@example.com","Female","59","41","Standard","Annual","UPI","720","29520","24","1","16","4","52","267.58","Great support and reliable network experience","0","Network Issue","No"
"CUST-00281","customer00281@example.com","Female","43","15","Standard","Annual","NetBanking","654","9810","28","2","28","25","39","276.14","Agents are not proactive and service follow-up is poor","-0.333","Service Issue","No"
"CUST-00282","customer00282@example.com","Male","35","11","Basic","Annual","NetBanking","586","6446","63","7","30","86","42","340.62","Great support and reliable network experience","0","Network Issue","Yes"
"CUST-00283","customer00283@example.com","Male","43","35","Standard","Monthly","UPI","593","20755","98","6","24","70","74","296.18","Customer service quality dropped after onboarding","-0.5","Service Issue","Yes"
"CUST-00284","customer00284@example.com","Male","54","53","Basic","Quarterly","AutoPay","277","14681","52","3","6","40","62","131.08","Happy with the service quality and quick response","0.75","Service Issue","No"
"CUST-00285","customer00285@example.com","Male","45","38","Basic","Quarterly","AutoPay","323","12274","80","5","22","64","66","186.90",,"-0.9","Service Issue","Yes"
"CUST-00286","customer00286@example.com","male","26","17","Basic","Annual","AutoPay","483","8211","87","6","16","13","76","247.24","Price increase without enough added features","0","Pricing Issue","No"
"CUST-00287","customer00287@example.com","Male","63","22","Basic","Monthly","UPI","500",,"63","4","14","90","45","245.84","Monthly charges are too high and pricing is confusing","0","Pricing Issue","Yes"
"CUST-00288","customer00288@example.com","Female","24","14","Basic","Monthly","AutoPay","531","7434","94","6","6","73","63","270.46","Billing feels expensive for the value received","-0.857","Pricing Issue","Yes"
"CUST-00289","customer00289@example.com","Female","62","29","starter","Annual","UPI","508","14732","20","7","1","4","45","295.17","Satisfied with pricing and product value","0.5","Pricing Issue","No"
"CUST-00290","customer00290@example.com","Male","45","16","Basic","Quarterly","Card","444","7104",,"5","8","13","81","205.98","Price increase without enough added features","0","Pricing Issue","Yes"
"CUST-00291","customer00291@example.com","Female","28","25","Basic","Monthly","NetBanking","317","7925","81","4","23","38","69","162.89","Excellent issue resolution and friendly support team","0","Service Issue","No"
"CUST-00292","customer00292@example.com","Male","43","25","Standard","Annual","UPI","716","17900","18","6","7","85","22","376.51","Monthly charges are too high and pricing is confusing","0","Pricing Issue","Yes"
"CUST-00293","customer00293@example.com","Male","27","19","Basic","Quarterly","NetBanking","543","10317","30","6","25","85","27","319.21","Agents are not proactive and service follow-up is poor","-0.333","Service Issue","Yes"
"CUST-00294","customer00294@example.com","Female","44","50","Enterprise","Quarterly","NetBanking","1384","69200","11","4","28","65","32","586.74","Excellent issue resolution and friendly support team","0","Service Issue","Yes"
"CUST-00295","customer00295@example.com","Male","58","51","Premium","Annual","AutoPay","1105","56355","29","7","26","13","56","517.54","Signal issues keep affecting daily usage","-0.5","Network Issue","Yes"
"CUST-00296","customer00296@example.com","Male",,"9","Standard","Monthly","AutoPay","683","6147","23","6","13","51","28","360.15","Agents are not proactive and service follow-up is poor","-0.333","Service Issue","Yes"
"CUST-00297","customer00297@example.com","Female","48","2","Standard","Quarterly","Card","564","1128","72","6","15","70","48","299.73","Customer service quality dropped after onboarding","-0.5","Service Issue","Yes"
"CUST-00298","customer00298@example.com","Male","58","64","Standard","Monthly","Card","762","48768","49","2","22","22","69","291.68","Too many disconnects and latency problems","0","Network Issue","No"
"CUST-00299","customer00299@example.com","female","41","68","Basic","Monthly","AutoPay",,"32504","87","0","30","75","78","150.84","Satisfied with pricing and product value","0.5","Pricing Issue","No"
"CUST-00300","customer00300@example.com","Female","27","70","Standard","Quarterly","Card","639","44730","30","3","0","17","62","260.52","Frequent network outages and unstable connectivity","-0.5","Network Issue","Yes"
"CUST-00301","customer00301@example.com","Female","67","34","Premium","Monthly","AutoPay","1081","36754","18","7","8","13","44","507.56","Excellent issue resolution and friendly support team","0","Service Issue","Yes"
"CUST-00302","customer00302@example.com","Male","30","12","Basic","Quarterly","AutoPay","540","6480","40","7","5","69","34","317.55","Happy with the service quality and quick response","0.75","Service Issue","Yes"
"CUST-00303","customer00303@example.com","Female","33","47","Basic","Monthly","AutoPay","262","12314","16","2","1","21","45","119.45","Signal issues keep affecting daily usage","-0.5","Network Issue","No"
"CUST-00304","customer00304@example.com","Male","64","24","Standard","Annual","AutoPay","695","16680","100","4","7","76","69","289.97",,"-0.857","Pricing Issue","Yes"
"CUST-00305","customer00305@example.com","Male","33","38","Enterprise","Annual","AutoPay","1365","51870","50","5","28","47","54","576.24","Billing feels expensive for the value received","-0.857","Pricing Issue","Yes"
"CUST-00306","customer00306@example.com","Male","50","8","gold","Quarterly","Card","964","7712","46","6","0","39","43","439.96","Satisfied with pricing and product value","0.5","Pricing Issue","Yes"
"CUST-00307","customer00307@example.com","Female","22","25","Basic","Annual","NetBanking","588","14700","76","7","22","20","71","312.08","Smooth onboarding and very helpful account manager","0.857","Service Issue","Yes"
"CUST-00308","customer00308@example.com","Male","59","30","Basic","Monthly","UPI","279","8370","42","2","16","62","43","133.72","Great support and reliable network experience","0","Network Issue","Yes"
"CUST-00309","customer00309@example.com","Male","55","24","Standard","Monthly","AutoPay","682","16368","38","2","24","61","39","286.04","The plan cost feels high compared with competitors","0","Pricing Issue","Yes"
"CUST-00310","customer00310@example.com","Female","58","55","Standard","Monthly","UPI","738","40590","51","5",,"80","52","345.53","Great support and reliable network experience","0","Network Issue","No"
"CUST-00311","customer00311@example.com","Male","64","3","Premium","Monthly","AutoPay","977","2931","100","2","30","7","79","355.36","Support response is slow and issue resolution takes too long","-0.9","Service Issue","No"
"CUST-00312","customer00312@example.com","male","56","16","Basic","Annual","Card","565","9040","100","4","12","33","77","237.04","Agents are not proactive and service follow-up is poor","-0.333","Service Issue","Yes"
"CUST-00313","customer00313@example.com","Male","27","21","Standard","Quarterly","AutoPay","653","13713","74","6","17","86","52","332.29","Frequent network outages and unstable connectivity","-0.5","Network Issue","Yes"
"CUST-00314","customer00314@example.com","Female","39","20","Basic","Monthly","Card","317","6340","66","0","13","49","56","96.43","The plan cost feels high compared with competitors","0","Pricing Issue","Yes"
"CUST-00315","customer00315@example.com","Female","30","27","Basic","Annual","AutoPay","374","10098","60","6","16","72","49","233.86","Signal issues keep affecting daily usage","-0.5","Network Issue","Yes"
"CUST-00316","customer00316@example.com","Male","31","48","Premium","Monthly","NetBanking","925","44400","84","1","6","9","86","305.82","Frustrated with repeated support delays","-1","Service Issue","No"
"CUST-00317","customer00317@example.com","Female","28","63","Basic","Quarterly","NetBanking","412","25956","75","1","8","29","81","128.84","Price increase without enough added features","0","Pricing Issue","Yes"
"CUST-00318","customer00318@example.com","Female","28","62","Enterprise","Annual","AutoPay","1315","81530","60","7","2","59","65","573.50","Frequent network outages and unstable connectivity","-0.5","Network Issue","Yes"
"CUST-00319","customer00319@example.com","Male","31","50","Basic","Annual","UPI","440","22000",,"4","11","19","56","215.51","Satisfied with pricing and product value","0.5","Pricing Issue","Yes"
"CUST-00320","customer00320@example.com","Male","28","57","Standard","Quarterly","Card","632","36024","13","0","26","37","43","233.94","Customer service quality dropped after onboarding","-0.5","Service Issue","Yes"
"CUST-00321","customer00321@example.com","Female","45","70","Standard","Monthly","AutoPay","642","44940","79","5","30","47","81","296.80","Excellent issue resolution and friendly support team","0","Service Issue","No"
"CUST-00322","customer00322@example.com","Male","39","18","Basic","Quarterly","AutoPay",,"4860","82","3","21","27","70","124.99","Excellent issue resolution and friendly support team","0","Service Issue","No"
"CUST-00323","customer00323@example.com","Male","44","43","starter","Monthly","Card","477","20511","95","7","20","46","81","264.52",,"0","Pricing Issue","Yes"
"CUST-00324","customer00324@example.com","Female","27","68","Standard","Annual","UPI","733","49844","100","4","11","81","84","299.13","Price increase without enough added features","0","Pricing Issue","Yes"
"CUST-00325","customer00325@example.com","female","60","5","Premium","Monthly","NetBanking","898","4490","63","4","20","50","49","385.88","Smooth onboarding and very helpful account manager","0.857","Service Issue","Yes"
"CUST-00326","customer00326@example.com","Male","49","59","Standard","Monthly","UPI","768","45312","69","1","26","66","67","279.50","Support response is slow and issue resolution takes too long","-0.9","Service Issue","Yes"
"CUST-00327","customer00327@example.com","Female","58","26","Basic","Monthly","NetBanking","345","8970","59","0","9","44","56","105.53","Internet speed dropped and network quality is poor","-1","Network Issue","No"
"CUST-00328","customer00328@example.com","Male","67","12","Standard","Annual","Card","558",,"32","6","1","74","28","309.03","Agents are not proactive and service follow-up is poor","-0.333","Service Issue","Yes"
"CUST-00329","customer00329@example.com","Male","44","48","Premium","Monthly","AutoPay","1046","50208","76","4","25","76","65","433.91","Smooth onboarding and very helpful account manager","0.857","Service Issue","No"
"CUST-00330","customer00330@example.com","Male","26","61","Basic","Annual","UPI","495","30195","22","2","13","45","47","210.17","Smooth onboarding and very helpful account manager","0.857","Service Issue","No"
"CUST-00331","customer00331@example.com","Female","33","9","Standard","Annual","UPI","713","6417","34","5","16","41","37","346.70","Customer service quality dropped after onboarding","-0.5","Service Issue","Yes"
"CUST-00332","customer00332@example.com","Female","40","25","Premium","Annual","UPI","1006","25150","14","6","10","84","20","484.32","The plan cost feels high compared with competitors","0","Pricing Issue","Yes"
"CUST-00333","customer00333@example.com","Male",,"11","Premium","Quarterly","Card","808","8888","88","0","25","22","72","263.93","Monthly charges are too high and pricing is confusing","0","Pricing Issue","No"
"CUST-00334","customer00334@example.com","Female","49","23","Premium","Annual","UPI","1037","23851","42","5","6","12","53","444.36","Satisfied with pricing and product value","0.5","Pricing Issue","No"
"CUST-00335","customer00335@example.com","Male","55","25","Standard","Monthly","NetBanking","701","17525","79","0","26","74","59","240.42","The plan cost feels high compared with competitors","0","Pricing Issue","Yes"
"CUST-00336","customer00336@example.com","Male","52","55","Standard","Annual","UPI","803","44165","83","4","1","75","71","328.23","Customer service quality dropped after onboarding","-0.5","Service Issue","No"
"CUST-00337","customer00337@example.com","Male","29","24","Premium","Quarterly","NetBanking","996","23904","18","0","29","84","22","381.35","Satisfied with pricing and product value","0.5","Pricing Issue","Yes"
"CUST-00338","customer00338@example.com","female","53","51","Standard","Annual","NetBanking","814","41514","16","6","30","39","42","409.72","Customer service quality dropped after onboarding","-0.5","Service Issue","No"
"CUST-00339","customer00339@example.com","Male","48","19","Basic","Monthly","NetBanking","484","9196","14","1","20","37","30","201.70","Monthly charges are too high and pricing is confusing","0","Pricing Issue","No"
"CUST-00340","customer00340@example.com","Male","30","15","pro","Annual","Card","750","11250","39","2","2","61","36","299.54","The plan cost feels high compared with competitors","0","Pricing Issue","Yes"
"CUST-00341","customer00341@example.com","Male","21","24","Premium","Monthly","AutoPay","967","23208","62","7",,"63","52","469.32","Excellent issue resolution and friendly support team","0","Service Issue","Yes"
"CUST-00342","customer00342@example.com","Male","36","49","Basic","Annual","Card","385","18865","29","0","2","59","43","130.54",,"0.75","Service Issue","No"
"CUST-00343","customer00343@example.com","Male","40","20","Enterprise","Quarterly","AutoPay","1535","30700","71","5","14","25","65","617.20","Agents are not proactive and service follow-up is poor","-0.333","Service Issue","No"
"CUST-00344","customer00344@example.com","Female","26","37","Premium","Annual","NetBanking","1077","39849","36","6","4","27","51","479.74","Frequent network outages and unstable connectivity","-0.5","Network Issue","No"
"CUST-00345","customer00345@example.com","Female","45","38","Standard","Monthly","Card",,"22876","47","4","26","35","55","281.08","Customer service quality dropped after onboarding","-0.5","Service Issue","No"
"CUST-00346","customer00346@example.com","Male","52","60","Premium","Quarterly","UPI","1128","67680","69","7","12","2","83","493.86","Support response is slow and issue resolution takes too long","-0.9","Service Issue","Yes"
"CUST-00347","customer00347@example.com","Female","46","31","Standard","Quarterly","UPI","838","25978","100","6","7","89","69","379.31","Excellent issue resolution and friendly support team","0","Service Issue","Yes"
"CUST-00348","customer00348@example.com","Male","25","67","Enterprise","Monthly","Card","1475","98825",,"2","12","5","89","524.74","Customer service quality dropped after onboarding","-0.5","Service Issue","No"
"CUST-00349","customer00349@example.com","Male","30","10","Basic","Annual","NetBanking","436","4360","41","4","20","24","45","223.42","Smooth onboarding and very helpful account manager","0.857","Service Issue","Yes"
"CUST-00350","customer00350@example.com","Male","59","31","Standard","Annual","UPI","735","22785","30","6","28","44","41","377.98","Smooth onboarding and very helpful account manager","0.857","Service Issue","Yes"
"CUST-00351","customer00351@example.com","female","64","39","Enterprise","Quarterly","NetBanking","1553","60567","46","7","26","2","63","669.84","Price increase without enough added features","0","Pricing Issue","Yes"
"CUST-00352","customer00352@example.com","Female","49","44","Basic","Quarterly","AutoPay","440","19360","96","6","24","62","78","238.56","Excellent issue resolution and friendly support team","0","Service Issue","No"
"CUST-00353","customer00353@example.com","Male","66","31","Standard","Monthly","AutoPay","611","18941","52","3","3","71","47","261.07","Support response is slow and issue resolution takes too long","-0.9","Service Issue","Yes"
"CUST-00354","customer00354@example.com","Female","57","71","Basic","Quarterly","AutoPay","452","32092","70","1","30","87","67","170.32","Billing feels expensive for the value received","-0.857","Pricing Issue","No"
"CUST-00355","customer00355@example.com","Male","35","26","Standard","Quarterly","AutoPay","684","17784","68","5","7","20","66","306.21","Great support and reliable network experience","0","Network Issue","Yes"
"CUST-00356","customer00356@example.com","Male","35","16","Basic","Monthly","AutoPay","256","4096","85","2","26","10","75","99.48","Great support and reliable network experience","0","Network Issue","No"
"CUST-00357","customer00357@example.com","Female","49","51","gold","Quarterly","AutoPay","1056","53856","93","6","21","42","84","454.11","Frequent network outages and unstable connectivity","-0.5","Network Issue","Yes"
"CUST-00358","customer00358@example.com","Female","50","19","Standard","Monthly","UPI","752","14288","66","7","20","23","62","376.82","Frustrated with repeated support delays","-1","Service Issue","Yes"
"CUST-00359","customer00359@example.com","Female","69","2","Basic","Quarterly","Card","550","1100","100","6","24","13","77","271.96","Great support and reliable network experience","0","Network Issue","Yes"
"CUST-00360","customer00360@example.com","Male","33","65","Basic","Monthly","Card","342","22230","94","3","20","41","89","139.26","Signal issues keep affecting daily usage","-0.5","Network Issue","Yes"
"CUST-00361","customer00361@example.com","Female","36","52","Basic","Monthly","AutoPay","467","24284","45","4","15","28","61","223.23",,"0.857","Service Issue","No"
"CUST-00362","customer00362@example.com","Male","21","56","Enterprise","Quarterly","AutoPay","1271","71176","51","3","19","56","59","499.87","Agents are not proactive and service follow-up is poor","-0.333","Service Issue","Yes"
"CUST-00363","customer00363@example.com","Male","58","32","Basic","Monthly","UPI","255","8160","61","2","20","45","58","113.34","Frequent network outages and unstable connectivity","-0.5","Network Issue","Yes"
"CUST-00364","customer00364@example.com","female","27","48","Enterprise","Monthly","NetBanking","1290","61920","23","7","17","5","53","580.81","Billing feels expensive for the value received","-0.857","Pricing Issue","Yes"
"CUST-00365","customer00365@example.com","Male","35","62","Premium","Annual","AutoPay","912","56544","30","3","12","26","57","369.00","Billing feels expensive for the value received","-0.857","Pricing Issue","No"
"CUST-00366","customer00366@example.com","Male","45","18","Standard","Monthly","NetBanking","784","14112","25","4","5","8","43","343.17","Agents are not proactive and service follow-up is poor","-0.333","Service Issue","Yes"
"CUST-00367","customer00367@example.com","Male","52","37","Standard","Annual","AutoPay","759","28083","84","6","28","34","76","356.14","The plan cost feels high compared with competitors","0","Pricing Issue","Yes"
"CUST-00368","customer00368@example.com","Male","40","33","Basic","Monthly","UPI",,"11121","54","2","13","39","56","140.89","Frustrated with repeated support delays","-1","Service Issue","Yes"
"CUST-00369","customer00369@example.com","Male","21","67","Premium","Quarterly","NetBanking","837",,"100","4","30","64","87","343.12","Happy with the service quality and quick response","0.75","Service Issue","Yes"
"CUST-00370","customer00370@example.com","Male",,"63","Basic","Quarterly","Card","490","30870","5","1","3","3","49","182.93","Happy with the service quality and quick response","0.75","Service Issue","No"
"CUST-00371","customer00371@example.com","Male","31","54","Basic","Quarterly","AutoPay","433","23382","26","5","15","19","53","235.97","Customer service quality dropped after onboarding","-0.5","Service Issue","Yes"
"CUST-00372","customer00372@example.com","Female","27","28","Basic","Monthly","Card","405","11340","34","0",,"79","34","152.07","Too many disconnects and latency problems","0","Network Issue","Yes"
"CUST-00373","customer00373@example.com","Male","35","60","Standard","Quarterly","AutoPay","676","40560","88","6","0","74","76","314.32","Frustrated with repeated support delays","-1","Service Issue","No"
"CUST-00374","customer00374@example.com","Female","47","44","gold","Monthly","Card","1128","49632","87","5","30","79","68","480.12","Smooth onboarding and very helpful account manager","0.857","Service Issue","No"
"CUST-00375","customer00375@example.com","Female","47","14","Basic","Monthly","Card","360","5040","24","7","22","55","29","266.38","Customer service quality dropped after onboarding","-0.5","Service Issue","Yes"
"CUST-00376","customer00376@example.com","Female","52","26","Premium","Quarterly","NetBanking","1079","28054","71","7","15","58","59","496.43","Customer service quality dropped after onboarding","-0.5","Service Issue","Yes"
"CUST-00377","customer00377@example.com","female","59","17","Basic","Quarterly","Card","463","7871",,"2","19","83","38","204.99","Monthly charges are too high and pricing is confusing","0","Pricing Issue","Yes"
"CUST-00378","customer00378@example.com","Male","62","41","Standard","Annual","Card","718","29438","63","3","28","31","66","296.44","Frustrated with repeated support delays","-1","Service Issue","Yes"
"CUST-00379","customer00379@example.com","Male","47","64","Basic","Annual","UPI","397","25408","74","7","5","36","79","231.79","The plan cost feels high compared with competitors","0","Pricing Issue","No"
"CUST-00380","customer00380@example.com","Male","41","15","Basic","Annual","AutoPay","299","4485","45","0","16","28","48","97.96",,"0","Network Issue","No"
"CUST-00381","customer00381@example.com","Female","58","9","Premium","Quarterly","Card","1141","10269","49","7","12","54","42","530.20","Support response is slow and issue resolution takes too long","-0.9","Service Issue","Yes"
"CUST-00382","customer00382@example.com","Female","45","61","Premium","Quarterly","Card","896","54656","80","4","15","19","86","356.39","Agents are not proactive and service follow-up is poor","-0.333","Service Issue","No"
"CUST-00383","customer00383@example.com","Male","46","60","Basic","Quarterly","UPI","318","19080","47","2","30","9","70","134.84","Great support and reliable network experience","0","Network Issue","No"
"CUST-00384","customer00384@example.com","Male","31","62","Basic","Quarterly","AutoPay","443","27466","76","4","19","80","68","211.97","Too many disconnects and latency problems","0","Network Issue","No"
"CUST-00385","customer00385@example.com","Female","55","7","Basic","Quarterly","NetBanking","533","3731","16","3","14","35","28","252.72","Frustrated with repeated support delays","-1","Service Issue","No"
"CUST-00386","customer00386@example.com","Male","43","48","Premium","Quarterly","UPI","984","47232","78","4","2","36","76","388.34","Billing feels expensive for the value received","-0.857","Pricing Issue","Yes"
"CUST-00387","customer00387@example.com","Female","27","51","Basic","Monthly","Card","398","20298","89","5","13","32","84","194.43","Customer service quality dropped after onboarding","-0.5","Service Issue","No"
"CUST-00388","customer00388@example.com","Male","59","7","Premium","Quarterly","UPI","952","6664","90","4","4","8","75","372.58","Too many disconnects and latency problems","0","Network Issue","Yes"
"CUST-00389","customer00389@example.com","Male","69","48","Premium","Quarterly","NetBanking","1068","51264","67","2","18","1","78","388.48","Billing feels expensive for the value received","-0.857","Pricing Issue","Yes"
"CUST-00390","customer00390@example.com","female","66","68","Standard","Quarterly","Card","829","56372","49","7","0","21","70","392.74","Satisfied with pricing and product value","0.5","Pricing Issue","No"
"CUST-00391","customer00391@example.com","Male","30","19","gold","Monthly","UPI",,"20311","28","6","23","74","29","505.83","Billing feels expensive for the value received","-0.857","Pricing Issue","Yes"
"CUST-00392","customer00392@example.com","Male","35","15","Standard","Monthly","AutoPay","706","10590","22","6","9","14","39","356.77","Satisfied with pricing and product value","0.5","Pricing Issue","Yes"
"CUST-00393","customer00393@example.com","Female","62","37","Basic","Quarterly","AutoPay","401","14837","14","3","13","14","42","195.21","Frequent network outages and unstable connectivity","-0.5","Network Issue","Yes"
"CUST-00394","customer00394@example.com","Male","36","16","Premium","Monthly","Card","1039","16624","86","4","10","28","71","412.38","The plan cost feels high compared with competitors","0","Pricing Issue","No"
"CUST-00395","customer00395@example.com","Female","53","23","Enterprise","Annual","NetBanking","1179","27117","38","0","0","78","34","420.02","Price increase without enough added features","0","Pricing Issue","No"
"CUST-00396","customer00396@example.com","Female","69","70","Basic","Monthly","UPI","480","33600","14","0","12","19","52","164.36","Agents are not proactive and service follow-up is poor","-0.333","Service Issue","No"
"CUST-00397","customer00397@example.com","Male","57","19","Basic","Annual","NetBanking","506","9614","10","1","24","7","35","206.62","Too many disconnects and latency problems","0","Network Issue","Yes"
"CUST-00398","customer00398@example.com","Male","68","45","Premium","Annual","Card","1099","49455","89","2","10","80","70","403.74","Billing feels expensive for the value received","-0.857","Pricing Issue","No"
"CUST-00399","customer00399@example.com","Male","47","49","Enterprise","Monthly","UPI","1363","66787","63","6","16","48","65","578.68",,"0.75","Service Issue","Yes"
"CUST-00400","customer00400@example.com","Female","41","63","Standard","Quarterly","Card","723","45549","92","3","5","56","84","273.13","Frequent network outages and unstable connectivity","-0.5","Network Issue","No"
"CUST-00401","customer00401@example.com","Male","46","28","Enterprise","Monthly","Card","1321","36988","42","3","1","28","51","510.79","Frustrated with repeated support delays","-1","Service Issue","Yes"
"CUST-00402","customer00402@example.com","Male","59","19","Basic","Monthly","AutoPay","506","9614","55","4","19","37","53","242.57","Monthly charges are too high and pricing is confusing","0","Pricing Issue","No"
"CUST-00403","customer00403@example.com","male","40","71","Standard","Quarterly","NetBanking","549","38979","67","5",,"75","68","267.06","Satisfied with pricing and product value","0.5","Pricing Issue","No"
"CUST-00404","customer00404@example.com","Male","24","66","Basic","Monthly","AutoPay","349","23034","41","7","18","42","60","239.24","Satisfied with pricing and product value","0.5","Pricing Issue","Yes"
"CUST-00405","customer00405@example.com","Female","38","61","Basic","Quarterly","Card","314","19154","82","5","19","55","78","174.71","The plan cost feels high compared with competitors","0","Pricing Issue","Yes"
"CUST-00406","customer00406@example.com","Female","36","33","Basic","Annual","AutoPay","520","17160",,"6","6","65","65","267.66","Price increase without enough added features","0","Pricing Issue","Yes"
"CUST-00407","customer00407@example.com","Male",,"7","Basic","Quarterly","AutoPay","426","2982","74","2","14","10","66","161.20","Happy with the service quality and quick response","0.75","Service Issue","No"
"CUST-00408","customer00408@example.com","Male","52","38","platinum","Annual","Card","1384","52592","29","0","17","71","36","503.29","Price increase without enough added features","0","Pricing Issue","No"
"CUST-00409","customer00409@example.com","Male","44","52","Enterprise","Annual","UPI","1494","77688","97","4","29","29","89","574.89","Satisfied with pricing and product value","0.5","Pricing Issue","Yes"
"CUST-00410","customer00410@example.com","Male","56","29","Basic","Quarterly","NetBanking","438",,"48","5","8","19","57","227.42","Customer service quality dropped after onboarding","-0.5","Service Issue","Yes"
"CUST-00411","customer00411@example.com","Male","53","54","Standard","Monthly","UPI","617","33318","52","5","18","26","66","292.54","Price increase without enough added features","0","Pricing Issue","No"
"CUST-00412","customer00412@example.com","Male","67","42","Basic","Monthly","NetBanking","553","23226","75","2","19","40","71","210.07","Support response is slow and issue resolution takes too long","-0.9","Service Issue","Yes"
"CUST-00413","customer00413@example.com","Female","21","51","Enterprise","Quarterly","NetBanking","1515","77265","45","7","22","57","53","665.50","Internet speed dropped and network quality is poor","-1","Network Issue","Yes"
"CUST-00414","customer00414@example.com","Female","52","3","Basic","Annual","Card",,"1059","62","4","28","7","58","184.62","Signal issues keep affecting daily usage","-0.5","Network Issue","Yes"
"CUST-00415","customer00415@example.com","Male","28","49","Premium","Monthly","AutoPay","944","46256","89","3","15","17","87","352.85","Frustrated with repeated support delays","-1","Service Issue","No"
"CUST-00416","customer00416@example.com","female","38","20","Standard","Monthly","UPI","707","14140","30","1","30","4","48","271.38","Billing feels expensive for the value received","-0.857","Pricing Issue","Yes"
"CUST-00417","customer00417@example.com","Female","44","32","Standard","Quarterly","AutoPay","597","19104","32","1","1","55","40","224.91","Too many disconnects and latency problems","0","Network Issue","No"
"CUST-00418","customer00418@example.com","Female","22","50","Premium","Quarterly","Card","854","42700","34","1","22","74","43","329.30",,"0","Pricing Issue","Yes"
"CUST-00419","customer00419@example.com","Female","56","43","Basic","Monthly","UPI","554","23822","16","4","26","79","29","288.96","Billing feels expensive for the value received","-0.857","Pricing Issue","Yes"
"CUST-00420","customer00420@example.com","Female","67","57","Standard","Annual","Card","629","35853","60","4","12","19","73","269.34","Customer service quality dropped after onboarding","-0.5","Service Issue","No"
"CUST-00421","customer00421@example.com","Female","55","69","Basic","Monthly","UPI","381","26289","41","1","9","61","56","141.83","Billing feels expensive for the value received","-0.857","Pricing Issue","Yes"
"CUST-00422","customer00422@example.com","Male","47","25","Standard","Monthly","AutoPay","649","16225","94","7","23","37","76","329.67","Smooth onboarding and very helpful account manager","0.857","Service Issue","Yes"
"CUST-00423","customer00423@example.com","Male","23","17","Standard","Quarterly","UPI","725","12325","47","6","21","14","53","357.35","Signal issues keep affecting daily usage","-0.5","Network Issue","Yes"
"CUST-00424","customer00424@example.com","Male","44","22","Standard","Quarterly","UPI","720","15840","9","6","9","38","28","372.81","The plan cost feels high compared with competitors","0","Pricing Issue","Yes"
"CUST-00425","customer00425@example.com","Male","36","17","pro","Quarterly","AutoPay","524","8908","69","0","22","40","59","172.78","Support response is slow and issue resolution takes too long","-0.9","Service Issue","No"
"CUST-00426","customer00426@example.com","Male","35","59","Standard","Annual","Card","559","32981","25","1","10","54","46","214.58","Happy with the service quality and quick response","0.75","Service Issue","No"
"CUST-00427","customer00427@example.com","Male","66","33","Premium","Monthly","AutoPay","935","30855","68","4","12","25","68","381.26","The plan cost feels high compared with competitors","0","Pricing Issue","No"
"CUST-00428","customer00428@example.com","Male","59","48","Basic","Annual","NetBanking","604","28992","50","7","5","25","63","318.55","Support response is slow and issue resolution takes too long","-0.9","Service Issue","Yes"
"CUST-00429","customer00429@example.com","female","49","72","Standard","Monthly","Card","535","38520","100","4","13","63","89","223.91","Great support and reliable network experience","0","Network Issue","No"
"CUST-00430","customer00430@example.com","Female","52","58","Basic","Monthly","AutoPay","422","24476","38","3","2","2","66","178.06","Customer service quality dropped after onboarding","-0.5","Service Issue","No"
"CUST-00431","customer00431@example.com","Female","36","1","Standard","Monthly","Card","546","546","12","3","6","26","25","253.92","Monthly charges are too high and pricing is confusing","0","Pricing Issue","Yes"
"CUST-00432","customer00432@example.com","Male","63","20","Basic","Annual","UPI","388","7760","67","4","28","71","51","207.02","Customer service quality dropped after onboarding","-0.5","Service Issue","Yes"
"CUST-00433","customer00433@example.com","Female","52","47","Standard","Monthly","AutoPay","699","32853","55","5","5","0","72","308.43","Signal issues keep affecting daily usage","-0.5","Network Issue","No"
"CUST-00434","customer00434@example.com","Male","56","61","Basic","Monthly","AutoPay","360","21960","77","4",,"44","78","176.43","Customer service quality dropped after onboarding","-0.5","Service Issue","Yes"
"CUST-00435","customer00435@example.com","Female","53","66","Premium","Monthly","AutoPay","962","63492",,"2","29","26","60","375.63","Billing feels expensive for the value received","-0.857","Pricing Issue","Yes"
"CUST-00436","customer00436@example.com","Female","55","20","Enterprise","Annual","AutoPay","1421","28420","24","0","3","29","38","504.57","Frustrated with repeated support delays","-1","Service Issue","No"
"CUST-00437","customer00437@example.com","Female","25","59","Basic","Monthly","UPI",,"13570","6","0","2","11","46","72.92",,"-1","Service Issue","No"
"CUST-00438","customer00438@example.com","Male","60","18","Standard","Monthly","Card","715","12870","38","4","14","33","44","322.78","Happy with the service quality and quick response","0.75","Service Issue","No"
"CUST-00439","customer00439@example.com","Male","70","40","Standard","Quarterly","AutoPay","727","29080","64","7","15","5","73","357.97","Agents are not proactive and service follow-up is poor","-0.333","Service Issue","Yes"
"CUST-00440","customer00440@example.com","Female","62","69","Standard","Quarterly","UPI","574","39606","92","5","3","2","99","240.35","Customer service quality dropped after onboarding","-0.5","Service Issue","Yes"
"CUST-00441","customer00441@example.com","Female","56","28","Basic","Monthly","Card","275","7700","37","3","3","27","48","137.59","Excellent issue resolution and friendly support team","0","Service Issue","No"
"CUST-00442","customer00442@example.com","male","67","41","pro","Annual","UPI","748","30668","32","1","3","51","44","277.79","Billing feels expensive for the value received","-0.857","Pricing Issue","No"
"CUST-00443","customer00443@example.com","Male","40","70","Basic","Monthly","AutoPay","482","33740","31","4","0","78","47","236.14","Satisfied with pricing and product value","0.5","Pricing Issue","Yes"
"CUST-00444","customer00444@example.com","Male",,"40","Basic","Quarterly","Card","587","23480","79","5","24","76","63","286.06","The plan cost feels high compared with competitors","0","Pricing Issue","No"
"CUST-00445","customer00445@example.com","Female","69","12","Standard","Annual","UPI","679","8148","99","4","10","90","61","291.88","Price increase without enough added features","0","Pricing Issue","Yes"
"CUST-00446","customer00446@example.com","Female","57","68","Basic","Quarterly","Card","277","18836","45","3","16","44","63","138.34","Excellent issue resolution and friendly support team","0","Service Issue","No"
"CUST-00447","customer00447@example.com","Female","49","38","Standard","Quarterly","AutoPay","602","22876","15","1","10","42","36","235.96","Excellent issue resolution and friendly support team","0","Service Issue","Yes"
"CUST-00448","customer00448@example.com","Female","31","23","Basic","Quarterly","NetBanking","401","9223","74","0","5","75","55","123.97","Support response is slow and issue resolution takes too long","-0.9","Service Issue","Yes"
"CUST-00449","customer00449@example.com","Female","70","7","Premium","Annual","UPI","973","6811","54","7","28","0","57","463.42","Smooth onboarding and very helpful account manager","0.857","Service Issue","Yes"
"CUST-00450","customer00450@example.com","Female","60","51","Premium","Annual","AutoPay","864","44064","34","6","4","89","39","416.42","Price increase without enough added features","0","Pricing Issue","No"
"CUST-00451","customer00451@example.com","Female","65","13","Premium","Quarterly","NetBanking","897",,"11","2","26","37","26","374.26","Billing feels expensive for the value received","-0.857","Pricing Issue","Yes"
"CUST-00452","customer00452@example.com","Female","35","24","Premium","Annual","Card","932","22368","28","2","1","36","40","362.39","Excellent issue resolution and friendly support team","0","Service Issue","No"
"CUST-00453","customer00453@example.com","Male","31","24","Basic","Quarterly","UPI","431","10344","100","6","24","3","88","222.76","Customer service quality dropped after onboarding","-0.5","Service Issue","No"
"CUST-00454","customer00454@example.com","Male","34","72","Enterprise","Quarterly","Card","1489","107208","69","4","11","29","81","573.59","Agents are not proactive and service follow-up is poor","-0.333","Service Issue","No"
"CUST-00455","customer00455@example.com","male","44","7","Basic","Annual","Card","253","1771","56","0","30","84","37","98.48","Customer service quality dropped after onboarding","-0.5","Service Issue","Yes"
"CUST-00456","customer00456@example.com","Male","52","69","Premium","Monthly","UPI","1025","70725","76","0","20","44","80","340.14",,"-0.333","Service Issue","No"
"CUST-00457","customer00457@example.com","Female","31","52","Standard","Monthly","Card","581","30212","93","3","28","22","89","227.98","Great support and reliable network experience","0","Network Issue","No"
"CUST-00458","customer00458@example.com","Female","49","10","Premium","Quarterly","AutoPay","858","8580","76","4","1","26","64","347.87","Price increase without enough added features","0","Pricing Issue","No"
"CUST-00459","customer00459@example.com","Male","48","5","pro","Quarterly","Card","511","2555","51","1","12","73","37","199.68","Frustrated with repeated support delays","-1","Service Issue","No"
"CUST-00460","customer00460@example.com","Male","51","54","Basic","Annual","NetBanking",,"17766","26","7","1","59","43","236.43","Internet speed dropped and network quality is poor","-1","Network Issue","No"
"CUST-00461","customer00461@example.com","Male","66","43","Standard","Monthly","AutoPay","728","31304","71","7","22","50","67","368.94","Too many disconnects and latency problems","0","Network Issue","No"
"CUST-00462","customer00462@example.com","Male","55","46","Standard","Monthly","UPI","751","34546","67","3","1","32","70","290.81","The plan cost feels high compared with competitors","0","Pricing Issue","Yes"
"CUST-00463","customer00463@example.com","Female","29","39","Premium","Quarterly","AutoPay","972","37908","67","5","6","47","64","413.98","Billing feels expensive for the value received","-0.857","Pricing Issue","Yes"
"CUST-00464","customer00464@example.com","Female","59","24","Standard","Monthly","AutoPay","573","13752",,"3","26","9","47","257.92","Monthly charges are too high and pricing is confusing","0","Pricing Issue","No"
"CUST-00465","customer00465@example.com","Male","21","34","Basic","Monthly","AutoPay","363","12342","63","7",,"50","59","244.26","Frequent network outages and unstable connectivity","-0.5","Network Issue","Yes"
"CUST-00466","customer00466@example.com","Female","33","53","Basic","Quarterly","NetBanking","532","28196","63","7","14","85","57","304.58","Frustrated with repeated support delays","-1","Service Issue","Yes"
"CUST-00467","customer00467@example.com","Male","38","37","Standard","Annual","NetBanking","745","27565","97","2","9","76","72","272.23","Happy with the service quality and quick response","0.75","Service Issue","No"
"CUST-00468","customer00468@example.com","male","60","8","Standard","Monthly","UPI","811","6488","82","5","5","64","57","357.63","Satisfied with pricing and product value","0.5","Pricing Issue","No"
"CUST-00469","customer00469@example.com","Male","67","49","Standard","Annual","AutoPay","746","36554","23","3","30","68","38","335.06","Smooth onboarding and very helpful account manager","0.857","Service Issue","Yes"
"CUST-00470","customer00470@example.com","Male","39","38","Enterprise","Quarterly","UPI","1453","55214","39","3","20","77","40","580.22","Excellent issue resolution and friendly support team","0","Service Issue","No"
"CUST-00471","customer00471@example.com","Male","47","8","Standard","Monthly","Card","561","4488","16","5","7","56","23","299.81","Signal issues keep affecting daily usage","-0.5","Network Issue","No"
"CUST-00472","customer00472@example.com","Female","34","38","Enterprise","Monthly","UPI","1481","56278","42","3","7","47","50","574.45","Frustrated with repeated support delays","-1","Service Issue","Yes"
"CUST-00473","customer00473@example.com","Male","47","59","Basic","Annual","UPI","344","20296","29","1","30","6","60","134.66","Too many disconnects and latency problems","0","Network Issue","Yes"
"CUST-00474","customer00474@example.com","Male","43","67","Standard","Monthly","Card","657","44019","31","1","10","27","59","238.94","Too many disconnects and latency problems","0","Network Issue","No"
"CUST-00475","customer00475@example.com","Female","69","42","Premium","Monthly","UPI","1006","42252","55","0","25","55","56","354.05",,"0.857","Service Issue","Yes"
"CUST-00476","customer00476@example.com","Male","64","1","starter","Annual","Card","501","501","80","1","28","67","53","189.66","Frequent network outages and unstable connectivity","-0.5","Network Issue","No"
"CUST-00477","customer00477@example.com","Male","50","68","Enterprise","Quarterly","Card","1504","102272","98","6","11","5","100","595.45","Satisfied with pricing and product value","0.5","Pricing Issue","Yes"
"CUST-00478","customer00478@example.com","Male","41","42","Standard","Annual","Card","586","24612","24","2","14","2","52","235.58","The plan cost feels high compared with competitors","0","Pricing Issue","Yes"
"CUST-00479","customer00479@example.com","Female","62","54","Basic","Monthly","AutoPay","453","24462","23","1","25","8","55","175.53","Support response is slow and issue resolution takes too long","-0.9","Service Issue","Yes"
"CUST-00480","customer00480@example.com","Female","57","55","Standard","Quarterly","NetBanking","611","33605","41","4","20","32","59","280.24","Customer service quality dropped after onboarding","-0.5","Service Issue","No"
"CUST-00481","customer00481@example.com","female",,"47","Premium","Quarterly","Card","925","43475","68","0","6","81","59","313.28","Support response is slow and issue resolution takes too long","-0.9","Service Issue","Yes"
"CUST-00482","customer00482@example.com","Female","59","3","Standard","Monthly","Card","807","2421","69","5","23","70","46","374.93","Agents are not proactive and service follow-up is poor","-0.333","Service Issue","Yes"
"CUST-00483","customer00483@example.com","Male","65","9","Standard","Quarterly","NetBanking",,"6804","98","7","6","60","67","365.24","Excellent issue resolution and friendly support team","0","Service Issue","No"
"CUST-00484","customer00484@example.com","Female","25","11","Premium","Monthly","Card","980","10780","61","5","20","59","48","435.48","Price increase without enough added features","0","Pricing Issue","Yes"
"CUST-00485","customer00485@example.com","Male","51","38","Basic","Monthly","NetBanking","394","14972","32","1","9","22","50","147.23","Billing feels expensive for the value received","-0.857","Pricing Issue","Yes"
"CUST-00486","customer00486@example.com","Male","46","24","Standard","Annual","Card","479","11496","58","0","25","0","65","152.87","Support response is slow and issue resolution takes too long","-0.9","Service Issue","No"
"CUST-00487","customer00487@example.com","Male","31","1","Basic","Annual","NetBanking","545","545","59","2","12","60","43","223.52","The plan cost feels high compared with competitors","0","Pricing Issue","No"
"CUST-00488","customer00488@example.com","Female","53","50","Basic","Annual","Card","528","26400","85","6","26","16","85","264.72","Great support and reliable network experience","0","Network Issue","No"
"CUST-00489","customer00489@example.com","Female","30","56","Premium","Quarterly","AutoPay","1082","60592","29","5","1","8","59","457.41","Too many disconnects and latency problems","0","Network Issue","No"
"CUST-00490","customer00490@example.com","Male","42","63","Standard","Monthly","AutoPay","623","39249","71","2","0","31","78","220.88","Support response is slow and issue resolution takes too long","-0.9","Service Issue","Yes"
"CUST-00491","customer00491@example.com","Male","26","57","Standard","Annual","UPI","631","35967","43","6","9","65","52","323.95","Billing feels expensive for the value received","-0.857","Pricing Issue","Yes"
"CUST-00492","customer00492@example.com","Male","54","42","Basic","Monthly","AutoPay","571",,"51","7","8","12","65","305.78","Agents are not proactive and service follow-up is poor","-0.333","Service Issue","Yes"
"CUST-00493","customer00493@example.com","Male","51","37","starter","Annual","UPI","391","14467",,"1","9","10","61","135.95","The plan cost feels high compared with competitors","0","Pricing Issue","No"
"CUST-00494","customer00494@example.com","male","50","5","Standard","Annual","UPI","588","2940","100","2","12","63","66","218.50",,"-0.5","Network Issue","No"
"CUST-00495","customer00495@example.com","Male","47","58","Standard","Annual","Card","608","35264","87","2","1","18","89","205.81","Support response is slow and issue resolution takes too long","-0.9","Service Issue","No"
"CUST-00496","customer00496@example.com","Female","38","8","Basic","Annual","NetBanking","527","4216","34","3",,"4","46","238.89","The plan cost feels high compared with competitors","0","Pricing Issue","Yes"
"CUST-00497","customer00497@example.com","Male","56","64","Enterprise","Annual","NetBanking","1510","96640","59","3","26","84","59","591.04","Frustrated with repeated support delays","-1","Service Issue","No"
"CUST-00498","customer00498@example.com","Male","24","44","Basic","Quarterly","UPI","302","13288","25","4","24","66","38","189.34","Frustrated with repeated support delays","-1","Service Issue","No"
"CUST-00499","customer00499@example.com","Female","42","21","Basic","Annual","UPI","424","8904","75","7","15","81","53","265.05","Excellent issue resolution and friendly support team","0","Service Issue","Yes"
"CUST-00500","customer00500@example.com","Male","22","23","Premium","Annual","AutoPay","1081","24863","40","7","2","22","50","497.40","Price increase without enough added features","0","Pricing Issue","No"
"CUST-00501","customer00501@example.com","Male","33","40","Enterprise","Annual","NetBanking","1417","56680","61","1","5","63","57","508.29","Frequent network outages and unstable connectivity","-0.5","Network Issue","No"
"CUST-00502","customer00502@example.com","Female","57","29","Enterprise","Annual","Card","1493","43297","96","2","6","27","81","530.04","Smooth onboarding and very helpful account manager","0.857","Service Issue","No"
"CUST-00503","customer00503@example.com","Male","57","35","Enterprise","Monthly","Card","1293","45255","7","4","20","54","28","551.64","Frustrated with repeated support delays","-1","Service Issue","Yes"
"CUST-00504","customer00504@example.com","Female","25","46","Premium","Monthly","Card","1039","47794","81","1","15","79","66","370.47","Customer service quality dropped after onboarding","-0.5","Service Issue","Yes"
"CUST-00505","customer00505@example.com","Female","21","1","Standard","Annual","Card","788","788","73","1","21","78","46","295.27","Frustrated with repeated support delays","-1","Service Issue","Yes"
"CUST-00506","customer00506@example.com","Male","62","27","Standard","Annual","UPI",,"21249","30","1","9","49","39","298.17","Smooth onboarding and very helpful account manager","0.857","Service Issue","Yes"
"CUST-00507","customer00507@example.com","male","24","1","Basic","Monthly","UPI","400","400","25","6","20","76","20","268.56","Billing feels expensive for the value received","-0.857","Pricing Issue","Yes"
"CUST-00508","customer00508@example.com","Male","27","10","Enterprise","Quarterly","AutoPay","1289","12890","52","4","10","82","37","533.42","Happy with the service quality and quick response","0.75","Service Issue","No"
"CUST-00509","customer00509@example.com","Female","47","1","Basic","Annual","Card","478","478","32","3","28","3","42","226.02","Signal issues keep affecting daily usage","-0.5","Network Issue","No"
"CUST-00510","customer00510@example.com","Male","38","52","pro","Annual","NetBanking","725","37700","18","7","29","32","45","392.27","Internet speed dropped and network quality is poor","-1","Network Issue","Yes"
"CUST-00511","customer00511@example.com","Female","66","40","Basic","Monthly","UPI","578","23120","24","6","18","80","32","325.98","Signal issues keep affecting daily usage","-0.5","Network Issue","No"
"CUST-00512","customer00512@example.com","Female","50","55","Enterprise","Quarterly","UPI","1324","72820","55","7","6","68","58","584.86","Support response is slow and issue resolution takes too long","-0.9","Service Issue","Yes"
"CUST-00513","customer00513@example.com","Male","30","14","Premium","Annual","Card","910","12740","85","7","29","40","67","434.13",,"-0.9","Service Issue","Yes"
"CUST-00514","customer00514@example.com","Male","38","30","Basic","Quarterly","UPI","504","15120","41","3","17","71","40","235.93","Smooth onboarding and very helpful account manager","0.857","Service Issue","No"
"CUST-00515","customer00515@example.com","Male","64","29","Basic","Monthly","AutoPay","492","14268","92","0","3","25","80","133.55","Great support and reliable network experience","0","Network Issue","No"
"CUST-00516","customer00516@example.com","Male","62","38","Basic","Monthly","NetBanking","418","15884","40","5","3","90","38","236.89","Price increase without enough added features","0","Pricing Issue","No"
"CUST-00517","customer00517@example.com","Male","26","27","Premium","Annual","UPI","998","26946","83","6","0","55","66","434.12","Price increase without enough added features","0","Pricing Issue","Yes"
"CUST-00518","customer00518@example.com","Male",,"54","Premium","Quarterly","UPI","985","53190","100","1","30","20","94","334.18","Frustrated with repeated support delays","-1","Service Issue","No"
"CUST-00519","customer00519@example.com","Female","47","71","Standard","Annual","NetBanking","739","52469","58","3","22","66","65","306.20","Excellent issue resolution and friendly support team","0","Service Issue","Yes"
"CUST-00520","customer00520@example.com","male","44","39","Enterprise","Quarterly","UPI","1449","56511","59","5","10","42","61","590.70","Support response is slow and issue resolution takes too long","-0.9","Service Issue","No"
"CUST-00521","customer00521@example.com","Female","62","5","Basic","Monthly","NetBanking","450","2250","40","4","21","61","34","239.29","The plan cost feels high compared with competitors","0","Pricing Issue","Yes"
"CUST-00522","customer00522@example.com","Female","31","72","Basic","Annual","AutoPay","328","23616",,"6","0","59","56","208.28","Excellent issue resolution and friendly support team","0","Service Issue","Yes"
"CUST-00523","customer00523@example.com","Male","34","16","Standard","Annual","Card","665","10640","54","3","5","5","59","267.47","Price increase without enough added features","0","Pricing Issue","Yes"
"CUST-00524","customer00524@example.com","Female","58","27","Standard","Annual","NetBanking","586","15822","17","0","15","32","36","213.53","Satisfied with pricing and product value","0.5","Pricing Issue","No"
"CUST-00525","customer00525@example.com","Female","41","60","Premium","Quarterly","NetBanking","935","56100","62","4","16","56","66","389.04","Excellent issue resolution and friendly support team","0","Service Issue","Yes"
"CUST-00526","customer00526@example.com","Male","49","69","Basic","Annual","UPI","419","28911","75","2","11","40","80","152.57","Excellent issue resolution and friendly support team","0","Service Issue","No"
"CUST-00527","customer00527@example.com","Male","32","63","starter","Monthly","AutoPay","308","19404","71","4",,"50","74","150.79","Great support and reliable network experience","0","Network Issue","No"
"CUST-00528","customer00528@example.com","Male","36","10","Basic","Quarterly","AutoPay","378","3780","19","3","9","44","28","194.29","Frequent network outages and unstable connectivity","-0.5","Network Issue","Yes"
"CUST-00529","customer00529@example.com","Male","64","5","Basic","Annual","NetBanking",,"1305","20","1","16","22","32","115.14","Smooth onboarding and very helpful account manager","0.857","Service Issue","No"
"CUST-00530","customer00530@example.com","Female","62","5","Basic","Monthly","AutoPay","504","2520","92","1","11","86","56","179.23","Monthly charges are too high and pricing is confusing","0","Pricing Issue","Yes"
"CUST-00531","customer00531@example.com","Male","70","17","Basic","Monthly","AutoPay","349","5933","56","4","14","72","44","191.56","Customer service quality dropped after onboarding","-0.5","Service Issue","Yes"
"CUST-00532","customer00532@example.com","Male","22","38","Basic","Annual","Card","558","21204","68","5","1","49","63","262.35",,"-0.5","Network Issue","Yes"
"CUST-00533","customer00533@example.com","male","22","54","Premium","Annual","UPI","1099",,"69","6","27","68","65","490.59","Smooth onboarding and very helpful account manager","0.857","Service Issue","Yes"
"CUST-00534","customer00534@example.com","Male","43","52","Enterprise","Monthly","NetBanking","1321","68692","72","4","10","47","71","518.98","Happy with the service quality and quick response","0.75","Service Issue","No"
"CUST-00535","customer00535@example.com","Male","69","65","Standard","Annual","UPI","710","46150","75","2","12","35","80","257.40","Frustrated with repeated support delays","-1","Service Issue","No"
"CUST-00536","customer00536@example.com","Male","49","71","Standard","Quarterly","AutoPay","591","41961","23","5","27","61","47","307.97","Great support and reliable network experience","0","Network Issue","Yes"
"CUST-00537","customer00537@example.com","Male","36","16","Standard","Monthly","Card","544","8704","81","2","20","69","58","216.02","Billing feels expensive for the value received","-0.857","Pricing Issue","Yes"
"CUST-00538","customer00538@example.com","Male","56","36","Enterprise","Monthly","Card","1556","56016","28","7","30","74","34","699.94","Support response is slow and issue resolution takes too long","-0.9","Service Issue","Yes"
"CUST-00539","customer00539@example.com","Male","30","69","Basic","Monthly","AutoPay","515","35535","71","2","6","83","67","196.70","Happy with the service quality and quick response","0.75","Service Issue","No"
"CUST-00540","customer00540@example.com","Male","67","11","Enterprise","Quarterly","UPI","1319","14509","44","5","30","42","43","567.44","Smooth onboarding and very helpful account manager","0.857","Service Issue","Yes"
"CUST-00541","customer00541@example.com","Male","39","43","Basic","Annual","AutoPay","368","15824","52","2","16","18","64","147.86","Monthly charges are too high and pricing is confusing","0","Pricing Issue","No"
"CUST-00542","customer00542@example.com","Female","47","66","Enterprise","Annual","AutoPay","1430","94380","69","6","19","10","84","589.27","Smooth onboarding and very helpful account manager","0.857","Service Issue","No"
"CUST-00543","customer00543@example.com","Male","69","47","Standard","Quarterly","Card","687","32289","92","4","28","7","90","281.94","Satisfied with pricing and product value","0.5","Pricing Issue","No"
"CUST-00544","customer00544@example.com","Female","46","6","gold","Annual","UPI","1001","6006","76","0","17","75","50","348.63","Great support and reliable network experience","0","Network Issue","No"
"CUST-00545","customer00545@example.com","Male","25","69","Basic","Annual","AutoPay","346","23874","18","2","26","58","45","167.36","Billing feels expensive for the value received","-0.857","Pricing Issue","No"
"CUST-00546","customer00546@example.com","female","21","51","Enterprise","Monthly","NetBanking","1426","72726","29","0","7","26","52","499.77","Price increase without enough added features","0","Pricing Issue","No"
"CUST-00547","customer00547@example.com","Female","22","65","Standard","Quarterly","UPI","741","48165","72","4","28","45","76","317.26","Billing feels expensive for the value received","-0.857","Pricing Issue","Yes"
"CUST-00548","customer00548@example.com","Female","31","7","Standard","Annual","NetBanking","669","4683","84","6","14","88","52","334.40","Customer service quality dropped after onboarding","-0.5","Service Issue","Yes"
"CUST-00549","customer00549@example.com","Female","70","9","Premium","Monthly","AutoPay","897","8073","44","0","13","35","44","314.85","Price increase without enough added features","0","Pricing Issue","Yes"
"CUST-00550","customer00550@example.com","Female","36","2","Basic","Annual","UPI","511","1022","82","1","27","6","69","176.89","Billing feels expensive for the value received","-0.857","Pricing Issue","Yes"
"CUST-00551","customer00551@example.com","Female","68","66","Premium","Monthly","UPI","943","62238",,"5","21","84","50","428.81",,"0","Pricing Issue","Yes"
"CUST-00552","customer00552@example.com","Male","61","20","Standard","Annual","NetBanking",,"9940","62","1","7","54","53","179.13","Great support and reliable network experience","0","Network Issue","No"
"CUST-00553","customer00553@example.com","Male","25","56","Basic","Monthly","UPI","376","21056","10","7","30","64","34","278.14","Excellent issue resolution and friendly support team","0","Service Issue","Yes"
"CUST-00554","customer00554@example.com","Female","48","26","Standard","Annual","AutoPay","590","15340","100","3","11","60","74","232.17","Satisfied with pricing and product value","0.5","Pricing Issue","No"
"CUST-00555","customer00555@example.com","Male",,"1","Premium","Quarterly","AutoPay","1066","1066","44","5","10","51","37","469.32","Frustrated with repeated support delays","-1","Service Issue","Yes"
"CUST-00556","customer00556@example.com","Female","55","34","Premium","Annual","NetBanking","1099","37366","76","4","1","57","64","437.75","Smooth onboarding and very helpful account manager","0.857","Service Issue","Yes"
"CUST-00557","customer00557@example.com","Male","68","45","Standard","Annual","UPI","676","30420","34","1","21","43","49","258.13","Great support and reliable network experience","0","Network Issue","Yes"
"CUST-00558","customer00558@example.com","Male","44","48","Basic","Monthly","UPI","572","27456","53","6",,"12","68","296.51","Customer service quality dropped after onboarding","-0.5","Service Issue","Yes"
"CUST-00559","customer00559@example.com","female","37","59","Standard","Annual","NetBanking","667","39353","92","0","23","12","93","199.03","Excellent issue resolution and friendly support team","0","Service Issue","No"
"CUST-00560","customer00560@example.com","Male","44","60","Basic","Quarterly","NetBanking","361","21660","55","7","21","85","55","249.61","Great support and reliable network experience","0","Network Issue","Yes"
"CUST-00561","customer00561@example.com","Male","59","19","platinum","Monthly","Card","1314","24966","30","0","2","35","39","464.12","Happy with the service quality and quick response","0.75","Service Issue","No"
"CUST-00562","customer00562@example.com","Female","40","4","Basic","Quarterly","NetBanking","531","2124","18","3","18","65","20","260.94","Signal issues keep affecting daily usage","-0.5","Network Issue","Yes"
"CUST-00563","customer00563@example.com","Female","68","33","Standard","Annual","Card","509","16797","41","0","12","82","39","183.08","Great support and reliable network experience","0","Network Issue","No"
"CUST-00564","customer00564@example.com","Male","25","30","Enterprise","Quarterly","AutoPay","1481","44430","75","1","16","16","73","520.90","Too many disconnects and latency problems","0","Network Issue","Yes"
"CUST-00565","customer00565@example.com","Male","68","26","Enterprise","Monthly","NetBanking","1396","36296","63","6","4","48","57","588.10","Frequent network outages and unstable connectivity","-0.5","Network Issue","Yes"
"CUST-00566","customer00566@example.com","Female","66","66","Basic","Quarterly","Card","473","31218","56","2","27","38","69","190.37","Agents are not proactive and service follow-up is poor","-0.333","Service Issue","No"
"CUST-00567","customer00567@example.com","Male","25","61","Enterprise","Quarterly","Card","1342","81862","64","0","11","3","81","446.91","Price increase without enough added features","0","Pricing Issue","No"
"CUST-00568","customer00568@example.com","Male","59","27","Basic","Annual","AutoPay","372","10044","50","6","30","0","62","228.56","Smooth onboarding and very helpful account manager","0.857","Service Issue","No"
"CUST-00569","customer00569@example.com","Female","69","68","Standard","Quarterly","UPI","508","34544","74","0","30","47","78","161.42","Excellent issue resolution and friendly support team","0","Service Issue","No"
"CUST-00570","customer00570@example.com","Female","23","43","Premium","Monthly","NetBanking","900","38700","97","1","0","76","74","304.00",,"-0.333","Service Issue","No"
"CUST-00571","customer00571@example.com","Male","64","70","Basic","Annual","NetBanking","286","20020","71","3","9","18","84","118.13","Smooth onboarding and very helpful account manager","0.857","Service Issue","No"
"CUST-00572","customer00572@example.com","male","67","40","Basic","Monthly","Card","413","16520","98","5","21","70","75","210.83","Excellent issue resolution and friendly support team","0","Service Issue","No"
"CUST-00573","customer00573@example.com","Male","32","55","Standard","Quarterly","AutoPay","549","30195","23","4","12","36","48","263.48","Happy with the service quality and quick response","0.75","Service Issue","No"
"CUST-00574","customer00574@example.com","Male","30","54","Premium","Quarterly","UPI","880",,"12","5","2","10","48","394.58","Support response is slow and issue resolution takes too long","-0.9","Service Issue","Yes"
"CUST-00575","customer00575@example.com","Female","37","56","Basic","Annual","NetBanking",,"26152","40","1","14","74","48","181.50","Satisfied with pricing and product value","0.5","Pricing Issue","No"
"CUST-00576","customer00576@example.com","Female","64","46","Basic","Quarterly","AutoPay","298","13708","98","1","15","80","75","95.45","Smooth onboarding and very helpful account manager","0.857","Service Issue","No"
"CUST-00577","customer00577@example.com","Male","61","54","Premium","Annual","NetBanking","955","51570","26","1","16","69","41","364.44","Smooth onboarding and very helpful account manager","0.857","Service Issue","Yes"
"CUST-00578","customer00578@example.com","Female","30","47","starter","Annual","UPI","473","22231","78","4","10","38","75","209.44","Great support and reliable network experience","0","Network Issue","No"
"CUST-00579","customer00579@example.com","Male","59","46","Standard","Quarterly","AutoPay","667","30682","63","7","12","12","73","335.82","Frustrated with repeated support delays","-1","Service Issue","Yes"
"CUST-00580","customer00580@example.com","Female","57","37","Basic","Monthly","AutoPay","310","11470",,"2","13","31","52","135.53","Support response is slow and issue resolution takes too long","-0.9","Service Issue","No"
"CUST-00581","customer00581@example.com","Male","24","26","Basic","Annual","UPI","422","10972","65","6","26","76","51","255.28","Internet speed dropped and network quality is poor","-1","Network Issue","No"
"CUST-00582","customer00582@example.com","Male","31","14","Premium","Quarterly","AutoPay","986","13804","29","3","18","55","32","415.04","Excellent issue resolution and friendly support team","0","Service Issue","Yes"
"CUST-00583","customer00583@example.com","Female","52","58","Standard","Annual","Card","540","31320","76","3","14","0","87","207.66","Monthly charges are too high and pricing is confusing","0","Pricing Issue","No"
"CUST-00584","customer00584@example.com","Male","66","35","Basic","Annual","AutoPay","525","18375","89","6","14","12","83","256.78","Price increase without enough added features","0","Pricing Issue","Yes"
"CUST-00585","customer00585@example.com","female","39","43","Basic","Quarterly","UPI","516","22188","29","2","1","24","50","205.83","Great support and reliable network experience","0","Network Issue","No"
"CUST-00586","customer00586@example.com","Male","37","7","Enterprise","Monthly","NetBanking","1301","9107","56","1","27","63","42","487.07","Internet speed dropped and network quality is poor","-1","Network Issue","Yes"
"CUST-00587","customer00587@example.com","Female","70","39","Premium","Quarterly","NetBanking","892","34788","15","0","6","21","42","314.94","Great support and reliable network experience","0","Network Issue","No"
"CUST-00588","customer00588@example.com","Male","63","10","Enterprise","Annual","UPI","1336","13360","50","5","28","89","34","580.92","Signal issues keep affecting daily usage","-0.5","Network Issue","Yes"
"CUST-00589","customer00589@example.com","Female","38","53","Standard","Annual","Card","642","34026","65","3",,"18","75","252.35",,"-0.857","Pricing Issue","Yes"
"CUST-00590","customer00590@example.com","Male","37","61","Basic","Monthly","Card","482","29402","59","5","27","10","76","240.29","Price increase without enough added features","0","Pricing Issue","No"
"CUST-00591","customer00591@example.com","Male","44","3","Premium","Quarterly","AutoPay","966","2898","80","0","5","82","50","329.65","The plan cost feels high compared with competitors","0","Pricing Issue","Yes"
"CUST-00592","customer00592@example.com","Male",,"68","Basic","Quarterly","Card","497","33796","45","3","9","1","73","203.37","Too many disconnects and latency problems","0","Network Issue","No"
"CUST-00593","customer00593@example.com","Male","46","60","Basic","Monthly","AutoPay","323","19380","51","6","5","78","55","209.45","Customer service quality dropped after onboarding","-0.5","Service Issue","No"
"CUST-00594","customer00594@example.com","Male","66","19","Enterprise","Annual","AutoPay","1303","24757","83","5","6","51","65","529.70","Smooth onboarding and very helpful account manager","0.857","Service Issue","Yes"
"CUST-00595","customer00595@example.com","Male","55","19","platinum","Quarterly","NetBanking","1557","29583","81","7","23","45","65","666.05","The plan cost feels high compared with competitors","0","Pricing Issue","Yes"
"CUST-00596","customer00596@example.com","Male","55","2","Premium","Quarterly","Card","1017","2034","71","6","14","9","62","448.12","Agents are not proactive and service follow-up is poor","-0.333","Service Issue","Yes"
"CUST-00597","customer00597@example.com","Male","63","57","Basic","Annual","UPI","539","30723","8","5","8","1","49","274.42","Internet speed dropped and network quality is poor","-1","Network Issue","Yes"
"CUST-00598","customer00598@example.com","female","53","56","Basic","Quarterly","Card",,"28336","30","6","24","87","39","299.16","Frequent network outages and unstable connectivity","-0.5","Network Issue","Yes"
"CUST-00599","customer00599@example.com","Male","48","11","Premium","Annual","NetBanking","991","10901","20","5","27","90","17","471.23","Frustrated with repeated support delays","-1","Service Issue","Yes"
"CUST-00600","customer00600@example.com","Female","27","64","Enterprise","Quarterly","Card","1456","93184","26","5","29","39","52","614.95","Customer service quality dropped after onboarding","-0.5","Service Issue","Yes"
"CUST-00601","customer00601@example.com","Female","26","20","Standard","Quarterly","UPI","720","14400","68","4","28","2","69","309.48","Happy with the service quality and quick response","0.75","Service Issue","No"
"CUST-00602","customer00602@example.com","Female","70","45","Standard","Annual","Card","728","32760","33","6","4","44","48","358.24","Great support and reliable network experience","0","Network Issue","Yes"
"CUST-00603","customer00603@example.com","Female","48","68","Premium","Quarterly","AutoPay","904","61472","41","5","27","2","71","398.03","Great support and reliable network experience","0","Network Issue","Yes"
"CUST-00604","customer00604@example.com","Female","40","54","Enterprise","Quarterly","Card","1398","75492","61","5","2","29","70","561.12","Customer service quality dropped after onboarding","-0.5","Service Issue","Yes"
"CUST-00605","customer00605@example.com","Male","60","8","Standard","Annual","Card","534","4272","72","3","13","19","63","220.51","Customer service quality dropped after onboarding","-0.5","Service Issue","No"
"CUST-00606","customer00606@example.com","Male","57","32","Standard","Monthly","Card","685","21920","96","2","26","39","79","252.50","Price increase without enough added features","0","Pricing Issue","No"
"CUST-00607","customer00607@example.com","Male","26","15","Basic","Annual","AutoPay","564","8460","75","7","1","73","53","306.91","Satisfied with pricing and product value","0.5","Pricing Issue","Yes"
"CUST-00608","customer00608@example.com","Male","29","56","Premium","Quarterly","AutoPay","929","52024","62","0","7","31","71","304.65",,"-0.857","Pricing Issue","Yes"
"CUST-00609","customer00609@example.com","Female","37","41","Premium","Annual","AutoPay","1125","46125",,"5","3","7","80","451.95","Support response is slow and issue resolution takes too long","-0.9","Service Issue","No"
"CUST-00610","customer00610@example.com","Female","54","15","Standard","Quarterly","Card","668","10020","59","3","17","3","62","272.35","Monthly charges are too high and pricing is confusing","0","Pricing Issue","Yes"
"CUST-00611","customer00611@example.com","male","44","20","Standard","Annual","Card","485","9700","89","0","8","69","64","147.46","Agents are not proactive and service follow-up is poor","-0.333","Service Issue","Yes"
"CUST-00612","customer00612@example.com","Female","28","47","gold","Quarterly","AutoPay","1064","50008","88","5","0","22","84","425.86","Billing feels expensive for the value received","-0.857","Pricing Issue","Yes"
"CUST-00613","customer00613@example.com","Female","44","36","Standard","Annual","UPI","619","22284","32","6","11","17","51","318.49","Excellent issue resolution and friendly support team","0","Service Issue","No"
"CUST-00614","customer00614@example.com","Female","35","2","Standard","Annual","Card","501","1002","62","1","17","29","53","183.31","Signal issues keep affecting daily usage","-0.5","Network Issue","No"
"CUST-00615","customer00615@example.com","Female","34","5","Standard","Monthly","NetBanking","677",,"12","0","13","72","15","261.25","Too many disconnects and latency problems","0","Network Issue","No"
"CUST-00616","customer00616@example.com","Female","48","17","Basic","Quarterly","AutoPay","491","8347","37","5","1","37","42","254.63","Internet speed dropped and network quality is poor","-1","Network Issue","No"
"CUST-00617","customer00617@example.com","Male","28","61","Standard","Annual","Card","821","50081","81","6","13","28","84","365.95","Agents are not proactive and service follow-up is poor","-0.333","Service Issue","No"
"CUST-00618","customer00618@example.com","Male","62","20","Basic","Annual","Card","358","7160","22","0","9","71","26","136.27","The plan cost feels high compared with competitors","0","Pricing Issue","No"
"CUST-00619","customer00619@example.com","Male","33","16","Standard","Quarterly","NetBanking","656","10496","79","7","13","89","52","348.29","Billing feels expensive for the value received","-0.857","Pricing Issue","Yes"
"CUST-00620","customer00620@example.com","Female","41","72","Standard","Quarterly","Card","762","54864","32","5",,"24","62","347.17","Frustrated with repeated support delays","-1","Service Issue","Yes"
"CUST-00621","customer00621@example.com","Male","61","7","Basic","Quarterly","AutoPay",,"3206","24","1","19","49","28","191.83","Too many disconnects and latency problems","0","Network Issue","Yes"
"CUST-00622","customer00622@example.com","Female","28","7","Standard","Annual","UPI","514","3598","53","0","24","40","47","180.08","The plan cost feels high compared with competitors","0","Pricing Issue","Yes"
"CUST-00623","customer00623@example.com","Female","26","1","Basic","Monthly","UPI","506","506","35","4","22","88","23","269.70","Monthly charges are too high and pricing is confusing","0","Pricing Issue","No"
"CUST-00624","customer00624@example.com","male","56","29","Premium","Monthly","Card","1002","29058","100","7","25","27","83","451.73","Billing feels expensive for the value received","-0.857","Pricing Issue","Yes"
"CUST-00625","customer00625@example.com","Male","44","59","Basic","Monthly","NetBanking","400","23600","55","0","8","14","72","113.64","Excellent issue resolution and friendly support team","0","Service Issue","No"
"CUST-00626","customer00626@example.com","Female","46","29","Premium","Quarterly","NetBanking","1013","29377","16","6","17","59","29","482.97","Customer service quality dropped after onboarding","-0.5","Service Issue","Yes"
"CUST-00627","customer00627@example.com","Female","46","6","Basic","Monthly","AutoPay","545","3270","61","4","30","82","40","272.80",,"0.5","Pricing Issue","Yes"
"CUST-00628","customer00628@example.com","Female","37","62","Enterprise","Quarterly","Card","1387","85994","36","2","22","29","59","525.22","Billing feels expensive for the value received","-0.857","Pricing Issue","Yes"
"CUST-00629","customer00629@example.com","Female",,"5","pro","Annual","UPI","781","3905","93","5","0","47","66","335.04","Excellent issue resolution and friendly support team","0","Service Issue","Yes"
"CUST-00630","customer00630@example.com","Male","64","29","Basic","Annual","Card","438","12702","18","0","24","31","37","164.10","Billing feels expensive for the value received","-0.857","Pricing Issue","No"
"CUST-00631","customer00631@example.com","Female","25","23","Basic","Annual","NetBanking","325","7475","32","7","0","20","46","227.66","Support response is slow and issue resolution takes too long","-0.9","Service Issue","Yes"
"CUST-00632","customer00632@example.com","Female","62","69","Enterprise","Quarterly","UPI","1314","90666","58","7","3","36","72","567.91","Frustrated with repeated support delays","-1","Service Issue","Yes"
"CUST-00633","customer00633@example.com","Male","65","45","Standard","Monthly","AutoPay","596","26820","48","0","11","57","53","202.19","Satisfied with pricing and product value","0.5","Pricing Issue","Yes"
"CUST-00634","customer00634@example.com","Female","37","60","Standard","Annual","UPI","758","45480","21","2","25","19","53","305.89","Great support and reliable network experience","0","Network Issue","No"
"CUST-00635","customer00635@example.com","Male","34","49","Premium","Quarterly","NetBanking","994","48706","67","5","24","2","78","419.20","The plan cost feels high compared with competitors","0","Pricing Issue","No"
"CUST-00636","customer00636@example.com","Male","30","37","Basic","Annual","AutoPay","524","19388","52","4","30","25","60","250.48","Support response is slow and issue resolution takes too long","-0.9","Service Issue","Yes"
"CUST-00637","customer00637@example.com","female","70","57","Basic","Quarterly","NetBanking","483","27531","54","1","7","56","61","171.91","Satisfied with pricing and product value","0.5","Pricing Issue","No"
"CUST-00638","customer00638@example.com","Male","38","21","Premium","Monthly","NetBanking","994","20874",,"6","29","33","71","443.43","Agents are not proactive and service follow-up is poor","-0.333","Service Issue","Yes"
"CUST-00639","customer00639@example.com","Female","35","47","Enterprise","Monthly","UPI","1431","67257","50","7","15","65","53","631.55","Agents are not proactive and service follow-up is poor","-0.333","Service Issue","Yes"
"CUST-00640","customer00640@example.com","Female","40","11","Premium","Annual","AutoPay","952","10472","15","3","15","61","22","410.13","Internet speed dropped and network quality is poor","-1","Network Issue","Yes"
"CUST-00641","customer00641@example.com","Female","28","3","Standard","Monthly","NetBanking","594","1782","86","4","20","25","67","259.30","Too many disconnects and latency problems","0","Network Issue","No"
"CUST-00642","customer00642@example.com","Male","61","4","Enterprise","Annual","UPI","1437","5748","48","2","25","22","47","547.63","Signal issues keep affecting daily usage","-0.5","Network Issue","Yes"
"CUST-00643","customer00643@example.com","Male","32","30","Basic","Quarterly","AutoPay","499","14970","25","0","22","35","40","182.24","Support response is slow and issue resolution takes too long","-0.9","Service Issue","No"
"CUST-00644","customer00644@example.com","Female","54","16","Standard","Annual","Card",,"9488","42","4","20","6","52","274.04","Excellent issue resolution and friendly support team","0","Service Issue","Yes"
"CUST-00645","customer00645@example.com","Male","67","53","Premium","Monthly","UPI","999","52947","37","1","30","2","63","366.58","Satisfied with pricing and product value","0.5","Pricing Issue","No"
"CUST-00646","customer00646@example.com","Female","51","70","gold","Quarterly","Card","854","59780","35","5","1","36","60","376.53",,"0","Pricing Issue","No"
"CUST-00647","customer00647@example.com","Male","51","40","Standard","Annual","NetBanking","597","23880","39","5","14","10","58","288.32","Billing feels expensive for the value received","-0.857","Pricing Issue","Yes"
"CUST-00648","customer00648@example.com","Male","39","2","Premium","Annual","NetBanking","1026","2052","41","2","29","88","26","421.57","Happy with the service quality and quick response","0.75","Service Issue","Yes"
"CUST-00649","customer00649@example.com","Female","63","31","Basic","Monthly","AutoPay","283","8773","77","4","3","56","64","144.89","The plan cost feels high compared with competitors","0","Pricing Issue","Yes"
"CUST-00650","customer00650@example.com","female","29","55","Standard","Quarterly","AutoPay","712","39160","16","3","17","32","45","309.45","Frustrated with repeated support delays","-1","Service Issue","No"
"CUST-00651","customer00651@example.com","Male","61","61","Enterprise","Annual","NetBanking","1283","78263","52","4",,"74","56","523.46","Customer service quality dropped after onboarding","-0.5","Service Issue","Yes"
"CUST-00652","customer00652@example.com","Male","51","42","Premium","Annual","AutoPay","1000","42000","35","5","26","74","40","457.00","Smooth onboarding and very helpful account manager","0.857","Service Issue","No"
"CUST-00653","customer00653@example.com","Male","62","41","Standard","Annual","NetBanking","489","20049","80","0","29","10","81","147.01","Satisfied with pricing and product value","0.5","Pricing Issue","No"
"CUST-00654","customer00654@example.com","Female","61","62","Basic","Quarterly","NetBanking","316","19592","36","2","30","66","50","152.94","Happy with the service quality and quick response","0.75","Service Issue","No"
"CUST-00655","customer00655@example.com","Male","32","62","Enterprise","Quarterly","Card","1414","87668","50","5","19","60","59","587.73","Support response is slow and issue resolution takes too long","-0.9","Service Issue","Yes"
"CUST-00656","customer00656@example.com","Male","56","52","Premium","Monthly","Card","939",,"100","3","2","16","94","337.62","Excellent issue resolution and friendly support team","0","Service Issue","No"
"CUST-00657","customer00657@example.com","Female","22","47","Enterprise","Annual","UPI","1231","57857","48","1","1","61","53","443.89","Signal issues keep affecting daily usage","-0.5","Network Issue","No"
"CUST-00658","customer00658@example.com","Female","57","6","Standard","Monthly","UPI","671","4026","34","7","20","73","28","378.00","Internet speed dropped and network quality is poor","-1","Network Issue","Yes"
"CUST-00659","customer00659@example.com","Female","29","29","Standard","Monthly","Card","726","21054","39","2","7","67","40","292.57","Support response is slow and issue resolution takes too long","-0.9","Service Issue","Yes"
"CUST-00660","customer00660@example.com","Male","56","72","Premium","Quarterly","NetBanking","1052","75744","16","0","20","21","54","373.80","Signal issues keep affecting daily usage","-0.5","Network Issue","No"
"CUST-00661","customer00661@example.com","Female","27","11","Enterprise","Quarterly","NetBanking","1434","15774","77","1","18","83","50","523.58","Excellent issue resolution and friendly support team","0","Service Issue","Yes"
"CUST-00662","customer00662@example.com","Female","42","53","Premium","Monthly","NetBanking","945","50085","51","5","6","64","56","413.82","Happy with the service quality and quick response","0.75","Service Issue","Yes"
"CUST-00663","customer00663@example.com","male","61","45","starter","Quarterly","NetBanking","528","23760","73","4","30","79","61","252.94","Signal issues keep affecting daily usage","-0.5","Network Issue","Yes"
"CUST-00664","customer00664@example.com","Male","44","3","Premium","Annual","AutoPay","850","2550","67","1","17","49","51","311.07","Price increase without enough added features","0","Pricing Issue","Yes"
"CUST-00665","customer00665@example.com","Female","56","44","Standard","Monthly","Card","806","35464","63","3","15","79","55","331.95",,"-0.5","Network Issue","Yes"
"CUST-00666","customer00666@example.com","Male",,"8","Basic","Quarterly","AutoPay","531","4248","94","1","25","63","64","189.59","Signal issues keep affecting daily usage","-0.5","Network Issue","Yes"
"CUST-00667","customer00667@example.com","Male","29","54","Basic","Quarterly","AutoPay",,"24840",,"2","0","35","86","153.78","Happy with the service quality and quick response","0.75","Service Issue","No"
"CUST-00668","customer00668@example.com","Male","40","20","Standard","Annual","Card","603","12060","82","3","8","44","66","241.44","Excellent issue resolution and friendly support team","0","Service Issue","No"
"CUST-00669","customer00669@example.com","Male","24","28","Standard","Annual","NetBanking","731","20468","84","6","21","60","66","350.07","Price increase without enough added features","0","Pricing Issue","Yes"
"CUST-00670","customer00670@example.com","Male","56","50","Premium","Annual","Card","1016","50800","48","1","3","88","47","373.53","Frequent network outages and unstable connectivity","-0.5","Network Issue","No"
"CUST-00671","customer00671@example.com","Male","45","67","Basic","Monthly","UPI","554","37118","56","6","1","8","77","269.85","Support response is slow and issue resolution takes too long","-0.9","Service Issue","No"
"CUST-00672","customer00672@example.com","Male","57","66","Basic","Quarterly","Card","567","37422","10","6","13","84","33","322.55","Agents are not proactive and service follow-up is poor","-0.333","Service Issue","No"
"CUST-00673","customer00673@example.com","Female","61","64","Standard","Monthly","Card","702","44928","100","3","15","30","95","260.65","Too many disconnects and latency problems","0","Network Issue","No"
"CUST-00674","customer00674@example.com","Male","57","50","Standard","Monthly","AutoPay","587","29350","87","4","12","59","76","251.58","Smooth onboarding and very helpful account manager","0.857","Service Issue","No"
"CUST-00675","customer00675@example.com","Female","29","58","Standard","Quarterly","Card","517","29986","25","3","16","10","57","228.38","Smooth onboarding and very helpful account manager","0.857","Service Issue","No"
"CUST-00676","customer00676@example.com","female","29","47","Standard","Monthly","AutoPay","697","32759","51","0","5","6","68","221.15","Great support and reliable network experience","0","Network Issue","No"
"CUST-00677","customer00677@example.com","Male","43","3","Standard","Quarterly","UPI","646","1938","18","6","16","75","17","357.82","Smooth onboarding and very helpful account manager","0.857","Service Issue","Yes"
"CUST-00678","customer00678@example.com","Male","70","52","Standard","Annual","Card","577","30004","89","1","21","7","90","185.09","Signal issues keep affecting daily usage","-0.5","Network Issue","No"
"CUST-00679","customer00679@example.com","Male","65","43","Standard","Monthly","Card","764","32852","71","3","9","9","77","292.91","Billing feels expensive for the value received","-0.857","Pricing Issue","Yes"
"CUST-00680","customer00680@example.com","Male","64","23","starter","Monthly","NetBanking","432","9936","18","7","2","66","26","285.32","Frequent network outages and unstable connectivity","-0.5","Network Issue","Yes"
"CUST-00681","customer00681@example.com","Female","53","67","Standard","Quarterly","AutoPay","566","37922","16","2","21","65","41","246.85","Too many disconnects and latency problems","0","Network Issue","Yes"
"CUST-00682","customer00682@example.com","Female","50","56","Premium","Annual","AutoPay","1058","59248","76","7",,"56","72","476.09","Billing feels expensive for the value received","-0.857","Pricing Issue","Yes"
"CUST-00683","customer00683@example.com","Female","35","26","Standard","Quarterly","NetBanking","802","20852","26","6","0","33","40","386.96","Frequent network outages and unstable connectivity","-0.5","Network Issue","Yes"
"CUST-00684","customer00684@example.com","Male","35","59","Standard","Monthly","UPI","795","46905","15","3","17","59","39","345.59",,"0.75","Service Issue","No"
"CUST-00685","customer00685@example.com","Male","56","67","Standard","Annual","NetBanking","733","49111","84","0","17","56","81","232.61","Monthly charges are too high and pricing is confusing","0","Pricing Issue","No"
"CUST-00686","customer00686@example.com","Male","39","14","Standard","Annual","AutoPay","663","9282","83","6","19","66","59","328.95","Internet speed dropped and network quality is poor","-1","Network Issue","Yes"
"CUST-00687","customer00687@example.com","Male","22","1","Basic","Annual","NetBanking","378","378","41","5","10","70","30","227.70","Signal issues keep affecting daily usage","-0.5","Network Issue","Yes"
"CUST-00688","customer00688@example.com","Male","33","42","Basic","Quarterly","NetBanking","418","17556","100","1","16","89","72","141.08","Support response is slow and issue resolution takes too long","-0.9","Service Issue","No"
"CUST-00689","customer00689@example.com","male","70","43","Enterprise","Monthly","Card","1503","64629","27","6","20","81","35","658.28","Monthly charges are too high and pricing is confusing","0","Pricing Issue","Yes"
"CUST-00690","customer00690@example.com","Female","25","17","Standard","Quarterly","AutoPay",,"11033","41","4","4","75","35","302.28","Agents are not proactive and service follow-up is poor","-0.333","Service Issue","Yes"
"CUST-00691","customer00691@example.com","Male","24","38","Standard","Quarterly","Card","673","25574","73","2","2","0","78","236.04","Customer service quality dropped after onboarding","-0.5","Service Issue","No"
"CUST-00692","customer00692@example.com","Male","69","67","Standard","Annual","UPI","819","54873","66","4","1","58","70","336.25","Smooth onboarding and very helpful account manager","0.857","Service Issue","No"
"CUST-00693","customer00693@example.com","Female","25","64","Basic","Quarterly","UPI","361","23104","57","0","4","0","79","92.14","Billing feels expensive for the value received","-0.857","Pricing Issue","No"
"CUST-00694","customer00694@example.com","Male","56","22","Basic","Annual","UPI","496","10912","60","3","22","76","47","228.94","Too many disconnects and latency problems","0","Network Issue","No"
"CUST-00695","customer00695@example.com","Female","33","69","Basic","Monthly","NetBanking","556","38364","37","3","22","63","54","250.46","Happy with the service quality and quick response","0.75","Service Issue","Yes"
"CUST-00696","customer00696@example.com","Female","33","13","Basic","Annual","UPI","494","6422",,"0","18","83","45","172.82","Support response is slow and issue resolution takes too long","-0.9","Service Issue","Yes"
"CUST-00697","customer00697@example.com","Male","41","11","starter","Quarterly","UPI","489",,"53","1","23","57","44","191.89","Price increase without enough added features","0","Pricing Issue","Yes"
"CUST-00698","customer00698@example.com","Male","47","38","Basic","Quarterly","UPI","556","21128","62","3","20","1","72","227.56","Frustrated with repeated support delays","-1","Service Issue","Yes"
"CUST-00699","customer00699@example.com","Male","53","71","Enterprise","Quarterly","Card","1293","91803","25","2","25","54","50","502.91","Price increase without enough added features","0","Pricing Issue","Yes"
"CUST-00700","customer00700@example.com","Male","40","64","Basic","Monthly","AutoPay","465","29760","32","6","18","15","61","261.38","Frustrated with repeated support delays","-1","Service Issue","Yes"
"CUST-00701","customer00701@example.com","Male","68","11","Premium","Annual","AutoPay","1035","11385","74","5","19","69","52","450.63","Price increase without enough added features","0","Pricing Issue","Yes"
"CUST-00702","customer00702@example.com","female","69","31","Basic","Annual","NetBanking","506","15686","79","3","11","89","57","218.49","Agents are not proactive and service follow-up is poor","-0.333","Service Issue","Yes"
"CUST-00703","customer00703@example.com","Male",,"69","Standard","Annual","UPI","693","47817","95","1","1","49","89","219.87",,"-0.333","Service Issue","No"
"CUST-00704","customer00704@example.com","Male","44","35","Basic","Monthly","NetBanking","529","18515","89","4","25","2","86","225.87","Monthly charges are too high and pricing is confusing","0","Pricing Issue","No"
"CUST-00705","customer00705@example.com","Male","48","70","Enterprise","Monthly","UPI","1338","93660","100","1","8","2","100","441.96","Satisfied with pricing and product value","0.5","Pricing Issue","No"
"CUST-00706","customer00706@example.com","Female","64","57","Basic","Monthly","Card","464","26448","54","5","1","29","67","227.29","Frustrated with repeated support delays","-1","Service Issue","No"
"CUST-00707","customer00707@example.com","Female","24","50","Standard","Quarterly","UPI","673","33650","91","2","26","8","91","240.00","Frequent network outages and unstable connectivity","-0.5","Network Issue","Yes"
"CUST-00708","customer00708@example.com","Male","69","19","Premium","Annual","UPI","1009","19171","59","0","30","82","44","366.50","Frequent network outages and unstable connectivity","-0.5","Network Issue","No"
"CUST-00709","customer00709@example.com","Female","60","22","Basic","Monthly","UPI","527","11594","74","0","0","75","55","166.76","Happy with the service quality and quick response","0.75","Service Issue","No"
"CUST-00710","customer00710@example.com","Female","45","8","Basic","Monthly","AutoPay","421","3368","55","5","26","67","41","243.00","Frustrated with repeated support delays","-1","Service Issue","Yes"
"CUST-00711","customer00711@example.com","Male","31","49","Premium","Annual","UPI","837","41013","84","4","19","87","67","353.83","Monthly charges are too high and pricing is confusing","0","Pricing Issue","Yes"
"CUST-00712","customer00712@example.com","Female","35","54","Standard","Annual","AutoPay","768","41472","79","4","10","31","80","312.20","The plan cost feels high compared with competitors","0","Pricing Issue","No"
"CUST-00713","customer00713@example.com","Female","65","60","Standard","Monthly","AutoPay",,"32340","87","0",,"56","80","162.53","Great support and reliable network experience","0","Network Issue","No"
"CUST-00714","customer00714@example.com","Male","41","27","pro","Quarterly","UPI","600","16200","77","6","7","35","68","292.89","Great support and reliable network experience","0","Network Issue","No"
"CUST-00715","customer00715@example.com","female","31","55","Basic","Quarterly","Card","387","21285","76","6","8","23","80","209.34","Excellent issue resolution and friendly support team","0","Service Issue","Yes"
"CUST-00716","customer00716@example.com","Male","44","35","Basic","Quarterly","NetBanking","400","14000","58","4","13","34","61","196.01","Support response is slow and issue resolution takes too long","-0.9","Service Issue","No"
"CUST-00717","customer00717@example.com","Female","52","56","Premium","Annual","NetBanking","900","50400","53","7","4","53","60","428.34","Agents are not proactive and service follow-up is poor","-0.333","Service Issue","Yes"
"CUST-00718","customer00718@example.com","Male","38","51","Premium","Quarterly","AutoPay","1133","57783","19","5","26","22","48","498.78","Too many disconnects and latency problems","0","Network Issue","Yes"
"CUST-00719","customer00719@example.com","Male","30","7","Premium","Quarterly","AutoPay","1031","7217","27","4","0","7","41","430.08","Monthly charges are too high and pricing is confusing","0","Pricing Issue","Yes"
"CUST-00720","customer00720@example.com","Male","38","44","Premium","Quarterly","UPI","1069","47036","65","1","5","56","62","378.61","Monthly charges are too high and pricing is confusing","0","Pricing Issue","Yes"
"CUST-00721","customer00721@example.com","Male","44","70","Enterprise","Annual","NetBanking","1447","101290","27","1","13","61","49","534.61","Price increase without enough added features","0","Pricing Issue","No"
"CUST-00722","customer00722@example.com","Male","43","58","Standard","Monthly","UPI","533","30914","90","4","22","31","87","227.98",,"0","Network Issue","No"
"CUST-00723","customer00723@example.com","Male","53","14","Basic","Annual","AutoPay","515","7210","62","3","27","24","58","226.49","Excellent issue resolution and friendly support team","0","Service Issue","Yes"
"CUST-00724","customer00724@example.com","Female","57","31","Premium","Monthly","UPI","975","30225","61","4","6","28","62","396.94","Great support and reliable network experience","0","Network Issue","No"
"CUST-00725","customer00725@example.com","Female","43","56","Standard","Monthly","UPI","759","42504",,"4","0","75","80","304.16","Frustrated with repeated support delays","-1","Service Issue","No"
"CUST-00726","customer00726@example.com","Female","32","10","Standard","Monthly","NetBanking","592","5920","80","6","29","67","56","311.35","The plan cost feels high compared with competitors","0","Pricing Issue","Yes"
"CUST-00727","customer00727@example.com","Male","61","56","Standard","Monthly","Card","738","41328","63","6","7","82","59","355.63","Too many disconnects and latency problems","0","Network Issue","No"
"CUST-00728","customer00728@example.com","female","35","49","Standard","Monthly","AutoPay","574","28126","74","6","4","46","71","282.06","Too many disconnects and latency problems","0","Network Issue","No"
"CUST-00729","customer00729@example.com","Female","68","23","Basic","Annual","NetBanking","474","10902","59","2","30","13","62","192.62","Satisfied with pricing and product value","0.5","Pricing Issue","Yes"
"CUST-00730","customer00730@example.com","Male","70","41","Standard","Monthly","UPI","788","32308","65","6","22","53","62","376.62","Smooth onboarding and very helpful account manager","0.857","Service Issue","Yes"
"CUST-00731","customer00731@example.com","Male","26","53","pro","Quarterly","UPI","561","29733","100","5","18","18","94","246.64","Great support and reliable network experience","0","Network Issue","Yes"
"CUST-00732","customer00732@example.com","Male","68","41","Basic","Annual","Card","284","11644","61","3","21","55","59","143.11","Agents are not proactive and service follow-up is poor","-0.333","Service Issue","No"
"CUST-00733","customer00733@example.com","Female","26","11","Premium","Annual","NetBanking","1091","12001","78","3","6","26","65","415.32","Customer service quality dropped after onboarding","-0.5","Service Issue","No"
"CUST-00734","customer00734@example.com","Male","35","64","Basic","Quarterly","UPI","450","28800","10","1","23","40","43","185.73","Happy with the service quality and quick response","0.75","Service Issue","No"
"CUST-00735","customer00735@example.com","Female","30","11","Standard","Annual","Card","778","8558","89","3","26","49","66","313.66","Excellent issue resolution and friendly support team","0","Service Issue","No"
"CUST-00736","customer00736@example.com","Female","64","44","Basic","Monthly","NetBanking",,"16632","27","5","0","31","48","212.10","The plan cost feels high compared with competitors","0","Pricing Issue","Yes"
"CUST-00737","customer00737@example.com","Male","64","46","Premium","Monthly","AutoPay","1044","48024","41","5","12","0","64","443.66","Great support and reliable network experience","0","Network Issue","No"
"CUST-00738","customer00738@example.com","Male","44","16","Basic","Monthly","UPI","588",,"20","7","28","71","24","357.24","Smooth onboarding and very helpful account manager","0.857","Service Issue","Yes"
"CUST-00739","customer00739@example.com","Male","42","63","Premium","Annual","Card","1018","64134","26","2","16","35","53","395.34","Smooth onboarding and very helpful account manager","0.857","Service Issue","No"
"CUST-00740","customer00740@example.com","Female",,"33","Basic","Annual","NetBanking","349","11517","55","5","21","18","62","198.07","Agents are not proactive and service follow-up is poor","-0.333","Service Issue","Yes"
"CUST-00741","customer00741@example.com","male","44","54","Standard","Monthly","UPI","676","36504","80","6","7","18","83","309.81",,"-0.333","Service Issue","Yes"
"CUST-00742","customer00742@example.com","Male","31","64","Basic","Quarterly","NetBanking","380","24320","27","2","4","4","61","150.94","Internet speed dropped and network quality is poor","-1","Network Issue","No"
"CUST-00743","customer00743@example.com","Male","48","42","Basic","Monthly","Card","550","23100","57","7","30","5","70","305.64","Price increase without enough added features","0","Pricing Issue","No"
"CUST-00744","customer00744@example.com","Male","25","21","Enterprise","Annual","Card","1310","27510","88","4",,"59","66","522.63","Happy with the service quality and quick response","0.75","Service Issue","No"
"CUST-00745","customer00745@example.com","Male","31","3","Premium","Monthly","AutoPay","1036","3108","13","3","7","30","26","430.97","Satisfied with pricing and product value","0.5","Pricing Issue","Yes"
"CUST-00746","customer00746@example.com","Male","69","19","Basic","Monthly","NetBanking","562","10678","62","6","29","74","47","309.61","Happy with the service quality and quick response","0.75","Service Issue","Yes"
"CUST-00747","customer00747@example.com","Female","27","26","Standard","Monthly","AutoPay","802","20852","25","3","26","7","46","341.52","Support response is slow and issue resolution takes too long","-0.9","Service Issue","Yes"
"CUST-00748","customer00748@example.com","Male","62","2","platinum","Monthly","UPI","1334","2668","20","1","21","79","17","518.39","Monthly charges are too high and pricing is confusing","0","Pricing Issue","Yes"
"CUST-00749","customer00749@example.com","Male","53","42","Standard","Annual","Card","746","31332","47","4","25","24","60","329.01","Excellent issue resolution and friendly support team","0","Service Issue","No"
"CUST-00750","customer00750@example.com","Male","36","46","Premium","Quarterly","UPI","855","39330","42","4","28","0","64","365.92","Satisfied with pricing and product value","0.5","Pricing Issue","Yes"
"CUST-00751","customer00751@example.com","Female","50","6","Basic","Annual","Card","357","2142","33","3","27","41","35","189.63","Price increase without enough added features","0","Pricing Issue","Yes"
"CUST-00752","customer00752@example.com","Female","21","14","Standard","Monthly","Card","616","8624","61","6","9","88","41","322.81","Billing feels expensive for the value received","-0.857","Pricing Issue","Yes"
"CUST-00753","customer00753@example.com","Female","60","30","Standard","Monthly","UPI","683","20490","63","0","14","0","70","216.68","Great support and reliable network experience","0","Network Issue","No"
"CUST-00754","customer00754@example.com","female","40","46","Enterprise","Monthly","NetBanking","1259","57914",,"4","0","27","66","494.44","Excellent issue resolution and friendly support team","0","Service Issue","Yes"
"CUST-00755","customer00755@example.com","Female","43","48","Premium","Monthly","UPI","1094","52512","34","4","14","47","49","459.18","The plan cost feels high compared with competitors","0","Pricing Issue","Yes"
"CUST-00756","customer00756@example.com","Male","44","33","Basic","Monthly","AutoPay","479","15807","100","5","23","70","74","235.95","Happy with the service quality and quick response","0.75","Service Issue","No"
"CUST-00757","customer00757@example.com","Male","54","8","Premium","Quarterly","UPI","833","6664","39","4","14","31","42","366.08","Great support and reliable network experience","0","Network Issue","No"
"CUST-00758","customer00758@example.com","Female","61","68","Basic","Quarterly","AutoPay","394","26792","71","5","1","63","72","199.77","Customer service quality dropped after onboarding","-0.5","Service Issue","Yes"
"CUST-00759","customer00759@example.com","Female","22","8","Basic","Monthly","AutoPay",,"2864","30","7","16","65","28","262.84","Happy with the service quality and quick response","0.75","Service Issue","Yes"
"CUST-00760","customer00760@example.com","Female","52","47","Premium","Monthly","UPI","1131","53157","36","7","26","6","60","522.44",,"-0.5","Network Issue","Yes"
"CUST-00761","customer00761@example.com","Male","44","37","Enterprise","Quarterly","AutoPay","1279","47323","62","1","1","28","65","448.05","Agents are not proactive and service follow-up is poor","-0.333","Service Issue","No"
"CUST-00762","customer00762@example.com","Male","22","30","Enterprise","Monthly","Card","1344","40320","59","0","2","68","51","466.36","The plan cost feels high compared with competitors","0","Pricing Issue","Yes"
"CUST-00763","customer00763@example.com","Female","38","33","Basic","Quarterly","AutoPay","392","12936","43","3","17","4","59","177.99","Excellent issue resolution and friendly support team","0","Service Issue","Yes"
"CUST-00764","customer00764@example.com","Male","32","20","Basic","Quarterly","UPI","480","9600","25","7","4","32","38","292.58","Monthly charges are too high and pricing is confusing","0","Pricing Issue","No"
"CUST-00765","customer00765@example.com","Male","57","50","platinum","Monthly","NetBanking","1264","63200","21","3","16","19","49","502.90","Great support and reliable network experience","0","Network Issue","No"
"CUST-00766","customer00766@example.com","Male","32","23","Basic","Annual","UPI","440","10120","89","0","12","13","79","119.48","Smooth onboarding and very helpful account manager","0.857","Service Issue","No"
"CUST-00767","customer00767@example.com","male","24","21","Basic","Monthly","NetBanking","297","6237","61","0","27","28","59","94.21","Agents are not proactive and service follow-up is poor","-0.333","Service Issue","Yes"
"CUST-00768","customer00768@example.com","Female","37","1","Standard","Quarterly","Card","787","787","77","5","16","27","61","349.92","Frequent network outages and unstable connectivity","-0.5","Network Issue","Yes"
"CUST-00769","customer00769@example.com","Female","68","33","Premium","Quarterly","NetBanking","899","29667","93","5","12","72","70","385.08","Agents are not proactive and service follow-up is poor","-0.333","Service Issue","Yes"
"CUST-00770","customer00770@example.com","Female","49","12","Standard","Quarterly","Card","580","6960","34","1","21","56","34","232.63","Too many disconnects and latency problems","0","Network Issue","Yes"
"CUST-00771","customer00771@example.com","Male","30","72","Standard","Monthly","UPI","790","56880","65","1","25","57","72","284.37","Satisfied with pricing and product value","0.5","Pricing Issue","Yes"
"CUST-00772","customer00772@example.com","Female","68","13","Standard","Annual","UPI","681","8853","64","3","8","61","50","283.86","Excellent issue resolution and friendly support team","0","Service Issue","No"
"CUST-00773","customer00773@example.com","Male","22","20","Basic","Annual","UPI","414","8280","72","7","3","45","60","247.89","Monthly charges are too high and pricing is confusing","0","Pricing Issue","No"
"CUST-00774","customer00774@example.com","Female","37","50","Basic","Annual","Card","485","24250","21","5","21","60","39","271.05","Price increase without enough added features","0","Pricing Issue","No"
"CUST-00775","customer00775@example.com","Male","21","37","Basic","Quarterly","NetBanking","452","16724","98","5",,"39","82","211.37","Satisfied with pricing and product value","0.5","Pricing Issue","Yes"
"CUST-00776","customer00776@example.com","Female","55","62","Basic","Monthly","Card","429","26598","39","0","20","30","61","141.98","Excellent issue resolution and friendly support team","0","Service Issue","No"
"CUST-00777","customer00777@example.com","Female",,"64","Basic","Monthly","NetBanking","584","37376","70","6","11","80","66","296.97","Support response is slow and issue resolution takes too long","-0.9","Service Issue","Yes"
"CUST-00778","customer00778@example.com","Male","69","18","Premium","Quarterly","NetBanking","918","16524","55","5","13","20","57","401.69","Satisfied with pricing and product value","0.5","Pricing Issue","No"
"CUST-00779","customer00779@example.com","Female","68","14","Premium","Annual","NetBanking","974",,"44","7","17","37","45","470.35",,"0","Service Issue","Yes"
"CUST-00780","customer00780@example.com","female","63","70","Basic","Annual","UPI","313","21910","50","5","23","74","58","195.49","Support response is slow and issue resolution takes too long","-0.9","Service Issue","Yes"
"CUST-00781","customer00781@example.com","Female","31","17","Basic","Monthly","NetBanking","556","9452","42","5","1","45","43","277.45","Great support and reliable network experience","0","Network Issue","Yes"
"CUST-00782","customer00782@example.com","Female","26","36","starter","Annual","Card",,"9000","52","0","8","51","53","74.16","Too many disconnects and latency problems","0","Network Issue","No"
"CUST-00783","customer00783@example.com","Female","35","10","Standard","Annual","NetBanking","532","5320",,"3","2","47","42","233.60","Customer service quality dropped after onboarding","-0.5","Service Issue","No"
"CUST-00784","customer00784@example.com","Female","23","28","Premium","Quarterly","Card","1105","30940","72","5","30","78","55","481.98","Smooth onboarding and very helpful account manager","0.857","Service Issue","Yes"
"CUST-00785","customer00785@example.com","Male","64","24","Premium","Quarterly","NetBanking","943","22632","78","4","11","43","66","384.53","Customer service quality dropped after onboarding","-0.5","Service Issue","No"
"CUST-00786","customer00786@example.com","Female","54","34","Standard","Quarterly","AutoPay","580","19720","82","3","1","55","68","229.43","The plan cost feels high compared with competitors","0","Pricing Issue","No"
"CUST-00787","customer00787@example.com","Male","30","62","Standard","Monthly","UPI","683","42346","68","6","14","79","64","335.38","Frustrated with repeated support delays","-1","Service Issue","Yes"
"CUST-00788","customer00788@example.com","Male","21","62","Premium","Annual","UPI","936","58032","60","0","15","70","62","320.85","Frustrated with repeated support delays","-1","Service Issue","No"
"CUST-00789","customer00789@example.com","Male","31","34","Enterprise","Monthly","Card","1382","46988","30","0","12","13","50","486.12","Frustrated with repeated support delays","-1","Service Issue","No"
"CUST-00790","customer00790@example.com","Female","32","66","Premium","Quarterly","AutoPay","885","58410","92","0","8","43","88","275.44","Agents are not proactive and service follow-up is poor","-0.333","Service Issue","No"
"CUST-00791","customer00791@example.com","Male","32","65","Basic","Quarterly","AutoPay","274","17810","47","2","14","19","69","111.70","Frequent network outages and unstable connectivity","-0.5","Network Issue","No"
"CUST-00792","customer00792@example.com","Male","45","71","Standard","Annual","Card","570","40470","71","5","6","42","78","260.30","Frustrated with repeated support delays","-1","Service Issue","Yes"
"CUST-00793","customer00793@example.com","female","52","11","Standard","Monthly","NetBanking","737","8107","90","5","30","67","62","340.92","Agents are not proactive and service follow-up is poor","-0.333","Service Issue","Yes"
"CUST-00794","customer00794@example.com","Male","45","19","Basic","Quarterly","AutoPay","528","10032","49","3","25","67","42","245.99","Frequent network outages and unstable connectivity","-0.5","Network Issue","Yes"
"CUST-00795","customer00795@example.com","Male","63","5","Premium","Annual","NetBanking","1115","5575","48","3","24","64","37","459.06","Smooth onboarding and very helpful account manager","0.857","Service Issue","Yes"
"CUST-00796","customer00796@example.com","Female","45","9","Premium","Monthly","AutoPay","964","8676","94","4","28","46","68","396.86","Great support and reliable network experience","0","Network Issue","Yes"
"CUST-00797","customer00797@example.com","Male","64","42","Basic","Monthly","UPI","398","16716","63","5","18","73","56","221.64","Monthly charges are too high and pricing is confusing","0","Pricing Issue","Yes"
"CUST-00798","customer00798@example.com","Female","62","66","Premium","Monthly","NetBanking","940","62040","79","0","6","42","81","300.40",,"0","Pricing Issue","No"
"CUST-00799","customer00799@example.com","Male","37","39","gold","Quarterly","Card","1103","43017","55","6","28","34","60","494.12","Excellent issue resolution and friendly support team","0","Service Issue","Yes"
"CUST-00800","customer00800@example.com","Male","26","39","Basic","Annual","NetBanking","579","22581","52","7","13","9","65","310.73","Price increase without enough added features","0","Pricing Issue","Yes"
"CUST-00801","customer00801@example.com","Male","28","13","Basic","Quarterly","Card","581","7553","80","5","4","38","64","268.14","Smooth onboarding and very helpful account manager","0.857","Service Issue","Yes"
"CUST-00802","customer00802@example.com","Female","32","3","Standard","Quarterly","UPI","633","1899","36","7","26","87","24","370.52","Support response is slow and issue resolution takes too long","-0.9","Service Issue","Yes"
"CUST-00803","customer00803@example.com","Male","63","4","Standard","Quarterly","NetBanking","675","2700","73","6","10","13","63","322.40","Price increase without enough added features","0","Pricing Issue","No"
"CUST-00804","customer00804@example.com","Male","23","61","Basic","Annual","UPI","343","20923","25","1","20","51","47","141.24","Frustrated with repeated support delays","-1","Service Issue","No"
"CUST-00805","customer00805@example.com","Male","68","30","Premium","Annual","AutoPay",,"26100","74","2","4","7","74","310.68","The plan cost feels high compared with competitors","0","Pricing Issue","Yes"
"CUST-00806","customer00806@example.com","female","52","56","Enterprise","Quarterly","Card","1345","75320","48","5",,"8","69","550.84","Signal issues keep affecting daily usage","-0.5","Network Issue","No"
"CUST-00807","customer00807@example.com","Female","59","17","Premium","Quarterly","AutoPay","1082","18394","85","2","14","21","72","392.70","Smooth onboarding and very helpful account manager","0.857","Service Issue","Yes"
"CUST-00808","customer00808@example.com","Male","66","57","Standard","Monthly","UPI","624","35568","79","4","8","60","73","265.68","Billing feels expensive for the value received","-0.857","Pricing Issue","No"
"CUST-00809","customer00809@example.com","Male","24","71","Basic","Annual","NetBanking","540","38340","10","1","14","36","46","210.96","The plan cost feels high compared with competitors","0","Pricing Issue","No"
"CUST-00810","customer00810@example.com","Female","25","47","Premium","Annual","Card","1111","52217","39","7","29","47","51","525.23","Monthly charges are too high and pricing is confusing","0","Pricing Issue","Yes"
"CUST-00811","customer00811@example.com","Female","23","61","Enterprise","Annual","UPI","1271","77531","100","0","17","2","100","406.41","Signal issues keep affecting daily usage","-0.5","Network Issue","No"
"CUST-00812","customer00812@example.com","Male","39","48","Standard","Quarterly","UPI","609","29232",,"4","26","58","58","283.32","Signal issues keep affecting daily usage","-0.5","Network Issue","Yes"
"CUST-00813","customer00813@example.com","Female","48","12","Standard","Monthly","Card","592","7104","58","3","1","53","48","249.23","Agents are not proactive and service follow-up is poor","-0.333","Service Issue","Yes"
"CUST-00814","customer00814@example.com","Female",,"20","Basic","Quarterly","AutoPay","388","7760","84","7","13","2","78","227.71","Customer service quality dropped after onboarding","-0.5","Service Issue","Yes"
"CUST-00815","customer00815@example.com","Male","31","3","Basic","Quarterly","NetBanking","476","1428","51","6","23","7","52","267.65","Frequent network outages and unstable connectivity","-0.5","Network Issue","Yes"
"CUST-00816","customer00816@example.com","Male","41","34","platinum","Quarterly","Card","1401","47634","72","6","26","30","69","591.74","Excellent issue resolution and friendly support team","0","Service Issue","Yes"
"CUST-00817","customer00817@example.com","Female","27","47","Basic","Annual","NetBanking","513","24111","49","0","1","88","46","173.39",,"-0.5","Network Issue","Yes"
"CUST-00818","customer00818@example.com","Female","28","21","Premium","Annual","NetBanking","906","19026","57","4","27","78","44","399.45","Great support and reliable network experience","0","Network Issue","Yes"
"CUST-00819","customer00819@example.com","male","52","58","Enterprise","Annual","NetBanking","1447","83926","47","0","29","12","68","505.81","Satisfied with pricing and product value","0.5","Pricing Issue","No"
"CUST-00820","customer00820@example.com","Male","34","39","Standard","Quarterly","NetBanking","844",,"43","7","23","51","50","426.21","Price increase without enough added features","0","Pricing Issue","Yes"
"CUST-00821","customer00821@example.com","Female","41","61","Premium","Monthly","NetBanking","895","54595","41","4","11","73","51","386.29","Price increase without enough added features","0","Pricing Issue","Yes"
"CUST-00822","customer00822@example.com","Male","22","52","Standard","Quarterly","NetBanking","611","31772","63","5","19","18","73","283.87","Smooth onboarding and very helpful account manager","0.857","Service Issue","No"
"CUST-00823","customer00823@example.com","Female","32","60","Basic","Monthly","UPI","329","19740","12","7","23","90","30","261.89","Support response is slow and issue resolution takes too long","-0.9","Service Issue","Yes"
"CUST-00824","customer00824@example.com","Female","23","6","Basic","Monthly","UPI","349","2094","37","0","13","12","44","116.09","Frequent network outages and unstable connectivity","-0.5","Network Issue","Yes"
"CUST-00825","customer00825@example.com","Male","59","50","Standard","Annual","AutoPay","731","36550","84","2","30","71","71","281.70","Frequent network outages and unstable connectivity","-0.5","Network Issue","Yes"
"CUST-00826","customer00826@example.com","Female","48","65","Standard","Quarterly","AutoPay","677","44005","10","5","27","31","46","339.31","Support response is slow and issue resolution takes too long","-0.9","Service Issue","Yes"
"CUST-00827","customer00827@example.com","Male","42","68","Premium","Monthly","UPI","1024","69632","66","0","7","64","69","342.61","Smooth onboarding and very helpful account manager","0.857","Service Issue","No"
"CUST-00828","customer00828@example.com","Male","30","62","Basic","Quarterly","Card",,"35588","71","4","23","53","72","257.35","The plan cost feels high compared with competitors","0","Pricing Issue","Yes"
"CUST-00829","customer00829@example.com","Male","69","26","Premium","Monthly","UPI","1036","26936","17","3","14","46","32","432.52","The plan cost feels high compared with competitors","0","Pricing Issue","Yes"
"CUST-00830","customer00830@example.com","Male","36","47","Enterprise","Monthly","NetBanking","1226","57622","92","3","11","24","86","452.71","Internet speed dropped and network quality is poor","-1","Network Issue","Yes"
"CUST-00831","customer00831@example.com","Male","45","43","Premium","Monthly","AutoPay","928","39904","88","7","13","11","86","418.13","Monthly charges are too high and pricing is confusing","0","Pricing Issue","No"
"CUST-00832","customer00832@example.com","male","63","72","Standard","Quarterly","Card","752","54144","85","3","5","72","79","289.29","Signal issues keep affecting daily usage","-0.5","Network Issue","No"
"CUST-00833","customer00833@example.com","Female","67","42","starter","Annual","Card","419","17598","84","6","26","61","71","238.22","Customer service quality dropped after onboarding","-0.5","Service Issue","No"
"CUST-00834","customer00834@example.com","Male","46","23","Basic","Quarterly","NetBanking","378","8694","51","2","20","20","56","158.24","Excellent issue resolution and friendly support team","0","Service Issue","Yes"
"CUST-00835","customer00835@example.com","Male","40","2","Standard","Annual","AutoPay","801","1602","32","4","12","53","30","363.32","Customer service quality dropped after onboarding","-0.5","Service Issue","No"
"CUST-00836","customer00836@example.com","Male","41","68","Premium","Quarterly","UPI","1134","77112","44","7","18","44","62","520.46",,"0","Service Issue","Yes"
"CUST-00837","customer00837@example.com","Female","59","26","Premium","Quarterly","NetBanking","878","22828","94","5",,"48","74","371.97","Billing feels expensive for the value received","-0.857","Pricing Issue","Yes"
"CUST-00838","customer00838@example.com","Male","67","1","Premium","Annual","UPI","791","791","83","0","29","18","66","263.35","Too many disconnects and latency problems","0","Network Issue","No"
"CUST-00839","customer00839@example.com","Male","53","23","Basic","Annual","NetBanking","464","10672","48","2","1","9","57","177.61","Frustrated with repeated support delays","-1","Service Issue","No"
"CUST-00840","customer00840@example.com","Female","38","46","Premium","Monthly","Card","1109","51014","12","5","26","65","31","504.86","Happy with the service quality and quick response","0.75","Service Issue","Yes"
"CUST-00841","customer00841@example.com","Male","37","63","Enterprise","Quarterly","Card","1312","82656",,"5","23","21","56","556.17","Happy with the service quality and quick response","0.75","Service Issue","No"
"CUST-00842","customer00842@example.com","Male","63","22","Standard","Quarterly","UPI","542","11924","75","1","17","61","59","195.65","Support response is slow and issue resolution takes too long","-0.9","Service Issue","Yes"
"CUST-00843","customer00843@example.com","Male","29","64","Standard","Quarterly","NetBanking","654","41856","71","3","25","59","72","270.33","Great support and reliable network experience","0","Network Issue","No"
"CUST-00844","customer00844@example.com","Female","39","53","Standard","Monthly","NetBanking","674","35722","34","0","28","62","47","246.38","Happy with the service quality and quick response","0.75","Service Issue","No"
"CUST-00845","customer00845@example.com","female","42","31","Basic","Monthly","UPI","539","16709","63","1","19","87","49","206.29","Frequent network outages and unstable connectivity","-0.5","Network Issue","Yes"
"CUST-00846","customer00846@example.com","Female","31","51","Premium","Quarterly","NetBanking","972","49572","57","3","29","85","53","402.59","Price increase without enough added features","0","Pricing Issue","Yes"
"CUST-00847","customer00847@example.com","Male","64","10","Standard","Annual","Card","682","6820","73","0","4","31","61","216.86","Internet speed dropped and network quality is poor","-1","Network Issue","Yes"
"CUST-00848","customer00848@example.com","Male","63","72","Basic","Monthly","AutoPay","304","21888","66","6","21","32","78","190.71","Frequent network outages and unstable connectivity","-0.5","Network Issue","Yes"
"CUST-00849","customer00849@example.com","Male","49","45","Basic","Monthly","NetBanking","323","14535","64","7","20","79","56","232.14","Price increase without enough added features","0","Pricing Issue","No"
"CUST-00850","customer00850@example.com","Female","52","71","pro","Quarterly","NetBanking","708","50268","60","4","24","81","63","316.74","The plan cost feels high compared with competitors","0","Pricing Issue","Yes"
"CUST-00851","customer00851@example.com","Female",,"28","Basic","Monthly","AutoPay",,"15764","20","5","7","22","40","286.77","Customer service quality dropped after onboarding","-0.5","Service Issue","Yes"
"CUST-00852","customer00852@example.com","Female","55","8","Premium","Annual","NetBanking","1091","8728","100","4","15","26","76","427.81","Billing feels expensive for the value received","-0.857","Pricing Issue","No"
"CUST-00853","customer00853@example.com","Male","39","50","Basic","Quarterly","UPI","430","21500","30","7","1","65","43","272.95","Support response is slow and issue resolution takes too long","-0.9","Service Issue","No"
"CUST-00854","customer00854@example.com","Female","58","16","Premium","Monthly","NetBanking","818","13088","78","1","29","41","63","296.39","Frustrated with repeated support delays","-1","Service Issue","Yes"
"CUST-00855","customer00855@example.com","Male","54","60","Enterprise","Annual","NetBanking","1363","81780","91","7","19","5","95","572.03",,"0","Service Issue","No"
"CUST-00856","customer00856@example.com","Female","64","58","Standard","Monthly","AutoPay","591","34278","94","1","7","50","84","189.17","Great support and reliable network experience","0","Network Issue","Yes"
"CUST-00857","customer00857@example.com","Male","65","12","Basic","Annual","AutoPay","566","6792","37","7","6","38","40","321.52","Frustrated with repeated support delays","-1","Service Issue","Yes"
"CUST-00858","customer00858@example.com","female","46","68","Premium","Quarterly","UPI","909","61812","95","5","8","3","100","362.62","Price increase without enough added features","0","Pricing Issue","No"
"CUST-00859","customer00859@example.com","Male","61","59","Basic","Annual","NetBanking","429","25311","16","6","29","2","54","260.25","Frequent network outages and unstable connectivity","-0.5","Network Issue","No"
"CUST-00860","customer00860@example.com","Female","49","42","Standard","Quarterly","UPI","617","25914","25","0","30","3","53","219.28","Agents are not proactive and service follow-up is poor","-0.333","Service Issue","No"
"CUST-00861","customer00861@example.com","Male","38","18","Basic","Annual","UPI","365",,"39","0","25","87","31","143.29","Agents are not proactive and service follow-up is poor","-0.333","Service Issue","Yes"
"CUST-00862","customer00862@example.com","Female","36","31","Standard","Monthly","UPI","666","20646","100","0","5","41","81","196.77","Frequent network outages and unstable connectivity","-0.5","Network Issue","No"
"CUST-00863","customer00863@example.com","Male","61","17","Standard","Monthly","NetBanking","683","11611","97","6","10","59","70","321.98","Satisfied with pricing and product value","0.5","Pricing Issue","Yes"
"CUST-00864","customer00864@example.com","Male","50","1","Premium","Monthly","AutoPay","884","884","41","6","22","38","38","426.78","Billing feels expensive for the value received","-0.857","Pricing Issue","Yes"
"CUST-00865","customer00865@example.com","Male","61","54","Basic","Monthly","UPI","318","17172","58","0","8","2","75","80.64","Happy with the service quality and quick response","0.75","Service Issue","No"
"CUST-00866","customer00866@example.com","Female","24","18","Premium","Quarterly","Card","1048","18864","89","7","18","72","62","482.72","Signal issues keep affecting daily usage","-0.5","Network Issue","Yes"
"CUST-00867","customer00867@example.com","Female","38","48","starter","Monthly","UPI","426","20448","66","1","5","73","60","149.99","Billing feels expensive for the value received","-0.857","Pricing Issue","Yes"
"CUST-00868","customer00868@example.com","Male","57","15","Basic","Monthly","NetBanking","431","6465","56","6",,"56","47","252.50","Too many disconnects and latency problems","0","Network Issue","Yes"
"CUST-00869","customer00869@example.com","Male","30","72","Enterprise","Monthly","UPI","1490","107280","64","5","26","16","81","599.58","Frustrated with repeated support delays","-1","Service Issue","Yes"
"CUST-00870","customer00870@example.com","Female","39","28","Basic","Monthly","Card","370","10360",,"5","26","52","61","208.94","The plan cost feels high compared with competitors","0","Pricing Issue","No"
"CUST-00871","customer00871@example.com","female","27","15","Basic","Annual","UPI","450","6750","7","6","15","74","16","289.81","The plan cost feels high compared with competitors","0","Pricing Issue","Yes"
"CUST-00872","customer00872@example.com","Male","63","22","Basic","Monthly","AutoPay","331","7282","81","2","1","57","63","124.93","Excellent issue resolution and friendly support team","0","Service Issue","No"
"CUST-00873","customer00873@example.com","Male","39","19","Standard","Quarterly","UPI","546","10374","39","4","27","84","32","280.65","Agents are not proactive and service follow-up is poor","-0.333","Service Issue","Yes"
"CUST-00874","customer00874@example.com","Male","31","40","Basic","Annual","NetBanking",,"10080","67","1","0","80","56","87.22",,"-0.5","Service Issue","Yes"
"CUST-00875","customer00875@example.com","Male","66","64","Enterprise","Monthly","AutoPay","1394","89216","78","4","16","84","69","552.28","Price increase without enough added features","0","Pricing Issue","Yes"
"CUST-00876","customer00876@example.com","Female","29","24","Premium","Quarterly","AutoPay","1030","24720","51","0","7","47","50","356.11","Smooth onboarding and very helpful account manager","0.857","Service Issue","No"
"CUST-00877","customer00877@example.com","Male","54","7","Standard","Annual","UPI","580","4060","55","2","28","82","37","251.12","Frequent network outages and unstable connectivity","-0.5","Network Issue","Yes"
"CUST-00878","customer00878@example.com","Male","56","15","Premium","Annual","NetBanking","921","13815","87","1","25","56","64","330.55","Frustrated with repeated support delays","-1","Service Issue","Yes"
"CUST-00879","customer00879@example.com","Female","69","13","Basic","Annual","AutoPay","331","4303","46","0","8","17","51","102.30","Smooth onboarding and very helpful account manager","0.857","Service Issue","No"
"CUST-00880","customer00880@example.com","Male","31","36","Premium","Monthly","UPI","995","35820","71","5","21","0","77","417.77","Happy with the service quality and quick response","0.75","Service Issue","Yes"
"CUST-00881","customer00881@example.com","Female","30","59","Standard","Monthly","AutoPay","818","48262","25","7","17","19","55","411.27","Internet speed dropped and network quality is poor","-1","Network Issue","Yes"
"CUST-00882","customer00882@example.com","Female","60","5","Basic","Monthly","UPI","298","1490","50","4","27","48","42","179.75","Agents are not proactive and service follow-up is poor","-0.333","Service Issue","Yes"
"CUST-00883","customer00883@example.com","Male","52","70","Enterprise","Monthly","NetBanking","1206","84420","68","2","8","36","78","436.60","Internet speed dropped and network quality is poor","-1","Network Issue","No"
"CUST-00884","customer00884@example.com","female","57","29","gold","Monthly","Card","929","26941","62","2","4","61","54","351.06","Agents are not proactive and service follow-up is poor","-0.333","Service Issue","No"
"CUST-00885","customer00885@example.com","Female","46","15","Basic","Annual","NetBanking","525","7875","43","7","13","14","50","301.31","Great support and reliable network experience","0","Network Issue","Yes"
"CUST-00886","customer00886@example.com","Female","25","16","Enterprise","Annual","AutoPay","1560","24960","100","7","11","30","78","647.97","Price increase without enough added features","0","Pricing Issue","Yes"
"CUST-00887","customer00887@example.com","Female","63","62","Standard","Monthly","NetBanking","578","35836","23","0","13","70","42","209.37","Customer service quality dropped after onboarding","-0.5","Service Issue","Yes"
"CUST-00888","customer00888@example.com","Female",,"45","Premium","Annual","Card","924","41580","64","7","28","66","59","449.78","Internet speed dropped and network quality is poor","-1","Network Issue","Yes"
"CUST-00889","customer00889@example.com","Female","26","25","Basic","Quarterly","AutoPay","485","12125","49","2","16","39","51","199.76","Frustrated with repeated support delays","-1","Service Issue","Yes"
"CUST-00890","customer00890@example.com","Female","49","8","Basic","Monthly","NetBanking","509","4072","100","3","5","40","73","198.15","Excellent issue resolution and friendly support team","0","Service Issue","No"
"CUST-00891","customer00891@example.com","Male","57","51","Standard","Quarterly","AutoPay","631","32181","75","6","4","7","82","292.36","Monthly charges are too high and pricing is confusing","0","Pricing Issue","Yes"
"CUST-00892","customer00892@example.com","Female","65","36","Premium","Monthly","AutoPay","1006","36216","99","3","10","34","84","373.84","Excellent issue resolution and friendly support team","0","Service Issue","No"
"CUST-00893","customer00893@example.com","Female","41","21","Basic","Annual","UPI","329","6909","30","4","3","53","36","186.03",,"-0.333","Service Issue","Yes"
"CUST-00894","customer00894@example.com","Female","22","48","Basic","Annual","NetBanking","351","16848","65","1","20","28","71","120.94","Smooth onboarding and very helpful account manager","0.857","Service Issue","Yes"
"CUST-00895","customer00895@example.com","Female","42","30","Enterprise","Quarterly","Card","1551","46530","92","7","25","17","82","650.79","Price increase without enough added features","0","Pricing Issue","No"
"CUST-00896","customer00896@example.com","Female","40","57","Basic","Quarterly","NetBanking","530","30210","19","3","26","53","42","252.06","Billing feels expensive for the value received","-0.857","Pricing Issue","Yes"
"CUST-00897","customer00897@example.com","male","45","21","Standard","Annual","UPI",,"12831","81","4","26","50","64","273.98","Frequent network outages and unstable connectivity","-0.5","Network Issue","Yes"
"CUST-00898","customer00898@example.com","Female","61","63","Premium","Monthly","UPI","971","61173","96","5","30","6","98","398.16","Signal issues keep affecting daily usage","-0.5","Network Issue","Yes"
"CUST-00899","customer00899@example.com","Male","22","9","Enterprise","Annual","Card","1452","13068",,"4",,"12","69","557.08","Price increase without enough added features","0","Pricing Issue","Yes"
"CUST-00900","customer00900@example.com","Male","35","32","Basic","Quarterly","AutoPay","289","9248","24","5","15","65","33","200.13","Excellent issue resolution and friendly support team","0","Service Issue","Yes"
"CUST-00901","customer00901@example.com","Male","27","64","pro","Annual","Card","687","43968","72","6","8","30","80","319.40","Too many disconnects and latency problems","0","Network Issue","No"
"CUST-00902","customer00902@example.com","Male","67","25","Standard","Monthly","UPI","789",,"59","2","8","49","54","302.20","Billing feels expensive for the value received","-0.857","Pricing Issue","Yes"
"CUST-00903","customer00903@example.com","Male","28","66","Basic","Quarterly","UPI","612","40392","100","7","20","24","97","301.20","Support response is slow and issue resolution takes too long","-0.9","Service Issue","No"
"CUST-00904","customer00904@example.com","Female","30","3","Standard","Quarterly","Card","691","2073","78","3","23","37","60","284.75","Monthly charges are too high and pricing is confusing","0","Pricing Issue","Yes"
"CUST-00905","customer00905@example.com","Female","51","55","Basic","Monthly","Card","480","26400","50","2","3","76","53","193.79","Satisfied with pricing and product value","0.5","Pricing Issue","Yes"
"CUST-00906","customer00906@example.com","Female","57","62","Premium","Annual","UPI","955","59210","41","6","17","44","58","440.05","Excellent issue resolution and friendly support team","0","Service Issue","No"
"CUST-00907","customer00907@example.com","Male","42","63","Premium","Monthly","UPI","900","56700","67","2","3","50","71","328.81","Excellent issue resolution and friendly support team","0","Service Issue","No"
"CUST-00908","customer00908@example.com","Female","39","17","Basic","Monthly","UPI","352","5984","44","5","19","38","46","211.23","Agents are not proactive and service follow-up is poor","-0.333","Service Issue","Yes"
"CUST-00909","customer00909@example.com","Female","49","17","Premium","Annual","Card","896","15232","71","1","6","9","68","307.46","Agents are not proactive and service follow-up is poor","-0.333","Service Issue","No"
"CUST-00910","customer00910@example.com","male","32","33","Standard","Annual","UPI","641","21153","66","5","21","49","61","305.13","Happy with the service quality and quick response","0.75","Service Issue","No"
"CUST-00911","customer00911@example.com","Female","25","54","Standard","Annual","NetBanking","853","46062","17","7","5","40","43","427.21","Satisfied with pricing and product value","0.5","Pricing Issue","Yes"
"CUST-00912","customer00912@example.com","Male","40","1","Standard","Monthly","AutoPay","751","751","73","0","0","21","60","238.72",,"-0.9","Service Issue","Yes"
"CUST-00913","customer00913@example.com","Female","26","43","Premium","Quarterly","NetBanking","889","38227","28","6","5","25","49","415.05","Internet speed dropped and network quality is poor","-1","Network Issue","Yes"
"CUST-00914","customer00914@example.com","Male","51","61","Standard","Quarterly","NetBanking","761","46421","68","0","17","25","78","244.33","Too many disconnects and latency problems","0","Network Issue","No"
"CUST-00915","customer00915@example.com","Female","33","28","Enterprise","Monthly","Card","1263","35364","43","1","21","83","38","477.61","Billing feels expensive for the value received","-0.857","Pricing Issue","Yes"
"CUST-00916","customer00916@example.com","Male","63","56","Premium","Monthly","AutoPay","854","47824","54","1","19","17","70","302.89","Excellent issue resolution and friendly support team","0","Service Issue","Yes"
"CUST-00917","customer00917@example.com","Male","48","67","Basic","Quarterly","UPI","388","25996","54","5","27","8","76","207.39","Customer service quality dropped after onboarding","-0.5","Service Issue","No"
"CUST-00918","customer00918@example.com","Female","37","43","starter","Monthly","Card","500","21500","100","7","18","52","82","270.64","Internet speed dropped and network quality is poor","-1","Network Issue","Yes"
"CUST-00919","customer00919@example.com","Male","54","32","Premium","Annual","AutoPay","1007","32224","40","1","11","45","47","371.61","The plan cost feels high compared with competitors","0","Pricing Issue","No"
"CUST-00920","customer00920@example.com","Male","55","4","Premium","Quarterly","NetBanking",,"4100","88","0","3","21","70","330.97","Satisfied with pricing and product value","0.5","Pricing Issue","No"
"CUST-00921","customer00921@example.com","Female","50","67","Basic","Monthly","Card","316","21172","83","5","6","55","80","166.70","Price increase without enough added features","0","Pricing Issue","No"
"CUST-00922","customer00922@example.com","Male","51","71","Standard","Annual","UPI","497","35287","85","1","14","88","75","170.46","Agents are not proactive and service follow-up is poor","-0.333","Service Issue","No"
"CUST-00923","customer00923@example.com","female","21","26","Basic","Monthly","NetBanking","296","7696","27","3","19","85","28","173.23","Customer service quality dropped after onboarding","-0.5","Service Issue","Yes"
"CUST-00924","customer00924@example.com","Female","50","16","Standard","Annual","Card","806","12896","48","7","16","65","41","413.68","Excellent issue resolution and friendly support team","0","Service Issue","No"
"CUST-00925","customer00925@example.com","Male",,"70","Basic","Quarterly","AutoPay","284","19880","24","4","8","71","45","171.08","Smooth onboarding and very helpful account manager","0.857","Service Issue","No"
"CUST-00926","customer00926@example.com","Female","59","56","Premium","Annual","UPI","905","50680","75","5","24","23","80","386.94","Monthly charges are too high and pricing is confusing","0","Pricing Issue","Yes"
"CUST-00927","customer00927@example.com","Female","40","48","Standard","Quarterly","NetBanking","538","25824","70","0","11","20","75","160.89","Happy with the service quality and quick response","0.75","Service Issue","No"
"CUST-00928","customer00928@example.com","Male","66","20","Basic","Annual","AutoPay","514","10280",,"7","24","84","62","294.80","Price increase without enough added features","0","Pricing Issue","Yes"
"CUST-00929","customer00929@example.com","Female","30","52","Standard","Monthly","NetBanking","712","37024","67","5","26","60","65","332.16","Smooth onboarding and very helpful account manager","0.857","Service Issue","Yes"
"CUST-00930","customer00930@example.com","Female","44","42","Standard","Quarterly","NetBanking","773","32466","44","3",,"20","59","321.82","Support response is slow and issue resolution takes too long","-0.9","Service Issue","Yes"
"CUST-00931","customer00931@example.com","Male","38","14","Standard","Quarterly","NetBanking","701","9814","49","1","25","5","56","258.29",,"0.75","Service Issue","No"
"CUST-00932","customer00932@example.com","Female","30","51","Premium","Annual","AutoPay","990","50490","7","2","19","62","31","405.05","Customer service quality dropped after onboarding","-0.5","Service Issue","Yes"
"CUST-00933","customer00933@example.com","Male","56","51","Basic","Monthly","Card","526","26826","63","5","24","73","59","269.40","Internet speed dropped and network quality is poor","-1","Network Issue","Yes"
"CUST-00934","customer00934@example.com","Male","43","14","Standard","Quarterly","AutoPay","725","10150","100","0","26","3","84","223.50","Support response is slow and issue resolution takes too long","-0.9","Service Issue","No"
"CUST-00935","customer00935@example.com","Male","57","26","starter","Quarterly","AutoPay","540","14040","79","4","16","36","69","239.66","Support response is slow and issue resolution takes too long","-0.9","Service Issue","No"
"CUST-00936","customer00936@example.com","male","50","9","Basic","Annual","NetBanking","512","4608","52","0","15","18","52","169.27","Internet speed dropped and network quality is poor","-1","Network Issue","No"
"CUST-00937","customer00937@example.com","Male","26","36","Basic","Annual","AutoPay","239","8604","86","0","26","34","76","59.02","Billing feels expensive for the value received","-0.857","Pricing Issue","No"
"CUST-00938","customer00938@example.com","Female","55","55","Basic","Annual","NetBanking","288","15840","85","2","1","46","80","98.87","Customer service quality dropped after onboarding","-0.5","Service Issue","No"
"CUST-00939","customer00939@example.com","Female","30","44","Basic","Quarterly","NetBanking","388","17072","74","4","22","37","72","187.74","Billing feels expensive for the value received","-0.857","Pricing Issue","Yes"
"CUST-00940","customer00940@example.com","Male","31","14","Enterprise","Quarterly","UPI","1313","18382","55","3","13","5","59","505.01","Excellent issue resolution and friendly support team","0","Service Issue","No"
"CUST-00941","customer00941@example.com","Female","57","67","Standard","Quarterly","NetBanking","656","43952","73","1","20","88","67","237.72","Price increase without enough added features","0","Pricing Issue","No"
"CUST-00942","customer00942@example.com","Female","37","69","Basic","Monthly","UPI","491","33879","58","3","23","15","77","205.59","Support response is slow and issue resolution takes too long","-0.9","Service Issue","Yes"
"CUST-00943","customer00943@example.com","Male","52","5","Standard","Annual","Card",,,"30","3","15","37","34","274.83","Billing feels expensive for the value received","-0.857","Pricing Issue","Yes"
"CUST-00944","customer00944@example.com","Male","65","2","Premium","Annual","NetBanking","869","1738","56","4","7","79","37","379.29","The plan cost feels high compared with competitors","0","Pricing Issue","No"
"CUST-00945","customer00945@example.com","Male","35","46","Basic","Monthly","UPI","390","17940","46","7","6","13","63","241.54","Internet speed dropped and network quality is poor","-1","Network Issue","No"
"CUST-00946","customer00946@example.com","Female","51","7","Standard","Quarterly","NetBanking","741","5187","13","7","25","56","21","412.19","The plan cost feels high compared with competitors","0","Pricing Issue","Yes"
"CUST-00947","customer00947@example.com","Female","59","10","Standard","Annual","Card","505","5050","54","0","15","47","46","172.53","Great support and reliable network experience","0","Network Issue","Yes"
"CUST-00948","customer00948@example.com","Female","32","2","Enterprise","Annual","NetBanking","1258","2516","85","2","28","58","58","475.34","The plan cost feels high compared with competitors","0","Pricing Issue","Yes"
"CUST-00949","customer00949@example.com","male","46","32","Premium","Quarterly","AutoPay","828","26496","96","1","16","4","88","272.08","Excellent issue resolution and friendly support team","0","Service Issue","Yes"
"CUST-00950","customer00950@example.com","Female","59","62","Basic","Annual","Card","349","21638","70","7","6","26","79","215.02",,"0","Service Issue","No"
"CUST-00951","customer00951@example.com","Male","52","25","Standard","Quarterly","AutoPay","797","19925","86","4","27","56","67","339.71","Customer service quality dropped after onboarding","-0.5","Service Issue","Yes"
"CUST-00952","customer00952@example.com","Male","48","20","starter","Annual","NetBanking","257","5140","41","0","12","9","52","77.18","Frustrated with repeated support delays","-1","Service Issue","No"
"CUST-00953","customer00953@example.com","Male","63","23","Standard","Annual","UPI","499","11477","40","0","0","49","43","167.26","Price increase without enough added features","0","Pricing Issue","No"
"CUST-00954","customer00954@example.com","Female","52","18","Standard","Quarterly","Card","721","12978","53","1","12","68","43","270.74","Price increase without enough added features","0","Pricing Issue","No"
"CUST-00955","customer00955@example.com","Male","28","64","Standard","Quarterly","Card","635","40640","94","6","26","40","89","301.98","Great support and reliable network experience","0","Network Issue","Yes"
"CUST-00956","customer00956@example.com","Male","28","7","Standard","Monthly","AutoPay","510","3570","49","2","20","77","35","223.32","Signal issues keep affecting daily usage","-0.5","Network Issue","No"
"CUST-00957","customer00957@example.com","Female","34","54","Enterprise","Quarterly","UPI","1335","72090",,"5","30","16","93","532.72","Customer service quality dropped after onboarding","-0.5","Service Issue","Yes"
"CUST-00958","customer00958@example.com","Female","44","56","Enterprise","Quarterly","NetBanking","1318","73808","18","1","22","84","34","505.66","Monthly charges are too high and pricing is confusing","0","Pricing Issue","Yes"
"CUST-00959","customer00959@example.com","Female","35","11","Premium","Monthly","AutoPay","926","10186","69","1","24","45","56","338.88","Great support and reliable network experience","0","Network Issue","Yes"
"CUST-00960","customer00960@example.com","Male","25","16","Basic","Monthly","Card","488","7808","88","6","2","46","68","248.94","Support response is slow and issue resolution takes too long","-0.9","Service Issue","No"
"CUST-00961","customer00961@example.com","Male","36","55","Standard","Quarterly","Card","664","36520","95","1",,"14","93","218.95","Frustrated with repeated support delays","-1","Service Issue","Yes"
"CUST-00962","customer00962@example.com","female",,"55","Enterprise","Quarterly","Card","1460","80300","19","3","5","21","49","567.99","Satisfied with pricing and product value","0.5","Pricing Issue","Yes"
"CUST-00963","customer00963@example.com","Male","24","72","Basic","Annual","AutoPay","468","33696","29","1","14","47","54","178.00","Support response is slow and issue resolution takes too long","-0.9","Service Issue","No"
"CUST-00964","customer00964@example.com","Male","41","60","Basic","Monthly","AutoPay","355","21300","92","2","10","24","91","118.26","Billing feels expensive for the value received","-0.857","Pricing Issue","Yes"
"CUST-00965","customer00965@example.com","Male","33","23","Basic","Monthly","NetBanking","392","9016","90","1","26","25","76","130.28","Happy with the service quality and quick response","0.75","Service Issue","No"
"CUST-00966","customer00966@example.com","Female","32","68","Premium","Quarterly","Card",,"72012","35","5","4","21","63","448.74","Too many disconnects and latency problems","0","Network Issue","Yes"
"CUST-00967","customer00967@example.com","Male","63","35","Premium","Annual","NetBanking","1045","36575","61","6","30","28","64","470.62","Signal issues keep affecting daily usage","-0.5","Network Issue","Yes"
"CUST-00968","customer00968@example.com","Male","26","65","Basic","Monthly","UPI","546","35490","57","6","14","46","68","283.10","Too many disconnects and latency problems","0","Network Issue","Yes"
"CUST-00969","customer00969@example.com","Female","69","59","gold","Monthly","NetBanking","1084","63956","38","2","22","28","60","415.44",,"0","Pricing Issue","Yes"
"CUST-00970","customer00970@example.com","Male","54","48","Basic","Quarterly","AutoPay","524","25152","55","3","26","69","55","237.36","Customer service quality dropped after onboarding","-0.5","Service Issue","Yes"
"CUST-00971","customer00971@example.com","Male","70","1","Basic","Monthly","NetBanking","610","610","17","7","14","86","13","365.26","Too many disconnects and latency problems","0","Network Issue","Yes"
"CUST-00972","customer00972@example.com","Female","22","16","Standard","Quarterly","Card","822","13152","63","4","0","87","44","354.42","Frustrated with repeated support delays","-1","Service Issue","Yes"
"CUST-00973","customer00973@example.com","Female","37","32","Basic","Annual","AutoPay","516","16512","70","5","21","6","73","247.99","Customer service quality dropped after onboarding","-0.5","Service Issue","No"
"CUST-00974","customer00974@example.com","Male","23","38","Enterprise","Monthly","NetBanking","1271","48298","77","5","25","70","63","532.77","Satisfied with pricing and product value","0.5","Pricing Issue","Yes"
"CUST-00975","customer00975@example.com","female","53","35","Basic","Quarterly","Card","426","14910","53","5","4","13","63","215.88","Price increase without enough added features","0","Pricing Issue","No"
"CUST-00976","customer00976@example.com","Female","52","7","Basic","Quarterly","NetBanking","347","2429","45","2","1","62","37","152.59","Great support and reliable network experience","0","Network Issue","Yes"
"CUST-00977","customer00977@example.com","Female","39","3","Basic","Quarterly","NetBanking","319","957","39","7","28","69","30","252.76","Frustrated with repeated support delays","-1","Service Issue","Yes"
"CUST-00978","customer00978@example.com","Male","34","36","Premium","Annual","UPI","1092","39312","31","4","8","83","34","467.46","Excellent issue resolution and friendly support team","0","Service Issue","Yes"
"CUST-00979","customer00979@example.com","Male","56","39","Standard","Annual","Card","790","30810","49","6","10","45","54","377.18","Satisfied with pricing and product value","0.5","Pricing Issue","No"
"CUST-00980","customer00980@example.com","Male","38","70","Basic","Monthly","Card","232","16240","49","0","10","4","75","52.88","Happy with the service quality and quick response","0.75","Service Issue","No"
"CUST-00981","customer00981@example.com","Female","36","68","Standard","Annual","NetBanking","816","55488","41","4","10","55","58","351.72","Agents are not proactive and service follow-up is poor","-0.333","Service Issue","Yes"
"CUST-00982","customer00982@example.com","Male","52","14","Premium","Monthly","NetBanking","992","13888","33","5","18","15","44","441.60","Frustrated with repeated support delays","-1","Service Issue","Yes"
"CUST-00983","customer00983@example.com","Male","37","57","Basic","Quarterly","NetBanking","480","27360","43","7","20","5","67","279.24","Billing feels expensive for the value received","-0.857","Pricing Issue","No"
"CUST-00984","customer00984@example.com","Female","29","40","Basic","Quarterly","Card","544",,"74","3","4","84","59","228.00","Customer service quality dropped after onboarding","-0.5","Service Issue","Yes"
"CUST-00985","customer00985@example.com","Female","31","65","Basic","Monthly","Card","448","29120","30","0","14","81","44","161.72","Internet speed dropped and network quality is poor","-1","Network Issue","Yes"
"CUST-00986","customer00986@example.com","Female","59","69","starter","Annual","NetBanking","320","22080",,"6","20","40","73","200.38","Excellent issue resolution and friendly support team","0","Service Issue","Yes"
"CUST-00987","customer00987@example.com","Male","39","56","Standard","Annual","AutoPay","695","38920","85","0","6","25","85","206.92","Price increase without enough added features","0","Pricing Issue","No"
"CUST-00988","customer00988@example.com","male","43","51","Premium","Annual","Card","1002","51102","74","6","21","55","70","447.29",,"-0.857","Pricing Issue","Yes"
"CUST-00989","customer00989@example.com","Male","42","3","Premium","Annual","UPI",,"2808","69","6","9","14","60","418.23","Satisfied with pricing and product value","0.5","Pricing Issue","Yes"
"CUST-00990","customer00990@example.com","Male","68","63","Standard","Quarterly","AutoPay","585","36855","86","7","5","51","82","297.25","Great support and reliable network experience","0","Network Issue","No"
"CUST-00991","customer00991@example.com","Male","45","33","Standard","Quarterly","AutoPay","818","26994","45","4","23","44","50","361.25","Customer service quality dropped after onboarding","-0.5","Service Issue","No"
"CUST-00992","customer00992@example.com","Male","37","63","Premium","Monthly","UPI","823","51849","93","3",,"53","85","307.36","Frustrated with repeated support delays","-1","Service Issue","No"
"CUST-00993","customer00993@example.com","Male","60","49","Standard","Annual","AutoPay","737","36113","81","7","27","63","71","371.97","Frustrated with repeated support delays","-1","Service Issue","Yes"
"CUST-00994","customer00994@example.com","Female","66","18","Basic","Quarterly","AutoPay","458","8244","49","2","23","48","46","197.31","Billing feels expensive for the value received","-0.857","Pricing Issue","Yes"
"CUST-00995","customer00995@example.com","Male","38","45","Basic","Quarterly","NetBanking","581","26145","88","6","20","8","87","277.98","Billing feels expensive for the value received","-0.857","Pricing Issue","Yes"
"CUST-00996","customer00996@example.com","Female","50","63","Standard","Monthly","Card","661","41643","25","3","6","2","60","271.90","Satisfied with pricing and product value","0.5","Pricing Issue","No"
"CUST-00997","customer00997@example.com","Female","29","13","Standard","Annual","UPI","814","10582","37","4","5","66","33","362.79","Smooth onboarding and very helpful account manager","0.857","Service Issue","No"
"CUST-00998","customer00998@example.com","Male","50","26","Premium","Quarterly","UPI","993","25818","11","2","1","71","22","400.89","Frequent network outages and unstable connectivity","-0.5","Network Issue","Yes"
"CUST-00999","customer00999@example.com","Male",,"40","Basic","Annual","UPI","575","23000","65","5","25","86","53","291.69","Happy with the service quality and quick response","0.75","Service Issue","Yes"
"CUST-01000","customer01000@example.com","Female","60","10","Premium","Monthly","Card","1087","10870","24","3","10","57","27","450.70","Satisfied with pricing and product value","0.5","Pricing Issue","Yes"
"CUST-01001","customer01001@example.com","female","61","45","Standard","Monthly","Card","627","28215","74","2","20","60","66","242.02","The plan cost feels high compared with competitors","0","Pricing Issue","No"
"CUST-01002","customer01002@example.com","Male","64","41","Basic","Quarterly","AutoPay","349","14309","53","0","7","83","48","115.53","Satisfied with pricing and product value","0.5","Pricing Issue","No"
"CUST-01003","customer01003@example.com","Female","35","67","pro","Annual","Card","762","51054","61","4","19","9","80","316.37","Smooth onboarding and very helpful account manager","0.857","Service Issue","No"
"CUST-01004","customer01004@example.com","Female","31","57","Premium","Monthly","UPI","1009","57513","39","0","24","77","47","365.16","Happy with the service quality and quick response","0.75","Service Issue","Yes"
"CUST-01005","customer01005@example.com","Male","37","2","Enterprise","Monthly","Card","1392","2784","24","2","9","58","24","543.63","The plan cost feels high compared with competitors","0","Pricing Issue","Yes"
"CUST-01006","customer01006@example.com","Female","27","31","Premium","Annual","Card","1010","31310","27","7","18","83","30","500.34","Customer service quality dropped after onboarding","-0.5","Service Issue","Yes"
"CUST-01007","customer01007@example.com","Female","22","69","Basic","Annual","UPI","524","36156","82","5","5","69","77","244.53",,"-0.857","Pricing Issue","Yes"
"CUST-01008","customer01008@example.com","Female","30","8","Basic","Annual","UPI","275","2200","19","0","29","25","32","110.01","Happy with the service quality and quick response","0.75","Service Issue","Yes"
"CUST-01009","customer01009@example.com","Female","61","43","Enterprise","Quarterly","AutoPay","1267","54481","27","5","23","20","50","542.33","Too many disconnects and latency problems","0","Network Issue","Yes"
"CUST-01010","customer01010@example.com","Male","37","49","Basic","Monthly","AutoPay","336","16464","88","3","4","31","83","131.78","Excellent issue resolution and friendly support team","0","Service Issue","No"
"CUST-01011","customer01011@example.com","Female","58","67","Enterprise","Annual","AutoPay","1350","90450","65","4","5","82","64","535.87","Smooth onboarding and very helpful account manager","0.857","Service Issue","No"
"CUST-01012","customer01012@example.com","Male","48","8","Premium","Monthly","NetBanking",,"8528","89","5","3","43","66","439.79","Price increase without enough added features","0","Pricing Issue","Yes"
"CUST-01013","customer01013@example.com","Male","27","15","Premium","Annual","UPI","975","14625","47","7","20","46","45","472.84","Price increase without enough added features","0","Pricing Issue","Yes"
"CUST-01014","customer01014@example.com","female","64","44","Standard","Monthly","AutoPay","801","35244","19","6","3","43","40","390.91","Satisfied with pricing and product value","0.5","Pricing Issue","Yes"
"CUST-01015","customer01015@example.com","Male","66","34","Basic","Annual","NetBanking","580","19720",,"6","26","77","45","318.96","Excellent issue resolution and friendly support team","0","Service Issue","No"
"CUST-01016","customer01016@example.com","Female","55","10","Basic","Quarterly","AutoPay","587","5870","35","6","23","26","41","318.91","Too many disconnects and latency problems","0","Network Issue","Yes"
"CUST-01017","customer01017@example.com","Female","52","41","Basic","Quarterly","Card","425","17425","82","6","4","75","66","232.82","Great support and reliable network experience","0","Network Issue","No"
"CUST-01018","customer01018@example.com","Male","58","31","Basic","Annual","Card","387","11997","10","3","18","42","31","202.72","Price increase without enough added features","0","Pricing Issue","Yes"
"CUST-01019","customer01019@example.com","Male","65","59","Basic","Quarterly","NetBanking","341","20119","76","4","6","18","83","153.76","Price increase without enough added features","0","Pricing Issue","No"
"CUST-01020","customer01020@example.com","Female","67","5","pro","Monthly","NetBanking","629","3145","59","4","9","8","57","274.91","Too many disconnects and latency problems","0","Network Issue","Yes"
"CUST-01021","customer01021@example.com","Male","33","69","Standard","Monthly","UPI","697","48093","91","4","21","75","80","294.55","Support response is slow and issue resolution takes too long","-0.9","Service Issue","Yes"
"CUST-01022","customer01022@example.com","Male","45","64","Premium","Quarterly","UPI","872","55808","33","5","25","38","56","398.77","Smooth onboarding and very helpful account manager","0.857","Service Issue","No"
"CUST-01023","customer01023@example.com","Female","65","50","Basic","Annual","NetBanking","458","22900","68","1",,"51","67","166.42","Agents are not proactive and service follow-up is poor","-0.333","Service Issue","No"
"CUST-01024","customer01024@example.com","Male","28","66","Standard","Monthly","AutoPay","649","42834","54","1","7","13","75","219.73","Price increase without enough added features","0","Pricing Issue","No"
"CUST-01025","customer01025@example.com","Male","47","24","Enterprise","Annual","NetBanking","1467",,"47","5","25","2","59","604.53","Monthly charges are too high and pricing is confusing","0","Pricing Issue","Yes"
"CUST-01026","customer01026@example.com","Male","31","28","Enterprise","Monthly","AutoPay","1253","35084","17","0","4","25","38","445.74",,"-1","Network Issue","Yes"
"CUST-01027","customer01027@example.com","male","37","43","Premium","Quarterly","NetBanking","961","41323","33","0","8","24","52","331.88","Signal issues keep affecting daily usage","-0.5","Network Issue","No"
"CUST-01028","customer01028@example.com","Male","53","1","Standard","Monthly","NetBanking","720","720","63","7","14","46","48","372.26","Excellent issue resolution and friendly support team","0","Service Issue","Yes"
"CUST-01029","customer01029@example.com","Male","35","5","Standard","Monthly","UPI","593","2965","48","4","21","29","46","279.09","Smooth onboarding and very helpful account manager","0.857","Service Issue","No"
"CUST-01030","customer01030@example.com","Male","43","15","Basic","Quarterly","NetBanking","407","6105","87","5","12","8","76","198.84","Too many disconnects and latency problems","0","Network Issue","Yes"
"CUST-01031","customer01031@example.com","Male","42","18","Enterprise","Annual","Card","1422","25596","72","3","15","58","56","548.85","Smooth onboarding and very helpful account manager","0.857","Service Issue","No"
"CUST-01032","customer01032@example.com","Male","35","35","Basic","Monthly","AutoPay","408","14280","45","2","27","33","54","176.85","Monthly charges are too high and pricing is confusing","0","Pricing Issue","No"
"CUST-01033","customer01033@example.com","Male","43","61","Basic","Quarterly","AutoPay","501","30561","62","2","12","60","65","195.38","Support response is slow and issue resolution takes too long","-0.9","Service Issue","Yes"
"CUST-01034","customer01034@example.com","Male","44","61","Premium","Quarterly","AutoPay","1001","61061","39","6","15","85","47","466.53","Great support and reliable network experience","0","Network Issue","Yes"
"CUST-01035","customer01035@example.com","Female","51","37","Basic","Monthly","Card",,"18685","91","1","23","75","69","178.29","Price increase without enough added features","0","Pricing Issue","Yes"
"CUST-01036","customer01036@example.com","Male",,"16","Basic","Annual","UPI","356","5696","22","6","20","51","30","245.52","Happy with the service quality and quick response","0.75","Service Issue","Yes"
"CUST-01037","customer01037@example.com","Female","31","54","starter","Quarterly","Card","430","23220","18","6","5","83","33","266.75","Great support and reliable network experience","0","Network Issue","Yes"
"CUST-01038","customer01038@example.com","Female","44","67","Basic","Quarterly","UPI","556","37252","47","3","1","20","69","223.95","Smooth onboarding and very helpful account manager","0.857","Service Issue","No"
"CUST-01039","customer01039@example.com","Female","33","48","Enterprise","Monthly","NetBanking","1446","69408","63","0","0","72","58","497.70","Too many disconnects and latency problems","0","Network Issue","No"
"CUST-01040","customer01040@example.com","female","67","31","Standard","Quarterly","NetBanking","682","21142","61","6","20","84","48","348.60","Frustrated with repeated support delays","-1","Service Issue","Yes"
"CUST-01041","customer01041@example.com","Male","26","22","Standard","Quarterly","UPI","699","15378","99","3","14","19","82","264.44","Happy with the service quality and quick response","0.75","Service Issue","No"
"CUST-01042","customer01042@example.com","Male","22","50","Basic","Monthly","UPI","476","23800","79","0","27","3","85","138.43","Signal issues keep affecting daily usage","-0.5","Network Issue","No"
"CUST-01043","customer01043@example.com","Male","44","24","Standard","Monthly","AutoPay","585","14040","50","6","19","79","41","318.69","Agents are not proactive and service follow-up is poor","-0.333","Service Issue","Yes"
"CUST-01044","customer01044@example.com","Female","32","24","Standard","Annual","Card","663","15912",,"3","16","60","55","278.56","Price increase without enough added features","0","Pricing Issue","No"
"CUST-01045","customer01045@example.com","Male","65","52","Premium","Quarterly","Card","827","43004","38","3","30","45","53","350.66",,"0","Pricing Issue","Yes"
"CUST-01046","customer01046@example.com","Female","52","37","Standard","Quarterly","UPI","659","24383","99","6","21","40","82","310.23","Support response is slow and issue resolution takes too long","-0.9","Service Issue","Yes"
"CUST-01047","customer01047@example.com","Male","50","56","Standard","Quarterly","NetBanking","649","36344","25","3","0","29","51","272.02","Happy with the service quality and quick response","0.75","Service Issue","No"
"CUST-01048","customer01048@example.com","Male","35","45","Basic","Quarterly","UPI","509","22905","24","1","3","67","37","198.87","Smooth onboarding and very helpful account manager","0.857","Service Issue","Yes"
"CUST-01049","customer01049@example.com","Male","60","69","Basic","Annual","AutoPay","390","26910","47","6","4","40","65","224.28","Too many disconnects and latency problems","0","Network Issue","No"
"CUST-01050","customer01050@example.com","Female","57","72","Standard","Annual","Card","624","44928","23","1","23","29","56","237.79","Monthly charges are too high and pricing is confusing","0","Pricing Issue","No"
"CUST-01051","customer01051@example.com","Female","54","15","Standard","Quarterly","UPI","775","11625","39","4","26","32","44","350.78","Customer service quality dropped after onboarding","-0.5","Service Issue","Yes"
"CUST-01052","customer01052@example.com","Female","64","13","Standard","Monthly","Card","860","11180","51","7","14","78","38","434.18","Support response is slow and issue resolution takes too long","-0.9","Service Issue","Yes"
"CUST-01053","customer01053@example.com","male","42","64","Basic","Annual","UPI","396","25344","93","5","17","35","90","192.29","Agents are not proactive and service follow-up is poor","-0.333","Service Issue","Yes"
"CUST-01054","customer01054@example.com","Female","35","57","platinum","Annual","UPI","1410","80370","53","6",,"78","55","597.56","Frustrated with repeated support delays","-1","Service Issue","No"
"CUST-01055","customer01055@example.com","Male","59","6","Basic","Annual","AutoPay","428","2568","9","0","17","23","26","163.37","Support response is slow and issue resolution takes too long","-0.9","Service Issue","Yes"
"CUST-01056","customer01056@example.com","Female","52","24","Standard","Quarterly","AutoPay","680","16320","42","1","16","87","35","267.16","Monthly charges are too high and pricing is confusing","0","Pricing Issue","Yes"
"CUST-01057","customer01057@example.com","Female","23","15","Standard","Monthly","NetBanking","583","8745","54","0","23","67","43","208.91","Customer service quality dropped after onboarding","-0.5","Service Issue","Yes"
"CUST-01058","customer01058@example.com","Male","28","42","Standard","Annual","Card",,"31710","35","7","0","6","57","374.18","Great support and reliable network experience","0","Network Issue","No"
"CUST-01059","customer01059@example.com","Male","47","46","Premium","Annual","UPI","817","37582","86","2","20","19","84","294.40","The plan cost feels high compared with competitors","0","Pricing Issue","No"
"CUST-01060","customer01060@example.com","Female","30","43","Basic","Quarterly","Card","286","12298","53","2","9","17","65","113.75","Customer service quality dropped after onboarding","-0.5","Service Issue","Yes"
"CUST-01061","customer01061@example.com","Female","21","28","Premium","Monthly","AutoPay","921","25788","100","0","17","12","87","288.75","Internet speed dropped and network quality is poor","-1","Network Issue","No"
"CUST-01062","customer01062@example.com","Male","34","45","Standard","Quarterly","UPI","817","36765","16","7","26","53","36","431.04","Excellent issue resolution and friendly support team","0","Service Issue","Yes"
"CUST-01063","customer01063@example.com","Male","65","18","Standard","Annual","AutoPay","608","10944","87","3","2","73","61","244.76","Happy with the service quality and quick response","0.75","Service Issue","Yes"
"CUST-01064","customer01064@example.com","Female","47","14","Basic","Quarterly","AutoPay","528","7392","91","4","12","42","69","230.74",,"-0.333","Service Issue","Yes"
"CUST-01065","customer01065@example.com","Female","37","66","Basic","Annual","NetBanking","529","34914","41","5","23","82","50","280.39","Frustrated with repeated support delays","-1","Service Issue","No"
"CUST-01066","customer01066@example.com","male","66","44","Basic","Quarterly","UPI","433",,"79","4","7","65","68","199.91","Customer service quality dropped after onboarding","-0.5","Service Issue","No"
"CUST-01067","customer01067@example.com","Male","39","15","Premium","Monthly","UPI","1006","15090","52","6","25","15","55","458.81","Happy with the service quality and quick response","0.75","Service Issue","Yes"
"CUST-01068","customer01068@example.com","Female","49","67","Premium","Quarterly","Card","823","55141","93","1","27","47","88","281.85","Agents are not proactive and service follow-up is poor","-0.333","Service Issue","No"
"CUST-01069","customer01069@example.com","Male","58","15","Standard","Quarterly","Card","574","8610","73","0","4","65","54","185.24","Great support and reliable network experience","0","Network Issue","No"
"CUST-01070","customer01070@example.com","Male","53","42","Basic","Monthly","AutoPay","498","20916","76","6","6","69","64","261.58","Smooth onboarding and very helpful account manager","0.857","Service Issue","Yes"
"CUST-01071","customer01071@example.com","Female","26","11","platinum","Annual","NetBanking","1434","15774","40","1","20","65","35","538.86","The plan cost feels high compared with competitors","0","Pricing Issue","Yes"
"CUST-01072","customer01072@example.com","Male","43","9","Standard","Annual","UPI","690","6210","13","0","27","28","28","261.85","Customer service quality dropped after onboarding","-0.5","Service Issue","No"
"CUST-01073","customer01073@example.com","Male",,"8","Basic","Annual","Card","450","3600",,"0","10","89","22","172.92","Frequent network outages and unstable connectivity","-0.5","Network Issue","No"
"CUST-01074","customer01074@example.com","Male","60","25","Standard","Annual","Card","689","17225","55","2","17","43","53","271.71","Internet speed dropped and network quality is poor","-1","Network Issue","Yes"
"CUST-01075","customer01075@example.com","Male","29","54","Basic","Monthly","AutoPay","552","29808","31","5","0","10","58","265.90","Customer service quality dropped after onboarding","-0.5","Service Issue","No"
"CUST-01076","customer01076@example.com","Female","42","18","Basic","Quarterly","UPI","337","6066","52","6","7","49","48","215.69","Monthly charges are too high and pricing is confusing","0","Pricing Issue","Yes"
"CUST-01077","customer01077@example.com","Male","56","12","Premium","Quarterly","NetBanking","1042","12504","45","4","19","87","32","453.79","Great support and reliable network experience","0","Network Issue","Yes"
"CUST-01078","customer01078@example.com","Male","38","15","Premium","Quarterly","UPI","1113","16695","44","3","4","6","53","433.62","Smooth onboarding and very helpful account manager","0.857","Service Issue","Yes"
"CUST-01079","customer01079@example.com","male","60","64","Premium","Annual","Card","935","59840","38","6","13","90","46","442.83","Happy with the service quality and quick response","0.75","Service Issue","Yes"
"CUST-01080","customer01080@example.com","Female","32","34","Basic","Quarterly","Card","456","15504","24","2","4","38","41","193.36","Satisfied with pricing and product value","0.5","Pricing Issue","Yes"
"CUST-01081","customer01081@example.com","Male","70","62","Premium","Annual","AutoPay",,"58156","59","5","20","42","69","408.10","Agents are not proactive and service follow-up is poor","-0.333","Service Issue","No"
"CUST-01082","customer01082@example.com","Female","62","51","Standard","Annual","AutoPay","656","33456","48","3","29","18","65","277.25","Billing feels expensive for the value received","-0.857","Pricing Issue","No"
"CUST-01083","customer01083@example.com","Male","44","62","Standard","Quarterly","Card","790","48980","73","4","20","29","80","326.70",,"0.75","Service Issue","No"
"CUST-01084","customer01084@example.com","Female","55","57","Standard","Quarterly","Card","750","42750","37","7","12","2","65","374.32","Happy with the service quality and quick response","0.75","Service Issue","No"
"CUST-01085","customer01085@example.com","Male","57","10","Premium","Monthly","Card","915","9150","59","7",,"39","51","438.96","Monthly charges are too high and pricing is confusing","0","Pricing Issue","Yes"
"CUST-01086","customer01086@example.com","Male","41","33","Standard","Annual","Card","512","16896","100","0","16","0","92","137.18","Support response is slow and issue resolution takes too long","-0.9","Service Issue","No"
"CUST-01087","customer01087@example.com","Male","55","66","Standard","Quarterly","AutoPay","734","48444","44","0","15","75","54","256.61","Frustrated with repeated support delays","-1","Service Issue","No"
"CUST-01088","customer01088@example.com","Male","24","45","gold","Quarterly","NetBanking","1051","47295","75","2","25","78","62","401.23","Internet speed dropped and network quality is poor","-1","Network Issue","Yes"
"CUST-01089","customer01089@example.com","Female","52","24","Basic","Monthly","AutoPay","432","10368","18","6","19","84","22","280.81","Happy with the service quality and quick response","0.75","Service Issue","Yes"
"CUST-01090","customer01090@example.com","Male","58","68","Premium","Annual","NetBanking","895","60860","47","7","21","2","74","424.49","Great support and reliable network experience","0","Network Issue","Yes"
"CUST-01091","customer01091@example.com","Female","53","68","Standard","Quarterly","Card","645","43860","43","1","15","76","53","242.95","Frustrated with repeated support delays","-1","Service Issue","Yes"
"CUST-01092","customer01092@example.com","female","68","62","Basic","Annual","Card","323","20026","74","1","22","15","84","101.82","Smooth onboarding and very helpful account manager","0.857","Service Issue","No"
"CUST-01093","customer01093@example.com","Female","41","1","Standard","Quarterly","NetBanking","596","596","92","7","20","10","73","307.78","Agents are not proactive and service follow-up is poor","-0.333","Service Issue","Yes"
"CUST-01094","customer01094@example.com","Male","68","32","Basic","Quarterly","UPI","593","18976","33","7","17","76","35","344.81","Smooth onboarding and very helpful account manager","0.857","Service Issue","Yes"
"CUST-01095","customer01095@example.com","Male","49","3","Premium","Quarterly","Card","1008","3024","87","7","30","18","69","465.66","Smooth onboarding and very helpful account manager","0.857","Service Issue","Yes"
"CUST-01096","customer01096@example.com","Male","44","23","Standard","Annual","AutoPay","589","13547","35","5","8","27","46","291.28","Great support and reliable network experience","0","Network Issue","Yes"
"CUST-01097","customer01097@example.com","Female","65","43","Basic","Quarterly","UPI","383","16469","55","1","6","80","50","143.14","Frustrated with repeated support delays","-1","Service Issue","No"
"CUST-01098","customer01098@example.com","Male","31","46","Premium","Monthly","Card","946","43516","75","0","24","70","65","324.78","Excellent issue resolution and friendly support team","0","Service Issue","No"
"CUST-01099","customer01099@example.com","Male","31","24","Premium","Monthly","UPI","847","20328","34","2","1","30","45","327.35","Monthly charges are too high and pricing is confusing","0","Pricing Issue","No"
"CUST-01100","customer01100@example.com","Male","36","66","Standard","Quarterly","UPI","542","35772","43","0","20","8","70","174.66","Agents are not proactive and service follow-up is poor","-0.333","Service Issue","Yes"
"CUST-01101","customer01101@example.com","Female","64","24","Basic","Annual","AutoPay","576","13824","28","7","3","86","27","337.33","Customer service quality dropped after onboarding","-0.5","Service Issue","Yes"
"CUST-01102","customer01102@example.com","Male","50","1","Basic","Monthly","UPI","389","389",,"7","28","87","26","282.14",,"-0.5","Service Issue","Yes"
"CUST-01103","customer01103@example.com","Female","57","68","Basic","Monthly","UPI","357","24276","84","4","27","49","83","172.89","Customer service quality dropped after onboarding","-0.5","Service Issue","No"
"CUST-01104","customer01104@example.com","Male","60","17","Enterprise","Quarterly","Card",,"20961","90","4","20","90","58","500.42","The plan cost feels high compared with competitors","0","Pricing Issue","Yes"
"CUST-01105","customer01105@example.com","female","49","27","starter","Annual","NetBanking","394","10638","83","5","17","6","79","196.27","Satisfied with pricing and product value","0.5","Pricing Issue","No"
"CUST-01106","customer01106@example.com","Male","22","72","Standard","Annual","AutoPay","857","61704","66","7","21","89","64","421.47","Smooth onboarding and very helpful account manager","0.857","Service Issue","Yes"
"CUST-01107","customer01107@example.com","Male","47","64","Standard","Monthly","AutoPay","529",,"12","0","18","18","50","187.14","Frequent network outages and unstable connectivity","-0.5","Network Issue","Yes"
"CUST-01108","customer01108@example.com","Female","66","3","Premium","Annual","NetBanking","1032","3096","90","6","29","81","55","469.37","Frequent network outages and unstable connectivity","-0.5","Network Issue","Yes"
"CUST-01109","customer01109@example.com","Male","41","71","Standard","Monthly","UPI","744","52824","32","1","0","15","64","260.66","Signal issues keep affecting daily usage","-0.5","Network Issue","No"
"CUST-01110","customer01110@example.com","Female",,"48","Enterprise","Quarterly","Card","1424","68352","33","4","16","2","59","568.78","Frustrated with repeated support delays","-1","Service Issue","Yes"
"CUST-01111","customer01111@example.com","Male","58","41","Enterprise","Monthly","NetBanking","1395","57195","77","1","3","34","73","484.13","Monthly charges are too high and pricing is confusing","0","Pricing Issue","Yes"
"CUST-01112","customer01112@example.com","Male","24","62","Standard","Monthly","NetBanking","714","44268","63","0","28","71","64","246.82","Price increase without enough added features","0","Pricing Issue","No"
"CUST-01113","customer01113@example.com","Female","50","41","Premium","Monthly","UPI","880","36080","45","3","27","38","55","364.89","Billing feels expensive for the value received","-0.857","Pricing Issue","Yes"
"CUST-01114","customer01114@example.com","Female","64","72","Basic","Annual","NetBanking","340","24480","50","6","1","17","73","197.07","Happy with the service quality and quick response","0.75","Service Issue","No"
"CUST-01115","customer01115@example.com","Male","39","59","Enterprise","Monthly","AutoPay","1451","85609","59","3","26","51","65","562.78","Frequent network outages and unstable connectivity","-0.5","Network Issue","Yes"
"CUST-01116","customer01116@example.com","Male","35","66","Enterprise","Quarterly","UPI","1232","81312","43","1",,"68","55","459.86","The plan cost feels high compared with competitors","0","Pricing Issue","Yes"
"CUST-01117","customer01117@example.com","Female","64","35","Basic","Annual","NetBanking","430","15050","100","1","1","44","81","127.61","Support response is slow and issue resolution takes too long","-0.9","Service Issue","No"
"CUST-01118","customer01118@example.com","male","56","6","Basic","Monthly","UPI","289","1734","94","5","10","40","69","161.06","Billing feels expensive for the value received","-0.857","Pricing Issue","Yes"
"CUST-01119","customer01119@example.com","Female","55","48","Basic","Quarterly","UPI","499","23952","29","2","7","39","48","205.71","Signal issues keep affecting daily usage","-0.5","Network Issue","No"
"CUST-01120","customer01120@example.com","Male","37","2","Basic","Annual","AutoPay","467","934","100","1","22","90","58","169.46","Monthly charges are too high and pricing is confusing","0","Pricing Issue","Yes"
"CUST-01121","customer01121@example.com","Female","30","18","Basic","Annual","UPI","372","6696","45","0","10","68","39","130.00",,"-0.9","Service Issue","Yes"
"CUST-01122","customer01122@example.com","Male","37","45","gold","Quarterly","NetBanking","1043","46935","56","3","6","61","56","411.32","Internet speed dropped and network quality is poor","-1","Network Issue","Yes"
"CUST-01123","customer01123@example.com","Male","68","34","Premium","Annual","AutoPay","908","30872","34","2","29","73","37","373.23","The plan cost feels high compared with competitors","0","Pricing Issue","Yes"
"CUST-01124","customer01124@example.com","Female","59","57","Standard","Annual","AutoPay","638","36366","53","4","20","24","68","281.68","Price increase without enough added features","0","Pricing Issue","No"
"CUST-01125","customer01125@example.com","Female","65","62","Basic","Quarterly","UPI","262","16244","94","0","28","22","93","56.84","Happy with the service quality and quick response","0.75","Service Issue","No"
"CUST-01126","customer01126@example.com","Female","68","35","Enterprise","Annual","Card","1189","41615","87","0","2","37","76","388.22","Satisfied with pricing and product value","0.5","Pricing Issue","No"
"CUST-01127","customer01127@example.com","Male","25","35","Basic","Quarterly","AutoPay",,"11830","29","6","9","76","34","232.07","Customer service quality dropped after onboarding","-0.5","Service Issue","No"
"CUST-01128","customer01128@example.com","Male","59","70","Basic","Annual","Card","511","35770","49","3","6","13","73","207.28","Monthly charges are too high and pricing is confusing","0","Pricing Issue","No"
"CUST-01129","customer01129@example.com","Female","61","42","Basic","Annual","NetBanking","473","19866","74","5","12","45","69","233.12","Happy with the service quality and quick response","0.75","Service Issue","No"
"CUST-01130","customer01130@example.com","Female","69","4","Premium","Annual","UPI","1100","4400","100","2","10","73","63","404.30","Signal issues keep affecting daily usage","-0.5","Network Issue","Yes"
"CUST-01131","customer01131@example.com","female","24","58","Standard","Monthly","AutoPay","519","30102",,"1","21","45","52","200.75","Too many disconnects and latency problems","0","Network Issue","No"
"CUST-01132","customer01132@example.com","Male","55","36","Premium","Monthly","AutoPay","911","32796","66","4","9","44","63","375.99","Too many disconnects and latency problems","0","Network Issue","Yes"
"CUST-01133","customer01133@example.com","Male","51","43","Premium","Monthly","NetBanking","986","42398","60","5","1","12","70","410.65","Monthly charges are too high and pricing is confusing","0","Pricing Issue","Yes"
"CUST-01134","customer01134@example.com","Male","22","44","Enterprise","Monthly","NetBanking","1423","62612","85","6","10","73","69","592.88","Customer service quality dropped after onboarding","-0.5","Service Issue","Yes"
"CUST-01135","customer01135@example.com","Male","60","17","Premium","Monthly","Card","878","14926","83","6","0","89","54","400.88","Billing feels expensive for the value received","-0.857","Pricing Issue","Yes"
"CUST-01136","customer01136@example.com","Female","51","24","Basic","Quarterly","NetBanking","502","12048","80","1","7","17","73","162.33","Happy with the service quality and quick response","0.75","Service Issue","No"
"CUST-01137","customer01137@example.com","Female","35","50","Standard","Monthly","NetBanking","699","34950","9","3","14","31","40","307.28","The plan cost feels high compared with competitors","0","Pricing Issue","Yes"
"CUST-01138","customer01138@example.com","Male","68","10","Premium","Quarterly","AutoPay","842","8420","80","1","18","55","59","302.42","Billing feels expensive for the value received","-0.857","Pricing Issue","No"
"CUST-01139","customer01139@example.com","Male","25","15","gold","Annual","Card","1079","16185","60","3","16","64","47","433.90","Great support and reliable network experience","0","Network Issue","Yes"
"CUST-01140","customer01140@example.com","Male","60","72","Premium","Quarterly","AutoPay","1089","78408","91","4","21","48","88","428.65",,"0.5","Pricing Issue","No"
"CUST-01141","customer01141@example.com","Female","54","12","Basic","Monthly","UPI","541","6492","27","7","12","43","33","322.02","Support response is slow and issue resolution takes too long","-0.9","Service Issue","Yes"
"CUST-01142","customer01142@example.com","Male","44","41","Premium","Annual","UPI","869","35629","42","7","24","50","50","435.66","Happy with the service quality and quick response","0.75","Service Issue","Yes"
"CUST-01143","customer01143@example.com","Male","25","18","Basic","Monthly","NetBanking","326","5868","99","1","23","83","65","115.19","Monthly charges are too high and pricing is confusing","0","Pricing Issue","No"
"CUST-01144","customer01144@example.com","female","27","21","Basic","Quarterly","Card","539","11319","67","2","9","43","58","208.03","Happy with the service quality and quick response","0.75","Service Issue","No"
"CUST-01145","customer01145@example.com","Female","30","41","Premium","Monthly","NetBanking","939","38499","29","6","16","78","36","451.68","Signal issues keep affecting daily usage","-0.5","Network Issue","Yes"
"CUST-01146","customer01146@example.com","Female","57","37","Basic","Monthly","Card","525","19425","25","0","9","41","41","184.63","Frequent network outages and unstable connectivity","-0.5","Network Issue","No"
"CUST-01147","customer01147@example.com","Male",,"58","Basic","Quarterly","NetBanking","247","14326","17","1",,"4","54","91.69","Support response is slow and issue resolution takes too long","-0.9","Service Issue","No"
"CUST-01148","customer01148@example.com","Female","40","69","Basic","Annual","UPI","284",,"65","0","21","20","80","73.67","Frequent network outages and unstable connectivity","-0.5","Network Issue","No"
"CUST-01149","customer01149@example.com","Male","47","15","Basic","Quarterly","NetBanking","534","8010","93","2","0","19","77","183.60","Satisfied with pricing and product value","0.5","Pricing Issue","No"
"CUST-01150","customer01150@example.com","Male","29","22","Enterprise","Monthly","Card",,"33044","89","2","18","66","65","554.00","Satisfied with pricing and product value","0.5","Pricing Issue","Yes"
"CUST-01151","customer01151@example.com","Female","55","11","Standard","Quarterly","NetBanking","556","6116","52","5","24","9","55","277.54","Satisfied with pricing and product value","0.5","Pricing Issue","Yes"
"CUST-01152","customer01152@example.com","Female","67","70","Basic","Quarterly","Card","503","35210","84","0","9","70","78","148.23","Excellent issue resolution and friendly support team","0","Service Issue","Yes"
"CUST-01153","customer01153@example.com","Female","25","20","Premium","Quarterly","AutoPay","1040","20800","56","0","28","53","50","370.92","Smooth onboarding and very helpful account manager","0.857","Service Issue","No"
"CUST-01154","customer01154@example.com","Male","39","21","Standard","Quarterly","Card","778","16338","100","6","21","57","73","359.53","Agents are not proactive and service follow-up is poor","-0.333","Service Issue","Yes"
"CUST-01155","customer01155@example.com","Male","51","15","Basic","Annual","UPI","546","8190","99","2","25","1","84","194.35","Monthly charges are too high and pricing is confusing","0","Pricing Issue","No"
"CUST-01156","customer01156@example.com","Male","63","43","starter","Quarterly","Card","418","17974","85","4","16","79","67","200.00","Monthly charges are too high and pricing is confusing","0","Pricing Issue","No"
"CUST-01157","customer01157@example.com","female","27","45","Standard","Annual","Card","624","28080","24","4","29","44","43","303.05","Too many disconnects and latency problems","0","Network Issue","Yes"
"CUST-01158","customer01158@example.com","Male","28","43","Premium","Monthly","NetBanking","983","42269","20","4","23","90","29","442.39","Happy with the service quality and quick response","0.75","Service Issue","Yes"
"CUST-01159","customer01159@example.com","Female","45","65","Premium","Annual","UPI","1132","73580","92","5","1","14","95","443.73",,"0.5","Pricing Issue","No"
"CUST-01160","customer01160@example.com","Male","39","61","Enterprise","Annual","AutoPay","1396","85156",,"6","18","9","47","608.64","Frustrated with repeated support delays","-1","Service Issue","Yes"
"CUST-01161","customer01161@example.com","Male","27","65","Standard","Quarterly","UPI","596","38740","31","2","5","45","54","236.91","Smooth onboarding and very helpful account manager","0.857","Service Issue","Yes"
"CUST-01162","customer01162@example.com","Female","45","71","Standard","Annual","NetBanking","699","49629","46","2","10","47","63","268.64","Smooth onboarding and very helpful account manager","0.857","Service Issue","No"
"CUST-01163","customer01163@example.com","Female","43","25","Standard","Quarterly","AutoPay","770","19250","100","6","26","6","87","346.44","Great support and reliable network experience","0","Network Issue","Yes"
"CUST-01164","customer01164@example.com","Female","55","31","Enterprise","Annual","UPI","1448","44888","74","2","27","12","74","532.43","Monthly charges are too high and pricing is confusing","0","Pricing Issue","Yes"
"CUST-01165","customer01165@example.com","Male","25","38","Basic","Quarterly","AutoPay","324","12312","30","5","30","73","37","218.82","Frustrated with repeated support delays","-1","Service Issue","Yes"
"CUST-01166","customer01166@example.com","Female","26","54","Standard","Quarterly","NetBanking","772","41688","38","5","20","6","63","351.64","Smooth onboarding and very helpful account manager","0.857","Service Issue","No"
"CUST-01167","customer01167@example.com","Female","69","18","Premium","Quarterly","Card","887","15966","37","0","19","67","35","324.11","Customer service quality dropped after onboarding","-0.5","Service Issue","Yes"
"CUST-01168","customer01168@example.com","Female","60","13","Premium","Quarterly","AutoPay","919","11947","74","5","3","43","60","393.47","Agents are not proactive and service follow-up is poor","-0.333","Service Issue","Yes"
"CUST-01169","customer01169@example.com","Female","47","67","Premium","Quarterly","Card","993","66531","37","0","24","52","56","352.60","Billing feels expensive for the value received","-0.857","Pricing Issue","No"
"CUST-01170","customer01170@example.com","female","50","31","Premium","Monthly","UPI","867","26877","22","0","14","85","27","323.64","Internet speed dropped and network quality is poor","-1","Network Issue","Yes"
"CUST-01171","customer01171@example.com","Female","41","49","Standard","Annual","UPI","819","40131","59","6","13","47","63","382.95","Frustrated with repeated support delays","-1","Service Issue","Yes"
"CUST-01172","customer01172@example.com","Female","41","17","Standard","Monthly","AutoPay","694","11798","83","3","4","31","69","268.92","Great support and reliable network experience","0","Network Issue","No"
"CUST-01173","customer01173@example.com","Female","33","22","starter","Annual","UPI",,"6490","47","4","4","26","52","159.18","Smooth onboarding and very helpful account manager","0.857","Service Issue","No"
"CUST-01174","customer01174@example.com","Female","69","4","Standard","Annual","NetBanking","563","2252","64","4","27","13","58","259.93","Monthly charges are too high and pricing is confusing","0","Pricing Issue","No"
"CUST-01175","customer01175@example.com","Male","48","31","Enterprise","Quarterly","AutoPay","1347","41757","80","7","6","12","77","571.52","Monthly charges are too high and pricing is confusing","0","Pricing Issue","Yes"
"CUST-01176","customer01176@example.com","Female","27","71","Basic","Annual","UPI","426","30246","6","6","2","31","45","254.12","Monthly charges are too high and pricing is confusing","0","Pricing Issue","Yes"
"CUST-01177","customer01177@example.com","Male","31","12","Enterprise","Quarterly","NetBanking","1272","15264","63","5","0","35","55","522.66","Smooth onboarding and very helpful account manager","0.857","Service Issue","Yes"
"CUST-01178","customer01178@example.com","Male","53","61","Basic","Monthly","AutoPay","375","22875","10","4",,"87","30","211.90",,"0.75","Service Issue","Yes"
"CUST-01179","customer01179@example.com","Female","57","26","Premium","Annual","UPI","971","25246","60","0","24","31","59","335.52","Agents are not proactive and service follow-up is poor","-0.333","Service Issue","No"
"CUST-01180","customer01180@example.com","Male","38","62","Standard","Monthly","UPI","689","42718","65","0","10","20","77","214.68","Frustrated with repeated support delays","-1","Service Issue","No"
"CUST-01181","customer01181@example.com","Female","64","2","Standard","Annual","Card","756","1512","66","4","14","83","41","338.42","Satisfied with pricing and product value","0.5","Pricing Issue","No"
"CUST-01182","customer01182@example.com","Female","57","2","Standard","Annual","AutoPay","727","1454","87","6","24","17","69","343.14","Customer service quality dropped after onboarding","-0.5","Service Issue","No"
"CUST-01183","customer01183@example.com","female","66","36","Basic","Monthly","UPI","479","17244","89","4","0","22","81","198.74","Customer service quality dropped after onboarding","-0.5","Service Issue","No"
"CUST-01184","customer01184@example.com","Male",,"38","Enterprise","Annual","NetBanking","1279","48602","57","7","24","34","61","572.46","Great support and reliable network experience","0","Network Issue","Yes"
"CUST-01185","customer01185@example.com","Female","56","61","Standard","Quarterly","UPI","494","30134","30","0","9","6","61","158.25","Billing feels expensive for the value received","-0.857","Pricing Issue","Yes"
"CUST-01186","customer01186@example.com","Male","63","16","Standard","Quarterly","NetBanking","818","13088","96","5","12","47","72","351.48","Customer service quality dropped after onboarding","-0.5","Service Issue","Yes"
"CUST-01187","customer01187@example.com","Male","34","3","Standard","Annual","UPI","656","1968","61","4","27","89","37","313.33","Internet speed dropped and network quality is poor","-1","Network Issue","Yes"
"CUST-01188","customer01188@example.com","Male","23","48","Basic","Quarterly","UPI","417","20016","64","5","23","59","62","226.29","Smooth onboarding and very helpful account manager","0.857","Service Issue","Yes"
"CUST-01189","customer01189@example.com","Male","68","36","Standard","Annual","NetBanking","715",,,"4","16","75","51","320.22","Signal issues keep affecting daily usage","-0.5","Network Issue","Yes"
"CUST-01190","customer01190@example.com","Female","59","44","starter","Monthly","Card","358","15752","100","4","25","48","83","168.23","Support response is slow and issue resolution takes too long","-0.9","Service Issue","Yes"
"CUST-01191","customer01191@example.com","Male","21","6","Basic","Monthly","Card","384","2304","41","3","4","45","38","183.66","Agents are not proactive and service follow-up is poor","-0.333","Service Issue","No"
"CUST-01192","customer01192@example.com","Female","66","52","Enterprise","Monthly","NetBanking","1467","76284","14","7","23","26","44","656.65","Excellent issue resolution and friendly support team","0","Service Issue","Yes"
"CUST-01193","customer01193@example.com","Female","45","11","Premium","Monthly","NetBanking","949","10439","64","4","19","79","44","409.07","Monthly charges are too high and pricing is confusing","0","Pricing Issue","No"
"CUST-01194","customer01194@example.com","Male","28","39","Basic","Quarterly","Card","413","16107","88","0","8","2","87","102.54","Support response is slow and issue resolution takes too long","-0.9","Service Issue","No"
"CUST-01195","customer01195@example.com","Female","58","29","Enterprise","Monthly","AutoPay","1365","39585","89","6","8","85","63","574.48","Too many disconnects and latency problems","0","Network Issue","Yes"
"CUST-01196","customer01196@example.com","female","53","16","Enterprise","Annual","UPI",,"20992","46","4","11","73","38","542.01","Frustrated with repeated support delays","-1","Service Issue","Yes"
"CUST-01197","customer01197@example.com","Male","60","68","Basic","Monthly","Card","410","27880","90","0","18","63","83","115.38",,"0","Service Issue","No"
"CUST-01198","customer01198@example.com","Female","69","23","Standard","Quarterly","NetBanking","626","14398","80","5","15","42","67","289.55","Price increase without enough added features","0","Pricing Issue","Yes"
"CUST-01199","customer01199@example.com","Male","41","22","Standard","Annual","AutoPay","683","15026","57","1","30","81","44","267.36","Price increase without enough added features","0","Pricing Issue","Yes"
"CUST-01200","customer01200@example.com","Female","29","39","Enterprise","Quarterly","NetBanking","1349","52611","21","5","28","49","38","585.28","Frustrated with repeated support delays","-1","Service Issue","Yes"
"CUST-01201","customer01201@example.com","Male","59","22","Standard","Quarterly","NetBanking","658","14476","100","4","0","87","66","275.80","Smooth onboarding and very helpful account manager","0.857","Service Issue","Yes"
"CUST-01202","customer01202@example.com","Male","45","3","Premium","Monthly","AutoPay","1149","3447","19","6","13","23","31","524.27","Frequent network outages and unstable connectivity","-0.5","Network Issue","Yes"
"CUST-01203","customer01203@example.com","Female","43","16","Premium","Annual","UPI","1123","17968","81","4","7","22","70","442.03","Too many disconnects and latency problems","0","Network Issue","Yes"
"CUST-01204","customer01204@example.com","Female","68","4","Premium","Quarterly","UPI","1045","4180","45","7","3","18","47","484.95","Satisfied with pricing and product value","0.5","Pricing Issue","Yes"
"CUST-01205","customer01205@example.com","Male","42","68","Standard","Monthly","NetBanking","649","44132","26","1","0","9","61","228.56","Price increase without enough added features","0","Pricing Issue","Yes"
"CUST-01206","customer01206@example.com","Female","40","65","Premium","Annual","UPI","983","63895","59","4","16","35","71","401.88","Agents are not proactive and service follow-up is poor","-0.333","Service Issue","No"
"CUST-01207","customer01207@example.com","Female","69","17","gold","Annual","Card","997","16949","95","1","2","45","72","338.26","The plan cost feels high compared with competitors","0","Pricing Issue","No"
"CUST-01208","customer01208@example.com","Female","23","51","Basic","Monthly","NetBanking","566","28866","55","6","18","18","69","289.30","Support response is slow and issue resolution takes too long","-0.9","Service Issue","No"
"CUST-01209","customer01209@example.com","male","68","58","Premium","Annual","AutoPay","982","56956","42","3",,"80","48","409.03","Too many disconnects and latency problems","0","Network Issue","Yes"
"CUST-01210","customer01210@example.com","Female","25","21","Basic","Annual","UPI","294","6174","37","1","0","41","42","111.40","Happy with the service quality and quick response","0.75","Service Issue","Yes"
"CUST-01211","customer01211@example.com","Male","63","33","Basic","Monthly","Card","439","14487","64","7","30","50","59","274.60","Happy with the service quality and quick response","0.75","Service Issue","No"
"CUST-01212","customer01212@example.com","Male","28","12","Standard","Quarterly","AutoPay","611","7332","97","6","26","4","82","292.56","Internet speed dropped and network quality is poor","-1","Network Issue","Yes"
"CUST-01213","customer01213@example.com","Female","67","24","Standard","Monthly","NetBanking","637","15288","66","5","25","8","68","297.67","Agents are not proactive and service follow-up is poor","-0.333","Service Issue","No"
"CUST-01214","customer01214@example.com","Female","34","61","Premium","Quarterly","NetBanking","1048","63928","87","6","23","66","78","459.29","Excellent issue resolution and friendly support team","0","Service Issue","Yes"
"CUST-01215","customer01215@example.com","Male","21","55","Standard","Quarterly","Card","751","41305","72","6","27","37","75","356.19","Too many disconnects and latency problems","0","Network Issue","Yes"
"CUST-01216","customer01216@example.com","Male","39","11","Basic","Monthly","NetBanking","307","3377","41","5","13","85","30","205.59",,"0","Pricing Issue","Yes"
"CUST-01217","customer01217@example.com","Female","70","47","Standard","Annual","AutoPay","700","32900","59","1","28","30","66","254.64","Great support and reliable network experience","0","Network Issue","No"
"CUST-01218","customer01218@example.com","Male","24","57","Premium","Quarterly","AutoPay","882","50274",,"1","29","15","96","294.81","Smooth onboarding and very helpful account manager","0.857","Service Issue","No"
"CUST-01219","customer01219@example.com","Male","39","16","Premium","Monthly","UPI",,"16848","53","1","2","53","46","381.52","Customer service quality dropped after onboarding","-0.5","Service Issue","No"
"CUST-01220","customer01220@example.com","Male","55","54","Basic","Monthly","NetBanking","594","32076","15","7","26","24","46","342.68","Billing feels expensive for the value received","-0.857","Pricing Issue","Yes"
"CUST-01221","customer01221@example.com","Female",,"29","Premium","Monthly","UPI","1131","32799","78","5","10","15","74","462.04","Billing feels expensive for the value received","-0.857","Pricing Issue","Yes"
"CUST-01222","customer01222@example.com","male","42","60","Standard","Annual","NetBanking","623","37380","26","1","20","88","38","250.60","Monthly charges are too high and pricing is confusing","0","Pricing Issue","No"
"CUST-01223","customer01223@example.com","Male","39","32","Enterprise","Monthly","NetBanking","1395","44640","47","5","9","4","61","568.85","Signal issues keep affecting daily usage","-0.5","Network Issue","Yes"
"CUST-01224","customer01224@example.com","Female","37","25","gold","Annual","Card","972","24300","50","1","9","88","39","364.49","Great support and reliable network experience","0","Network Issue","No"
"CUST-01225","customer01225@example.com","Male","41","43","Basic","Annual","UPI","549","23607","59","4","16","74","54","258.96","The plan cost feels high compared with competitors","0","Pricing Issue","Yes"
"CUST-01226","customer01226@example.com","Male","61","13","Standard","Quarterly","AutoPay","684","8892","26","1","15","89","22","278.51","Agents are not proactive and service follow-up is poor","-0.333","Service Issue","Yes"
"CUST-01227","customer01227@example.com","Male","34","29","Basic","Monthly","NetBanking","289","8381","15","5","5","44","32","194.63","Happy with the service quality and quick response","0.75","Service Issue","Yes"
"CUST-01228","customer01228@example.com","Female","47","53","Standard","Monthly","AutoPay","591","31323","40","6","20","29","58","309.18","Customer service quality dropped after onboarding","-0.5","Service Issue","Yes"
"CUST-01229","customer01229@example.com","Male","62","33","Basic","Quarterly","Card","254","8382","45","2","16","25","55","113.80","Frustrated with repeated support delays","-1","Service Issue","Yes"
"CUST-01230","customer01230@example.com","Female","45","6","Premium","Quarterly","UPI","1024",,"46","4","5","57","38","432.99","Frustrated with repeated support delays","-1","Service Issue","Yes"
"CUST-01231","customer01231@example.com","Male","30","48","Basic","Monthly","Card","313","15024","88","6","13","67","73","191.27","Smooth onboarding and very helpful account manager","0.857","Service Issue","Yes"
"CUST-01232","customer01232@example.com","Female","55","61","Premium","Quarterly","AutoPay","836","50996","90","4","15","28","89","331.95","Smooth onboarding and very helpful account manager","0.857","Service Issue","No"
"CUST-01233","customer01233@example.com","Male","45","4","Enterprise","Quarterly","Card","1364","5456","24","4","4","65","23","568.12","Support response is slow and issue resolution takes too long","-0.9","Service Issue","Yes"
"CUST-01234","customer01234@example.com","Female","53","35","Standard","Quarterly","Card","608","21280","93","2","2","15","85","206.78","Excellent issue resolution and friendly support team","0","Service Issue","No"
"CUST-01235","customer01235@example.com","female","51","51","Basic","Annual","AutoPay","322","16422","95","1","11","18","91","87.61",,"-0.9","Service Issue","No"
"CUST-01236","customer01236@example.com","Male","59","11","Standard","Monthly","NetBanking","585","6435","40","3","30","15","47","262.72","Agents are not proactive and service follow-up is poor","-0.333","Service Issue","No"
"CUST-01237","customer01237@example.com","Male","53","7","Basic","Quarterly","NetBanking","371","2597","17","4","17","20","32","209.95","Monthly charges are too high and pricing is confusing","0","Pricing Issue","Yes"
"CUST-01238","customer01238@example.com","Male","68","11","Standard","Quarterly","Card","599","6589","48","4","22","59","40","287.92","Smooth onboarding and very helpful account manager","0.857","Service Issue","Yes"
"CUST-01239","customer01239@example.com","Male","56","45","Premium","Quarterly","AutoPay","1080","48600","48","1","17","74","49","401.81","Smooth onboarding and very helpful account manager","0.857","Service Issue","Yes"
"CUST-01240","customer01240@example.com","Female","67","11","Standard","Monthly","Card","562","6182","44","5",,"9","51","276.55","Price increase without enough added features","0","Pricing Issue","No"
"CUST-01241","customer01241@example.com","Male","64","29","gold","Quarterly","Card","883","25607","72","1","25","23","69","313.93","Support response is slow and issue resolution takes too long","-0.9","Service Issue","Yes"
"CUST-01242","customer01242@example.com","Male","25","56","Premium","Monthly","Card",,"53592","69","3","21","42","72","375.57","Too many disconnects and latency problems","0","Network Issue","No"
"CUST-01243","customer01243@example.com","Female","33","62","Standard","Monthly","NetBanking","787","48794","91","5","11","34","88","330.87","Price increase without enough added features","0","Pricing Issue","No"
"CUST-01244","customer01244@example.com","Male","27","28","Basic","Quarterly","Card","558","15624","8","3","25","89","17","280.95","The plan cost feels high compared with competitors","0","Pricing Issue","Yes"
"CUST-01245","customer01245@example.com","Female","32","26","Enterprise","Quarterly","UPI","1474","38324","50","6","8","81","41","632.80","Signal issues keep affecting daily usage","-0.5","Network Issue","Yes"
"CUST-01246","customer01246@example.com","Male","64","63","Premium","Monthly","UPI","1072","67536","99","7","18","33","93","468.90","Happy with the service quality and quick response","0.75","Service Issue","Yes"
"CUST-01247","customer01247@example.com","Female","37","19","Basic","Quarterly","Card","430","8170",,"6","27","87","42","265.61","Frustrated with repeated support delays","-1","Service Issue","Yes"
"CUST-01248","customer01248@example.com","female","44","5","Basic","Annual","Card","467","2335","34","7","22","31","38","295.76","Monthly charges are too high and pricing is confusing","0","Pricing Issue","Yes"
"CUST-01249","customer01249@example.com","Male","58","2","Basic","Monthly","AutoPay","258","516","100","0","16","29","73","58.28","Excellent issue resolution and friendly support team","0","Service Issue","No"
"CUST-01250","customer01250@example.com","Male","45","64","Basic","Quarterly","UPI","532","34048","40","6","2","52","56","281.58","Frequent network outages and unstable connectivity","-0.5","Network Issue","Yes"
"CUST-01251","customer01251@example.com","Female","23","17","Standard","Annual","Card","631","10727","62","7","0","76","46","337.34","Frequent network outages and unstable connectivity","-0.5","Network Issue","Yes"
"CUST-01252","customer01252@example.com","Female","32","1","Standard","Monthly","UPI","605","605","37","0","6","45","34","213.22","Monthly charges are too high and pricing is confusing","0","Pricing Issue","Yes"
"CUST-01253","customer01253@example.com","Female","30","16","Premium","Quarterly","NetBanking","921","14736","62","4","9","83","44","394.55","The plan cost feels high compared with competitors","0","Pricing Issue","Yes"
"CUST-01254","customer01254@example.com","Male","32","45","Premium","Quarterly","AutoPay","1134","51030","69","5","17","30","71","472.19",,"-0.5","Service Issue","No"
"CUST-01255","customer01255@example.com","Female","38","65","Standard","Quarterly","NetBanking","527","34255","88","3","17","14","93","200.73","Happy with the service quality and quick response","0.75","Service Issue","No"
"CUST-01256","customer01256@example.com","Female","35","2","Standard","Annual","NetBanking","536","1072","54","3","14","41","45","237.14","Internet speed dropped and network quality is poor","-1","Network Issue","No"
"CUST-01257","customer01257@example.com","Male","30","13","Basic","Annual","Card","540","7020","52","2","23","29","51","221.67","Internet speed dropped and network quality is poor","-1","Network Issue","Yes"
"CUST-01258","customer01258@example.com","Female",,"15","pro","Annual","Card","682","10230","82","3","0","77","56","274.30","Great support and reliable network experience","0","Network Issue","No"
"CUST-01259","customer01259@example.com","Male","22","49","Enterprise","Annual","Card","1465","71785","28","7","22","72","40","659.96","Satisfied with pricing and product value","0.5","Pricing Issue","No"
"CUST-01260","customer01260@example.com","Female","42","28","Basic","Annual","AutoPay","358","10024","23","6","0","3","47","221.06","Price increase without enough added features","0","Pricing Issue","No"
"CUST-01261","customer01261@example.com","male","63","25","Premium","Monthly","UPI","1138","28450","79","6","22","5","76","486.98","Satisfied with pricing and product value","0.5","Pricing Issue","No"
"CUST-01262","customer01262@example.com","Male","32","29","Basic","Annual","Card","310","8990","48","6","12","0","62","196.98","Signal issues keep affecting daily usage","-0.5","Network Issue","No"
"CUST-01263","customer01263@example.com","Male","67","51","Standard","Monthly","Card","775","39525","45","6","1","65","51","371.47","Excellent issue resolution and friendly support team","0","Service Issue","No"
"CUST-01264","customer01264@example.com","Female","53","34","Basic","Quarterly","NetBanking","591","20094","67","7","27","37","64","322.87","Support response is slow and issue resolution takes too long","-0.9","Service Issue","Yes"
"CUST-01265","customer01265@example.com","Female","54","19","Basic","Quarterly","NetBanking",,"8588","28","0","17","70","30","171.45","Frequent network outages and unstable connectivity","-0.5","Network Issue","Yes"
"CUST-01266","customer01266@example.com","Male","36","63","Standard","Quarterly","AutoPay","815","51345","22","4","16","42","49","361.94","Great support and reliable network experience","0","Network Issue","No"
"CUST-01267","customer01267@example.com","Female","42","1","Enterprise","Annual","NetBanking","1404","1404","59","1","7","63","42","512.73","Satisfied with pricing and product value","0.5","Pricing Issue","Yes"
"CUST-01268","customer01268@example.com","Male","43","10","Basic","Quarterly","NetBanking","332","3320","95","5","4","68","64","178.74","Monthly charges are too high and pricing is confusing","0","Pricing Issue","No"
"CUST-01269","customer01269@example.com","Male","33","44","Premium","Annual","Card","1035","45540","77","5","24","83","62","449.30","Billing feels expensive for the value received","-0.857","Pricing Issue","Yes"
"CUST-01270","customer01270@example.com","Male","32","26","Basic","Monthly","NetBanking","557","14482","59","7","11","18","62","302.71","Price increase without enough added features","0","Pricing Issue","Yes"
"CUST-01271","customer01271@example.com","Male","35","43","Premium","Monthly","AutoPay","1004",,"45","3",,"37","56","401.23","Great support and reliable network experience","0","Network Issue","Yes"
"CUST-01272","customer01272@example.com","Male","49","71","Basic","Annual","NetBanking","511","36281","100","4","28","59","90","222.74","Monthly charges are too high and pricing is confusing","0","Pricing Issue","Yes"
"CUST-01273","customer01273@example.com","Female","50","51","Basic","Quarterly","AutoPay","508","25908","77","6","11","38","76","258.37",,"-0.333","Service Issue","No"
"CUST-01274","customer01274@example.com","female","30","24","Basic","Annual","AutoPay","448","10752","35","0","16","5","51","149.46","Great support and reliable network experience","0","Network Issue","Yes"
"CUST-01275","customer01275@example.com","Male","38","28","pro","Annual","AutoPay","712","19936","74","6","12","74","57","346.64","Monthly charges are too high and pricing is confusing","0","Pricing Issue","No"
"CUST-01276","customer01276@example.com","Female","61","39","Standard","Annual","AutoPay","720","28080",,"6","11","46","61","346.27","Excellent issue resolution and friendly support team","0","Service Issue","Yes"
"CUST-01277","customer01277@example.com","Male","57","23","Standard","Quarterly","NetBanking","750","17250","51","0","23","18","57","257.33","Excellent issue resolution and friendly support team","0","Service Issue","No"
"CUST-01278","customer01278@example.com","Male","37","24","Premium","Quarterly","Card","935","22440","38","4","1","15","51","389.43","The plan cost feels high compared with competitors","0","Pricing Issue","Yes"
"CUST-01279","customer01279@example.com","Male","40","69","Premium","Annual","AutoPay","840","57960","47","0","24","8","73","281.60","Excellent issue resolution and friendly support team","0","Service Issue","Yes"
"CUST-01280","customer01280@example.com","Male","40","40","Premium","Quarterly","NetBanking","869","34760","40","6","7","46","50","408.53","Monthly charges are too high and pricing is confusing","0","Pricing Issue","Yes"
"CUST-01281","customer01281@example.com","Male","48","58","Basic","Annual","Card","424","24592","80","1","22","7","88","133.98","Agents are not proactive and service follow-up is poor","-0.333","Service Issue","No"
"CUST-01282","customer01282@example.com","Female","24","30","Basic","Monthly","NetBanking","407","12210","100","4","14","64","74","186.18","Monthly charges are too high and pricing is confusing","0","Pricing Issue","No"
"CUST-01283","customer01283@example.com","Male","51","59","Basic","Monthly","Card","522","30798","40","6","12","66","51","287.74","Smooth onboarding and very helpful account manager","0.857","Service Issue","Yes"
"CUST-01284","customer01284@example.com","Male","68","21","Standard","Monthly","NetBanking","584","12264","58","7","27","86","43","338.95","Price increase without enough added features","0","Pricing Issue","Yes"
"CUST-01285","customer01285@example.com","Female","30","45","Standard","Monthly","UPI","678","30510","34","4","30","13","56","310.60","Happy with the service quality and quick response","0.75","Service Issue","No"
"CUST-01286","customer01286@example.com","Male","23","15","Basic","Quarterly","NetBanking","385","5775","100","2","19","66","69","148.19","Price increase without enough added features","0","Pricing Issue","Yes"
"CUST-01287","customer01287@example.com","male","44","72","Standard","Annual","UPI","760","54720","31","3","25","82","47","332.57","Agents are not proactive and service follow-up is poor","-0.333","Service Issue","Yes"
"CUST-01288","customer01288@example.com","Female","43","10","Premium","Monthly","NetBanking",,"10270","49","4","23","12","52","430.95","Too many disconnects and latency problems","0","Network Issue","Yes"
"CUST-01289","customer01289@example.com","Female","59","38","Premium","Quarterly","UPI","1078","40964","82","2","27","46","72","402.13","Happy with the service quality and quick response","0.75","Service Issue","No"
"CUST-01290","customer01290@example.com","Male","41","55","Basic","Annual","NetBanking","361","19855","40","5","22","28","59","208.88","Excellent issue resolution and friendly support team","0","Service Issue","Yes"
"CUST-01291","customer01291@example.com","Male","26","41","Standard","Quarterly","Card","666","27306","77","7","1","7","80","322.11","Support response is slow and issue resolution takes too long","-0.9","Service Issue","Yes"
"CUST-01292","customer01292@example.com","Male","37","64","pro","Monthly","AutoPay","626","40064","40","3","30","17","65","268.42",,"-0.5","Service Issue","No"
"CUST-01293","customer01293@example.com","Male","34","20","Basic","Quarterly","AutoPay","419","8380","98","5","19","75","67","216.69","Price increase without enough added features","0","Pricing Issue","No"
"CUST-01294","customer01294@example.com","Male","60","51","Premium","Monthly","NetBanking","1063","54213","88","0","19","4","90","340.91","Great support and reliable network experience","0","Network Issue","No"
"CUST-01295","customer01295@example.com","Female",,"30","Premium","Annual","NetBanking","793","23790","57","0","16","67","50","276.46","Happy with the service quality and quick response","0.75","Service Issue","No"
"CUST-01296","customer01296@example.com","Female","42","6","Basic","Annual","UPI","391","2346","100","3","10","8","80","151.10","Excellent issue resolution and friendly support team","0","Service Issue","No"
"CUST-01297","customer01297@example.com","Female","30","71","Basic","Quarterly","AutoPay","405","28755","63","5","1","61","69","206.71","Happy with the service quality and quick response","0.75","Service Issue","No"
"CUST-01298","customer01298@example.com","Male","46","9","Basic","Annual","NetBanking","471","4239","20","5","27","22","34","268.07","Frustrated with repeated support delays","-1","Service Issue","Yes"
"CUST-01299","customer01299@example.com","Male","36","17","Enterprise","Monthly","Card","1356","23052","18","3","27","39","31","554.31","Great support and reliable network experience","0","Network Issue","Yes"
"CUST-01300","customer01300@example.com","male","25","23","Basic","Quarterly","Card","448","10304","72","7","27","21","67","267.03","Agents are not proactive and service follow-up is poor","-0.333","Service Issue","No"
"CUST-01301","customer01301@example.com","Female","48","2","Enterprise","Monthly","Card","1515","3030","76","4","5","34","59","589.95","Signal issues keep affecting daily usage","-0.5","Network Issue","Yes"
"CUST-01302","customer01302@example.com","Female","26","1","Enterprise","Quarterly","Card","1254","1254","45","5",,"90","28","549.71","Price increase without enough added features","0","Pricing Issue","Yes"
"CUST-01303","customer01303@example.com","Male","29","47","Basic","Quarterly","Card","494","23218","43","6","1","31","57","263.87","Satisfied with pricing and product value","0.5","Pricing Issue","No"
"CUST-01304","customer01304@example.com","Female","40","51","Standard","Monthly","NetBanking","612","31212","31","5","23","12","57","301.17","Billing feels expensive for the value received","-0.857","Pricing Issue","Yes"
"CUST-01305","customer01305@example.com","Male","66","68","Basic","Monthly","AutoPay","502","34136",,"2","8","50","76","184.88","Happy with the service quality and quick response","0.75","Service Issue","No"
"CUST-01306","customer01306@example.com","Female","21","42","Standard","Annual","NetBanking","765","32130","99","6","23","30","87","346.19","Great support and reliable network experience","0","Network Issue","No"
"CUST-01307","customer01307@example.com","Female","29","51","Basic","Quarterly","NetBanking","326","16626","85","5","24","10","87","171.28","Happy with the service quality and quick response","0.75","Service Issue","No"
"CUST-01308","customer01308@example.com","Male","48","37","Standard","Monthly","NetBanking","614","22718","51","6","27","79","46","330.69","Happy with the service quality and quick response","0.75","Service Issue","Yes"
"CUST-01309","customer01309@example.com","Male","42","28","pro","Quarterly","Card","673","18844","22","4","18","19","42","312.70","Excellent issue resolution and friendly support team","0","Service Issue","Yes"
"CUST-01310","customer01310@example.com","Male","59","10","Enterprise","Annual","AutoPay","1237","12370","93","2","21","32","72","452.25","Customer service quality dropped after onboarding","-0.5","Service Issue","Yes"
"CUST-01311","customer01311@example.com","Female","37","71","Standard","Quarterly","NetBanking",,"44517","67","7","29","60","72","335.79",,"0","Pricing Issue","Yes"
"CUST-01312","customer01312@example.com","Male","30","44","Premium","Annual","AutoPay","1052",,"13","6","10","29","40","484.76","Monthly charges are too high and pricing is confusing","0","Pricing Issue","Yes"
"CUST-01313","customer01313@example.com","female","51","3","Basic","Annual","NetBanking","362","1086","66","5","10","25","56","198.28","Excellent issue resolution and friendly support team","0","Service Issue","No"
"CUST-01314","customer01314@example.com","Male","49","33","Basic","Annual","AutoPay","303","9999","20","2","14","58","33","150.76","Smooth onboarding and very helpful account manager","0.857","Service Issue","Yes"
"CUST-01315","customer01315@example.com","Male","53","49","Basic","Monthly","UPI","498","24402","44","4","14","42","56","238.24","Agents are not proactive and service follow-up is poor","-0.333","Service Issue","Yes"
"CUST-01316","customer01316@example.com","Male","28","27","Standard","Annual","Card","692","18684","30","5","8","3","50","324.38","Frequent network outages and unstable connectivity","-0.5","Network Issue","No"
"CUST-01317","customer01317@example.com","Female","22","61","Basic","Monthly","UPI","468","28548","53","6","9","56","62","257.39","Frustrated with repeated support delays","-1","Service Issue","Yes"
"CUST-01318","customer01318@example.com","Male","28","47","Basic","Quarterly","Card","361","16967","72","5","17","66","65","200.69","Customer service quality dropped after onboarding","-0.5","Service Issue","No"
"CUST-01319","customer01319@example.com","Female","64","24","Basic","Annual","Card","372","8928","53","7","0","9","60","231.26","Excellent issue resolution and friendly support team","0","Service Issue","Yes"
"CUST-01320","customer01320@example.com","Female","34","1","Enterprise","Quarterly","AutoPay","1291","1291","19","7","13","27","29","594.71","Great support and reliable network experience","0","Network Issue","Yes"
"CUST-01321","customer01321@example.com","Male","70","9","Premium","Quarterly","NetBanking","1024","9216","47","0","11","29","47","356.53","Price increase without enough added features","0","Pricing Issue","No"
"CUST-01322","customer01322@example.com","Male","67","15","Standard","Quarterly","UPI","571","8565","37","7","15","81","30","338.05","Smooth onboarding and very helpful account manager","0.857","Service Issue","Yes"
"CUST-01323","customer01323@example.com","Male","34","60","Premium","Annual","AutoPay","1074","64440","49","6","8","84","52","483.90","Smooth onboarding and very helpful account manager","0.857","Service Issue","No"
"CUST-01324","customer01324@example.com","Female","38","13","Enterprise","Monthly","AutoPay","1246","16198","58","3","21","41","51","492.61","Great support and reliable network experience","0","Network Issue","Yes"
"CUST-01325","customer01325@example.com","Male","26","62","Basic","Annual","Card","385","23870","76","7","4","27","82","224.12","Frequent network outages and unstable connectivity","-0.5","Network Issue","No"
"CUST-01326","customer01326@example.com","female","60","20","pro","Quarterly","NetBanking","572","11440","63","2","19","39","57","226.63","Billing feels expensive for the value received","-0.857","Pricing Issue","No"
"CUST-01327","customer01327@example.com","Male","30","22","Basic","Monthly","UPI","490","10780","14","7","20","2","40","302.92","Frustrated with repeated support delays","-1","Service Issue","Yes"
"CUST-01328","customer01328@example.com","Male","33","56","Basic","Annual","Card","264","14784","63","2","30","70","62","122.76","Great support and reliable network experience","0","Network Issue","Yes"
"CUST-01329","customer01329@example.com","Female","40","63","Premium","Monthly","NetBanking","1081","68103","93","5","21","26","92","439.11","Customer service quality dropped after onboarding","-0.5","Service Issue","No"
"CUST-01330","customer01330@example.com","Male","64","13","Basic","Monthly","AutoPay","448","5824","78","4","22","8","70","205.96",,"0.5","Pricing Issue","Yes"
"CUST-01331","customer01331@example.com","Male","61","5","Basic","Quarterly","Card","252","1260","82","1","15","22","66","80.35","Customer service quality dropped after onboarding","-0.5","Service Issue","No"
"CUST-01332","customer01332@example.com","Male",,"35","Enterprise","Annual","UPI","1222","42770","91","0","26","73","69","419.94","Monthly charges are too high and pricing is confusing","0","Pricing Issue","Yes"
"CUST-01333","customer01333@example.com","Female","23","18","Basic","Annual","NetBanking","326","5868","57","0",,"60","48","112.67","Frequent network outages and unstable connectivity","-0.5","Network Issue","No"
"CUST-01334","customer01334@example.com","Male","31","62","Basic","Monthly","AutoPay",,"34038",,"2","7","65","46","227.43","Frequent network outages and unstable connectivity","-0.5","Network Issue","Yes"
"CUST-01335","customer01335@example.com","Male","59","62","Basic","Monthly","Card","264","16368","71","0","5","71","68","68.17","Happy with the service quality and quick response","0.75","Service Issue","No"
"CUST-01336","customer01336@example.com","Female","68","72","Premium","Quarterly","NetBanking","988","71136","83","2","27","34","87","360.23","Satisfied with pricing and product value","0.5","Pricing Issue","No"
"CUST-01337","customer01337@example.com","Female","32","3","Standard","Monthly","Card","746","2238","21","2","13","38","28","309.79","Smooth onboarding and very helpful account manager","0.857","Service Issue","Yes"
"CUST-01338","customer01338@example.com","Male","66","38","Standard","Annual","NetBanking","670","25460","93","1","16","20","84","219.46","Frequent network outages and unstable connectivity","-0.5","Network Issue","No"
"CUST-01339","customer01339@example.com","female","59","34","Premium","Monthly","UPI","1073","36482","20","1","28","75","29","421.56","Happy with the service quality and quick response","0.75","Service Issue","No"
"CUST-01340","customer01340@example.com","Male","25","53","Standard","Monthly","UPI","685","36305","92","4","23","12","91","278.59","Excellent issue resolution and friendly support team","0","Service Issue","No"
"CUST-01341","customer01341@example.com","Female","52","2","Enterprise","Quarterly","Card","1290","2580","49","0","16","1","52","448.58","Price increase without enough added features","0","Pricing Issue","No"
"CUST-01342","customer01342@example.com","Female","38","4","Basic","Monthly","UPI","477","1908","56","1","6","8","55","166.22","Happy with the service quality and quick response","0.75","Service Issue","Yes"
"CUST-01343","customer01343@example.com","Female","21","48","gold","Quarterly","Card","1048","50304","41","7","6","16","60","481.28","Signal issues keep affecting daily usage","-0.5","Network Issue","No"
"CUST-01344","customer01344@example.com","Male","37","59","Basic","Quarterly","UPI","434","25606","55","1","22","82","55","167.90","Great support and reliable network experience","0","Network Issue","No"
"CUST-01345","customer01345@example.com","Male","62","12","Premium","Monthly","UPI","988","11856","76","5","4","50","58","419.72","Internet speed dropped and network quality is poor","-1","Network Issue","Yes"
"CUST-01346","customer01346@example.com","Female","49","32","Basic","Quarterly","UPI","299","9568","52","2","9","77","46","135.31","The plan cost feels high compared with competitors","0","Pricing Issue","Yes"
"CUST-01347","customer01347@example.com","Female","57","19","Basic","Monthly","Card","385","7315","70","3","18","60","55","178.48","Frequent network outages and unstable connectivity","-0.5","Network Issue","Yes"
"CUST-01348","customer01348@example.com","Male","61","10","Standard","Monthly","AutoPay","641","6410","45","7","3","10","51","336.51","Billing feels expensive for the value received","-0.857","Pricing Issue","Yes"
"CUST-01349","customer01349@example.com","Male","34","43","Basic","Annual","Card","493","21199","66","4","7","23","71","218.11",,"0","Pricing Issue","No"
"CUST-01350","customer01350@example.com","Male","66","5","Basic","Quarterly","AutoPay","475","2375","48","5","12","68","36","259.02","Satisfied with pricing and product value","0.5","Pricing Issue","No"
"CUST-01351","customer01351@example.com","Male","41","29","Enterprise","Quarterly","AutoPay","1503","43587","100","5","3","9","88","579.67","Billing feels expensive for the value received","-0.857","Pricing Issue","Yes"
"CUST-01352","customer01352@example.com","male","23","60","Basic","Quarterly","UPI","301","18060","33","2","23","69","47","146.27","Happy with the service quality and quick response","0.75","Service Issue","No"
"CUST-01353","customer01353@example.com","Male","70","48","Basic","Monthly","UPI","439",,"100","4","30","84","76","208.06","Smooth onboarding and very helpful account manager","0.857","Service Issue","Yes"
"CUST-01354","customer01354@example.com","Male","21","35","Premium","Annual","Card","1051","36785","88","4","23","76","67","430.95","Billing feels expensive for the value received","-0.857","Pricing Issue","Yes"
"CUST-01355","customer01355@example.com","Male","55","3","Basic","Quarterly","Card","319","957","63","0","9","5","59","88.95","Internet speed dropped and network quality is poor","-1","Network Issue","No"
"CUST-01356","customer01356@example.com","Male","67","66","Standard","Annual","UPI","601","39666","90","5","18","64","82","274.74","Internet speed dropped and network quality is poor","-1","Network Issue","Yes"
"CUST-01357","customer01357@example.com","Female","69","59","Premium","Quarterly","AutoPay",,"55106","96","0","27","35","90","300.87","Too many disconnects and latency problems","0","Network Issue","Yes"
"CUST-01358","customer01358@example.com","Male","31","70","Basic","Quarterly","UPI","461","32270","92","5","5","49","88","211.87","Monthly charges are too high and pricing is confusing","0","Pricing Issue","No"
"CUST-01359","customer01359@example.com","Male","61","33","Standard","Annual","UPI","530","17490","31","3","2","27","47","230.94","The plan cost feels high compared with competitors","0","Pricing Issue","Yes"
"CUST-01360","customer01360@example.com","Male","31","60","starter","Monthly","NetBanking","542","32520","65","5","28","61","66","271.86","Excellent issue resolution and friendly support team","0","Service Issue","No"
"CUST-01361","customer01361@example.com","Female","67","25","Standard","Monthly","Card","579","14475","69","6","24","19","67","295.20","Frustrated with repeated support delays","-1","Service Issue","Yes"
"CUST-01362","customer01362@example.com","Male","24","12","Premium","Monthly","AutoPay","888","10656","69","1","15","13","64","312.39","Customer service quality dropped after onboarding","-0.5","Service Issue","No"
"CUST-01363","customer01363@example.com","Male","31","49","Basic","Annual","Card","256","12544",,"0","15","34","88","50.75","Customer service quality dropped after onboarding","-0.5","Service Issue","No"
"CUST-01364","customer01364@example.com","Male","31","13","Basic","Quarterly","NetBanking","466","6058","69","0",,"29","60","148.88","Price increase without enough added features","0","Pricing Issue","No"
"CUST-01365","customer01365@example.com","male","33","66","Enterprise","Monthly","NetBanking","1523","100518","63","5","0","4","82","595.86","Too many disconnects and latency problems","0","Network Issue","No"
"CUST-01366","customer01366@example.com","Female","59","66","Standard","Annual","NetBanking","645","42570","38","0","21","6","68","214.31","Billing feels expensive for the value received","-0.857","Pricing Issue","No"
"CUST-01367","customer01367@example.com","Male","39","19","Enterprise","Annual","Card","1262","23978","57","2","2","45","52","470.30","Excellent issue resolution and friendly support team","0","Service Issue","Yes"
"CUST-01368","customer01368@example.com","Male","62","30","Basic","Annual","Card","352","10560","84","6","16","33","73","204.04",,"0","Service Issue","Yes"
"CUST-01369","customer01369@example.com","Male",,"53","Standard","Quarterly","Card","535","28355","51","1","18","38","62","194.58","Great support and reliable network experience","0","Network Issue","No"
"CUST-01370","customer01370@example.com","Female","61","36","Basic","Quarterly","UPI","331","11916","68","4","1","47","63","162.51","Billing feels expensive for the value received","-0.857","Pricing Issue","No"
"CUST-01371","customer01371@example.com","Female","44","23","Enterprise","Monthly","AutoPay","1397","32131","57","0","30","75","46","504.78","Price increase without enough added features","0","Pricing Issue","Yes"
"CUST-01372","customer01372@example.com","Male","59","36","Standard","Annual","Card","604","21744","33","5","30","18","51","305.28","Monthly charges are too high and pricing is confusing","0","Pricing Issue","Yes"
"CUST-01373","customer01373@example.com","Male","29","65","Basic","Monthly","Card","574","37310","21","4","4","15","56","262.24","Price increase without enough added features","0","Pricing Issue","No"
"CUST-01374","customer01374@example.com","Female","40","36","Basic","Annual","UPI","317","11412","44","7","17","78","42","239.71","Signal issues keep affecting daily usage","-0.5","Network Issue","Yes"
"CUST-01375","customer01375@example.com","Male","24","4","Basic","Quarterly","AutoPay","558","2232","85","4","8","41","63","243.90","Too many disconnects and latency problems","0","Network Issue","No"
"CUST-01376","customer01376@example.com","Male","26","3","Basic","Annual","AutoPay","329","987","81","6","11","34","62","199.61","Too many disconnects and latency problems","0","Network Issue","Yes"
"CUST-01377","customer01377@example.com","Female","68","43","gold","Quarterly","NetBanking","1103","47429","56","5","8","15","67","459.34","Support response is slow and issue resolution takes too long","-0.9","Service Issue","Yes"
"CUST-01378","customer01378@example.com","female","53","60","Basic","Quarterly","UPI","424","25440","83","5","12","42","81","207.02","Great support and reliable network experience","0","Network Issue","No"
"CUST-01379","customer01379@example.com","Male","50","38","Basic","Quarterly","Card","294","11172","79","0","2","80","62","79.80","Frustrated with repeated support delays","-1","Service Issue","Yes"
"CUST-01380","customer01380@example.com","Male","69","23","Basic","Annual","Card",,"11178","82","7","12","68","61","278.74","Monthly charges are too high and pricing is confusing","0","Pricing Issue","Yes"
"CUST-01381","customer01381@example.com","Male","61","5","Basic","Quarterly","Card","293","1465","27","1","16","34","33","126.04","Frustrated with repeated support delays","-1","Service Issue","No"
"CUST-01382","customer01382@example.com","Female","58","50","Basic","Quarterly","NetBanking","457","22850","53","5","9","90","49","245.57","Monthly charges are too high and pricing is confusing","0","Pricing Issue","Yes"
"CUST-01383","customer01383@example.com","Male","31","49","Basic","Quarterly","Card","337","16513","76","7","0","62","68","215.38","Price increase without enough added features","0","Pricing Issue","No"
"CUST-01384","customer01384@example.com","Male","27","21","Basic","Annual","UPI","330","6930","27","6","24","12","44","225.60","Monthly charges are too high and pricing is confusing","0","Pricing Issue","Yes"
"CUST-01385","customer01385@example.com","Male","60","54","Premium","Monthly","UPI","937","50598","29","5","28","90","37","440.10","Great support and reliable network experience","0","Network Issue","Yes"
"CUST-01386","customer01386@example.com","Male","64","20","Premium","Annual","Card","879","17580","93","0","20","58","69","291.26","The plan cost feels high compared with competitors","0","Pricing Issue","No"
"CUST-01387","customer01387@example.com","Female","24","44","Basic","Annual","AutoPay","369","16236","12","7","11","2","46","251.45",,"0.5","Pricing Issue","Yes"
"CUST-01388","customer01388@example.com","Female","69","16","Basic","Quarterly","UPI","355","5680","94","5","25","20","77","186.47","Agents are not proactive and service follow-up is poor","-0.333","Service Issue","No"
"CUST-01389","customer01389@example.com","Female","61","29","Premium","Annual","UPI","955","27695","88","7","18","89","61","451.84","Customer service quality dropped after onboarding","-0.5","Service Issue","Yes"
"CUST-01390","customer01390@example.com","Male","31","34","Enterprise","Quarterly","Card","1458","49572","79","3","21","1","80","545.05","Monthly charges are too high and pricing is confusing","0","Pricing Issue","Yes"
"CUST-01391","customer01391@example.com","female","27","14","Standard","Annual","UPI","593","8302","74","6","19","80","51","311.61","Frequent network outages and unstable connectivity","-0.5","Network Issue","Yes"
"CUST-01392","customer01392@example.com","Male","58","21","Basic","Annual","AutoPay","488","10248",,"4","26","36","78","216.84","The plan cost feels high compared with competitors","0","Pricing Issue","Yes"
"CUST-01393","customer01393@example.com","Male","32","50","Premium","Quarterly","Card","892","44600","80","3","16","1","86","335.16","Customer service quality dropped after onboarding","-0.5","Service Issue","No"
"CUST-01394","customer01394@example.com","Male","64","22","pro","Quarterly","NetBanking","810",,"15","4","6","78","21","374.16","Happy with the service quality and quick response","0.75","Service Issue","Yes"
"CUST-01395","customer01395@example.com","Male","48","25","Basic","Monthly","NetBanking","355","8875","65","4",,"37","60","187.63","Happy with the service quality and quick response","0.75","Service Issue","Yes"
"CUST-01396","customer01396@example.com","Female","33","62","Basic","Monthly","UPI","391","24242","24","6","2","22","54","231.98","Support response is slow and issue resolution takes too long","-0.9","Service Issue","No"
"CUST-01397","customer01397@example.com","Female","29","19","Premium","Quarterly","Card","918","17442","38","5","20","60","38","423.46","Too many disconnects and latency problems","0","Network Issue","Yes"
"CUST-01398","customer01398@example.com","Male","29","51","Standard","Quarterly","UPI","557","28407","78","5","0","80","66","261.54","Monthly charges are too high and pricing is confusing","0","Pricing Issue","Yes"
"CUST-01399","customer01399@example.com","Male","56","5","Basic","Quarterly","AutoPay","520","2600","20","0","22","56","24","201.84","Frustrated with repeated support delays","-1","Service Issue","Yes"
"CUST-01400","customer01400@example.com","Female","57","14","Premium","Quarterly","Card","1036","14504","84","3","30","44","65","409.50","Happy with the service quality and quick response","0.75","Service Issue","Yes"
"CUST-01401","customer01401@example.com","Female","69","5","Standard","Quarterly","AutoPay","626","3130","75","2","26","29","61","244.22","Frequent network outages and unstable connectivity","-0.5","Network Issue","No"
"CUST-01402","customer01402@example.com","Male","40","32","Basic","Quarterly","NetBanking","496","15872","98","2","1","62","75","175.23","Billing feels expensive for the value received","-0.857","Pricing Issue","Yes"
"CUST-01403","customer01403@example.com","Female","32","37","Basic","Annual","Card",,"18648","85","4","6","34","76","215.74","Support response is slow and issue resolution takes too long","-0.9","Service Issue","No"
"CUST-01404","customer01404@example.com","female","64","18","Premium","Monthly","UPI","1099","19782","50","3","30","24","53","443.66","Support response is slow and issue resolution takes too long","-0.9","Service Issue","Yes"
"CUST-01405","customer01405@example.com","Male","21","37","Enterprise","Monthly","AutoPay","1463","54131","73","1","5","24","72","510.03","Support response is slow and issue resolution takes too long","-0.9","Service Issue","Yes"
"CUST-01406","customer01406@example.com","Male",,"6","Basic","Quarterly","Card","394","2364","40","6","10","90","27","255.86",,"-0.333","Service Issue","No"
"CUST-01407","customer01407@example.com","Male","38","41","Standard","Monthly","NetBanking","638","26158","62","4","9","43","63","278.57","Frequent network outages and unstable connectivity","-0.5","Network Issue","No"
"CUST-01408","customer01408@example.com","Male","62","52","Premium","Quarterly","UPI","900","46800","20","5","25","35","45","416.79","The plan cost feels high compared with competitors","0","Pricing Issue","Yes"
"CUST-01409","customer01409@example.com","Female","34","3","Basic","Monthly","AutoPay","421","1263","100","0","26","42","71","125.40","The plan cost feels high compared with competitors","0","Pricing Issue","No"
"CUST-01410","customer01410@example.com","Female","57","38","Standard","Quarterly","UPI","725","27550","79","1","14","6","80","241.80","Frequent network outages and unstable connectivity","-0.5","Network Issue","No"
"CUST-01411","customer01411@example.com","Male","30","48","gold","Quarterly","Card","857","41136","36","6","0","38","52","399.00","Signal issues keep affecting daily usage","-0.5","Network Issue","Yes"
"CUST-01412","customer01412@example.com","Female","49","41","Enterprise","Monthly","Card","1485","60885","55","1","10","42","59","533.30","Satisfied with pricing and product value","0.5","Pricing Issue","Yes"
"CUST-01413","customer01413@example.com","Male","39","71","Basic","Quarterly","Card","503","35713","98","1","26","64","88","166.96","Great support and reliable network experience","0","Network Issue","Yes"
"CUST-01414","customer01414@example.com","Male","67","4","Standard","Monthly","UPI","758","3032","27","7","25","53","28","411.13","Excellent issue resolution and friendly support team","0","Service Issue","Yes"
"CUST-01415","customer01415@example.com","Male","58","50","Basic","Quarterly","AutoPay","438","21900","95","4","23","56","81","199.27","Satisfied with pricing and product value","0.5","Pricing Issue","Yes"
"CUST-01416","customer01416@example.com","Female","68","7","Basic","Quarterly","NetBanking","442","3094","36","5","28","15","44","248.86","Price increase without enough added features","0","Pricing Issue","No"
"CUST-01417","customer01417@example.com","female","26","45","Standard","Quarterly","UPI","746","33570","59","0","22","24","67","248.82","Happy with the service quality and quick response","0.75","Service Issue","Yes"
"CUST-01418","customer01418@example.com","Female","40","31","Premium","Annual","NetBanking","1072","33232","30","0","16","60","37","388.54","Satisfied with pricing and product value","0.5","Pricing Issue","Yes"
"CUST-01419","customer01419@example.com","Female","63","11","Premium","Monthly","UPI","894","9834","87","5","25","16","73","383.95","Customer service quality dropped after onboarding","-0.5","Service Issue","Yes"
"CUST-01420","customer01420@example.com","Male","48","39","Enterprise","Annual","Card","1512","58968","44","6","14","65","47","646.60","Smooth onboarding and very helpful account manager","0.857","Service Issue","Yes"
"CUST-01421","customer01421@example.com","Male","49","61","Enterprise","Monthly","NetBanking","1499","91439",,"2","8","37","65","552.94","Excellent issue resolution and friendly support team","0","Service Issue","Yes"
"CUST-01422","customer01422@example.com","Male","24","52","Enterprise","Quarterly","NetBanking","1428","74256","71","0","30","24","76","491.48","Great support and reliable network experience","0","Network Issue","Yes"
"CUST-01423","customer01423@example.com","Female","43","41","Premium","Annual","UPI","1020","41820","70","2","2","75","59","379.92","Frequent network outages and unstable connectivity","-0.5","Network Issue","Yes"
"CUST-01424","customer01424@example.com","Male","56","67","Basic","Quarterly","NetBanking","307","20569","42","6","2","73","53","204.08","Smooth onboarding and very helpful account manager","0.857","Service Issue","No"
"CUST-01425","customer01425@example.com","Female","53","31","Premium","Monthly","UPI","887","27497","54","2","3","58","51","338.31",,"-1","Service Issue","Yes"
"CUST-01426","customer01426@example.com","Female","44","18","Premium","Quarterly","UPI",,"16128","21","2",,"41","33","358.51","Satisfied with pricing and product value","0.5","Pricing Issue","Yes"
"CUST-01427","customer01427@example.com","Female","33","56","Standard","Annual","Card","584","32704","72","3","1","84","63","238.87","Frequent network outages and unstable connectivity","-0.5","Network Issue","Yes"
"CUST-01428","customer01428@example.com","Female","31","27","pro","Quarterly","NetBanking","667","18009","20","7","21","76","26","381.05","Agents are not proactive and service follow-up is poor","-0.333","Service Issue","Yes"
"CUST-01429","customer01429@example.com","Male","21","52","Basic","Monthly","Card","478","24856","17","3","28","0","53","223.62","Monthly charges are too high and pricing is confusing","0","Pricing Issue","Yes"
"CUST-01430","customer01430@example.com","male","63","63","Standard","Annual","UPI","817","51471","26","4","16","83","41","370.50","Price increase without enough added features","0","Pricing Issue","Yes"
"CUST-01431","customer01431@example.com","Female","34","31","Basic","Quarterly","UPI","254","7874","46","2","11","0","61","104.91","Satisfied with pricing and product value","0.5","Pricing Issue","Yes"
"CUST-01432","customer01432@example.com","Female","48","4","Standard","Quarterly","Card","567","2268","58","3","10","67","42","249.98","Internet speed dropped and network quality is poor","-1","Network Issue","Yes"
"CUST-01433","customer01433@example.com","Male","35","69","Standard","Annual","Card","657","45333","67","1","6","55","72","225.10","Billing feels expensive for the value received","-0.857","Pricing Issue","Yes"
"CUST-01434","customer01434@example.com","Male","56","8","Basic","Annual","AutoPay","485","3880","48","2","4","41","44","197.20","Monthly charges are too high and pricing is confusing","0","Pricing Issue","Yes"
"CUST-01435","customer01435@example.com","Male","23","29","Basic","Quarterly","UPI","344",,"42","2","20","23","52","150.14","Price increase without enough added features","0","Pricing Issue","No"
"CUST-01436","customer01436@example.com","Male","64","64","Standard","Annual","Card","746","47744","24","2","21","85","39","312.99","Excellent issue resolution and friendly support team","0","Service Issue","Yes"
"CUST-01437","customer01437@example.com","Male","26","3","Basic","Annual","Card","522","1566","90","1","21","38","66","181.05","Agents are not proactive and service follow-up is poor","-0.333","Service Issue","Yes"
"CUST-01438","customer01438@example.com","Female","46","51","Basic","Monthly","AutoPay","273","13923","24","0","10","17","52","86.68","Great support and reliable network experience","0","Network Issue","Yes"
"CUST-01439","customer01439@example.com","Male","24","19","Standard","Quarterly","AutoPay","807","15333","83","6","19","61","62","378.69","Monthly charges are too high and pricing is confusing","0","Pricing Issue","Yes"
"CUST-01440","customer01440@example.com","Male","56","28","Premium","Annual","AutoPay","1080","30240","79","4","2","79","58","436.32","The plan cost feels high compared with competitors","0","Pricing Issue","Yes"
"CUST-01441","customer01441@example.com","Male","44","50","Premium","Monthly","AutoPay","1023","51150","71","3","24","52","69","403.46","Satisfied with pricing and product value","0.5","Pricing Issue","No"
"CUST-01442","customer01442@example.com","Male","57","58","Standard","Quarterly","UPI","646","37468","36","2","30","39","55","265.98","The plan cost feels high compared with competitors","0","Pricing Issue","Yes"
"CUST-01443","customer01443@example.com","male",,"19","Basic","Monthly","NetBanking","458","8702","19","7","2","57","28","292.74","Price increase without enough added features","0","Pricing Issue","No"
"CUST-01444","customer01444@example.com","Male","41","47","Premium","Monthly","UPI","971","45637","100","5","17","7","95","392.13",,"-0.857","Pricing Issue","No"
"CUST-01445","customer01445@example.com","Female","64","33","starter","Annual","Card","323","10659","47","5","10","17","58","186.42","The plan cost feels high compared with competitors","0","Pricing Issue","No"
"CUST-01446","customer01446@example.com","Male","37","68","Premium","Annual","UPI","1027","69836","56","5","23","69","62","448.69","Frequent network outages and unstable connectivity","-0.5","Network Issue","Yes"
"CUST-01447","customer01447@example.com","Male","29","14","Basic","Monthly","Card","504","7056","79","1","16","50","61","178.22","Great support and reliable network experience","0","Network Issue","Yes"
"CUST-01448","customer01448@example.com","Female","64","5","Standard","Quarterly","Card","604","3020","23","7","10","35","31","344.94","Frequent network outages and unstable connectivity","-0.5","Network Issue","Yes"
"CUST-01449","customer01449@example.com","Male","60","50","Standard","Annual","UPI",,"38550","89","1","25","37","82","264.69","Great support and reliable network experience","0","Network Issue","No"
"CUST-01450","customer01450@example.com","Female","48","50","Premium","Quarterly","UPI","1143","57150",,"7","5","21","43","530.77","Agents are not proactive and service follow-up is poor","-0.333","Service Issue","Yes"
"CUST-01451","customer01451@example.com","Female","25","61","Premium","Quarterly","Card","1016","61976","81","2","14","9","89","360.14","Monthly charges are too high and pricing is confusing","0","Pricing Issue","No"
"CUST-01452","customer01452@example.com","Female","48","17","Premium","Annual","Card","908","15436","11","2","20","4","36","366.28","Satisfied with pricing and product value","0.5","Pricing Issue","Yes"
"CUST-01453","customer01453@example.com","Male","25","61","Basic","Quarterly","NetBanking","592","36112","22","7","11","13","55","326.31","Great support and reliable network experience","0","Network Issue","Yes"
"CUST-01454","customer01454@example.com","Female","42","34","Standard","Quarterly","NetBanking","549","18666","35","5","30","86","35","301.16","Support response is slow and issue resolution takes too long","-0.9","Service Issue","Yes"
"CUST-01455","customer01455@example.com","Female","54","11","Premium","Quarterly","UPI","779","8569","23","0","3","87","20","289.49","Support response is slow and issue resolution takes too long","-0.9","Service Issue","Yes"
"CUST-01456","customer01456@example.com","female","26","2","Standard","Quarterly","UPI","565","1130","86","1","21","8","71","191.51","Customer service quality dropped after onboarding","-0.5","Service Issue","Yes"
"CUST-01457","customer01457@example.com","Male","21","7","Basic","Quarterly","NetBanking","483","3381","80","6",,"48","59","264.24","Monthly charges are too high and pricing is confusing","0","Pricing Issue","Yes"
"CUST-01458","customer01458@example.com","Male","54","26","Standard","Annual","NetBanking","691","17966","42","1","11","44","46","257.69","Great support and reliable network experience","0","Network Issue","Yes"
"CUST-01459","customer01459@example.com","Male","30","65","Premium","Quarterly","Card","793","51545","53","1","0","45","66","276.08","Frustrated with repeated support delays","-1","Service Issue","Yes"
"CUST-01460","customer01460@example.com","Male","59","26","Premium","Monthly","NetBanking","1094","28444","68","3","26","18","67","427.78","Signal issues keep affecting daily usage","-0.5","Network Issue","Yes"
"CUST-01461","customer01461@example.com","Male","25","61","Premium","Monthly","AutoPay","884","53924","52","0","17","19","70","295.17","Price increase without enough added features","0","Pricing Issue","No"
"CUST-01462","customer01462@example.com","Female","38","1","starter","Monthly","UPI","537","537","20","7","19","29","29","326.55","The plan cost feels high compared with competitors","0","Pricing Issue","Yes"
"CUST-01463","customer01463@example.com","Male","57","6","Enterprise","Annual","Card","1321","7926","59","1","5","50","47","477.73",,"-0.9","Service Issue","No"
"CUST-01464","customer01464@example.com","Male","53","29","Basic","Quarterly","UPI","368","10672","64","5","14","60","55","207.36","Customer service quality dropped after onboarding","-0.5","Service Issue","Yes"
"CUST-01465","customer01465@example.com","Female","28","54","Basic","Annual","AutoPay","449","24246","66","6","2","42","70","238.10","Billing feels expensive for the value received","-0.857","Pricing Issue","No"
"CUST-01466","customer01466@example.com","Male","28","18","Basic","Monthly","UPI","327","5886","80","7","6","64","59","219.14","Frequent network outages and unstable connectivity","-0.5","Network Issue","Yes"
"CUST-01467","customer01467@example.com","Female","51","21","Standard","Annual","Card","819","17199","91","6","16","24","76","368.12","Billing feels expensive for the value received","-0.857","Pricing Issue","Yes"
"CUST-01468","customer01468@example.com","Female","22","64","Standard","Quarterly","Card","717","45888","20","3","9","14","55","298.91","Great support and reliable network experience","0","Network Issue","No"
"CUST-01469","customer01469@example.com","female","62","46","Standard","Quarterly","Card","574","26404","49","1","8","11","65","198.90","Smooth onboarding and very helpful account manager","0.857","Service Issue","No"
"CUST-01470","customer01470@example.com","Male","37","39","Premium","Monthly","Card","1114","43446","85","7","7","3","85","482.09","Support response is slow and issue resolution takes too long","-0.9","Service Issue","Yes"
"CUST-01471","customer01471@example.com","Female","36","18","Basic","Monthly","NetBanking","385","6930","51","1","27","34","51","150.87","Smooth onboarding and very helpful account manager","0.857","Service Issue","No"
"CUST-01472","customer01472@example.com","Male","70","23","Enterprise","Quarterly","NetBanking",,"34753","92","6","20","15","80","616.42","Too many disconnects and latency problems","0","Network Issue","Yes"
"CUST-01473","customer01473@example.com","Male","69","62","Basic","Monthly","Card","323","20026","21","5","21","28","51","202.89","Agents are not proactive and service follow-up is poor","-0.333","Service Issue","Yes"
"CUST-01474","customer01474@example.com","Female","65","34","Enterprise","Annual","AutoPay","1317","44778","86","7","9","81","64","575.39","Billing feels expensive for the value received","-0.857","Pricing Issue","Yes"
"CUST-01475","customer01475@example.com","Male","57","61","Premium","Monthly","Card","1086","66246","17","5","27","9","53","478.49","Great support and reliable network experience","0","Network Issue","Yes"
"CUST-01476","customer01476@example.com","Male","70","1","Basic","Monthly","Card","294",,"47","5","22","45","40","195.06","Frustrated with repeated support delays","-1","Service Issue","No"
"CUST-01477","customer01477@example.com","Male","30","61","Standard","Monthly","AutoPay","763","46543","47","1","26","57","58","286.18","Frustrated with repeated support delays","-1","Service Issue","Yes"
"CUST-01478","customer01478@example.com","Male","41","1","Premium","Monthly","Card","883","883","82","7","13","60","55","424.25","Frequent network outages and unstable connectivity","-0.5","Network Issue","Yes"
"CUST-01479","customer01479@example.com","Female","27","45","starter","Annual","UPI","379","17055",,"4","28","0","69","189.74","The plan cost feels high compared with competitors","0","Pricing Issue","No"
"CUST-01480","customer01480@example.com","Female",,"67","Enterprise","Quarterly","NetBanking","1484","99428","86","1","3","69","78","515.39","Price increase without enough added features","0","Pricing Issue","No"
"CUST-01481","customer01481@example.com","Female","66","7","Standard","Quarterly","UPI","693","4851","32","2","8","90","23","294.22","Satisfied with pricing and product value","0.5","Pricing Issue","Yes"
"CUST-01482","customer01482@example.com","male","39","5","Basic","Monthly","UPI","489","2445","91","6","7","41","67","251.33",,"-0.5","Network Issue","Yes"
"CUST-01483","customer01483@example.com","Male","69","26","Premium","Monthly","NetBanking","1114","28964","19","3","27","59","30","469.87","Frequent network outages and unstable connectivity","-0.5","Network Issue","Yes"
"CUST-01484","customer01484@example.com","Female","43","33","Premium","Quarterly","NetBanking","879","29007","100","1","11","27","85","291.03","Billing feels expensive for the value received","-0.857","Pricing Issue","Yes"
"CUST-01485","customer01485@example.com","Female","57","28","Enterprise","Quarterly","UPI","1444","40432","72","5","12","50","62","587.40","Monthly charges are too high and pricing is confusing","0","Pricing Issue","Yes"
"CUST-01486","customer01486@example.com","Male","49","4","Basic","Annual","Card","482","1928","52","4","16","37","46","236.48","Happy with the service quality and quick response","0.75","Service Issue","No"
"CUST-01487","customer01487@example.com","Male","54","6","Standard","Annual","UPI","821","4926","62","5","2","24","55","360.34","Signal issues keep affecting daily usage","-0.5","Network Issue","Yes"
"CUST-01488","customer01488@example.com","Male","37","72","Premium","Quarterly","Card","1083","77976","40","5",,"13","69","457.19","Great support and reliable network experience","0","Network Issue","Yes"
"CUST-01489","customer01489@example.com","Male","27","20","Premium","Quarterly","UPI","854","17080","66","2","23","63","53","334.61","The plan cost feels high compared with competitors","0","Pricing Issue","Yes"
"CUST-01490","customer01490@example.com","Male","22","60","Enterprise","Annual","Card","1483","88980","83","3","14","10","89","545.68","Great support and reliable network experience","0","Network Issue","No"
"CUST-01491","customer01491@example.com","Female","61","41","Standard","Annual","Card","699","28659","73","3","2","41","69","272.70","Billing feels expensive for the value received","-0.857","Pricing Issue","Yes"
"CUST-01492","customer01492@example.com","Female","36","5","Standard","Quarterly","Card","767","3835","43","6","24","75","32","392.92","Agents are not proactive and service follow-up is poor","-0.333","Service Issue","Yes"
"CUST-01493","customer01493@example.com","Male","34","52","Premium","Quarterly","AutoPay","950","49400","15","3","5","54","38","394.85","Signal issues keep affecting daily usage","-0.5","Network Issue","Yes"
"CUST-01494","customer01494@example.com","Female","64","29","Premium","Quarterly","AutoPay","965","27985","70","7","5","71","56","452.97","Happy with the service quality and quick response","0.75","Service Issue","Yes"
"CUST-01495","customer01495@example.com","female","32","41","Enterprise","Quarterly","Card",,"61090","88","4","1","21","82","562.61","Agents are not proactive and service follow-up is poor","-0.333","Service Issue","Yes"
"CUST-01496","customer01496@example.com","Male","44","16","platinum","Annual","NetBanking","1369","21904","36","3","26","65","34","555.86","Satisfied with pricing and product value","0.5","Pricing Issue","Yes"
"CUST-01497","customer01497@example.com","Male","58","55","Standard","Annual","NetBanking","636","34980","46","5","19","60","55","310.91","Support response is slow and issue resolution takes too long","-0.9","Service Issue","Yes"
"CUST-01498","customer01498@example.com","Female","55","48","Standard","Quarterly","Card","741","35568","53","6","11","75","52","363.67","Agents are not proactive and service follow-up is poor","-0.333","Service Issue","Yes"
"CUST-01499","customer01499@example.com","Male","22","60","Premium","Monthly","AutoPay","1043","62580","41","0","11","64","53","365.59","Internet speed dropped and network quality is poor","-1","Network Issue","No"
"CUST-01500","customer01500@example.com","Male","43","60","Standard","Annual","NetBanking","542","32520","70","5","4","70","67","258.32","Monthly charges are too high and pricing is confusing","0","Pricing Issue","Yes"
"CUST-01501","customer01501@example.com","Male","37","48","Basic","Annual","AutoPay","509","24432","23","0","1","67","38","179.73",,"0.75","Service Issue","No"
"CUST-01502","customer01502@example.com","Male","32","34","Enterprise","Annual","Card","1220","41480","44","2","12","47","49","464.96","Customer service quality dropped after onboarding","-0.5","Service Issue","Yes"
"CUST-01503","customer01503@example.com","Male","57","59","Standard","Quarterly","UPI","750","44250","60","3","28","19","74","303.34","Frequent network outages and unstable connectivity","-0.5","Network Issue","Yes"
"CUST-01504","customer01504@example.com","Male","67","15","Basic","Quarterly","Card","345","5175","31","6","26","49","35","240.06","Agents are not proactive and service follow-up is poor","-0.333","Service Issue","Yes"
"CUST-01505","customer01505@example.com","Male","60","60","Basic","Annual","UPI","469","28140","81","1","30","30","83","159.24","Agents are not proactive and service follow-up is poor","-0.333","Service Issue","No"
"CUST-01506","customer01506@example.com","Male","44","17","Basic","Quarterly","UPI","412","7004","47","1","21","5","56","152.51","Billing feels expensive for the value received","-0.857","Pricing Issue","Yes"
"CUST-01507","customer01507@example.com","Male","68","52","Basic","Annual","UPI","600","31200","35","6","27","1","62","312.23","Smooth onboarding and very helpful account manager","0.857","Service Issue","Yes"
"CUST-01508","customer01508@example.com","female","33","63","Basic","Annual","Card","532","33516",,"4","18","35","84","228.48","Excellent issue resolution and friendly support team","0","Service Issue","No"
"CUST-01509","customer01509@example.com","Male","49","6","Standard","Quarterly","UPI","621","3726","77","1","0","87","48","222.86","Satisfied with pricing and product value","0.5","Pricing Issue","Yes"
"CUST-01510","customer01510@example.com","Male","34","3","Basic","Annual","NetBanking","313","939","80","1","12","30","63","103.94","Monthly charges are too high and pricing is confusing","0","Pricing Issue","Yes"
"CUST-01511","customer01511@example.com","Female","23","65","Premium","Annual","NetBanking","1041","67665","44","4","7","87","50","437.79","Excellent issue resolution and friendly support team","0","Service Issue","Yes"
"CUST-01512","customer01512@example.com","Female","37","34","Standard","Quarterly","NetBanking","651","22134","49","0","8","45","53","218.94","Customer service quality dropped after onboarding","-0.5","Service Issue","Yes"
"CUST-01513","customer01513@example.com","Male","38","18","starter","Monthly","NetBanking","609","10962","89","7","27","14","77","315.71","Customer service quality dropped after onboarding","-0.5","Service Issue","Yes"
"CUST-01514","customer01514@example.com","Male","36","61","Standard","Monthly","UPI","556","33916","100","3","22","3","100","206.00","Support response is slow and issue resolution takes too long","-0.9","Service Issue","Yes"
"CUST-01515","customer01515@example.com","Female","38","70","Basic","Quarterly","UPI","441","30870","28","1","1","43","54","161.03","Internet speed dropped and network quality is poor","-1","Network Issue","No"
"CUST-01516","customer01516@example.com","Male","27","11","Basic","Annual","Card","293","3223","65","1","19","41","54","109.29","Frequent network outages and unstable connectivity","-0.5","Network Issue","No"
"CUST-01517","customer01517@example.com","Male",,"18","Standard","Quarterly","NetBanking","747",,"15","3","29","27","33","334.61","Customer service quality dropped after onboarding","-0.5","Service Issue","Yes"
"CUST-01518","customer01518@example.com","Male","69","19","Premium","Annual","UPI",,"17651","72","1","26","76","52","345.56","Signal issues keep affecting daily usage","-0.5","Network Issue","Yes"
"CUST-01519","customer01519@example.com","Male","38","71","Basic","Annual","UPI","483","34293","20","4",,"11","58","234.54","Monthly charges are too high and pricing is confusing","0","Pricing Issue","Yes"
"CUST-01520","customer01520@example.com","Male","57","3","Standard","Quarterly","Card","722","2166","100","6","11","78","62","342.15",,"-1","Network Issue","Yes"
"CUST-01521","customer01521@example.com","female","31","13","Enterprise","Monthly","AutoPay","1445","18785","82","2","16","58","60","535.58","Monthly charges are too high and pricing is confusing","0","Pricing Issue","No"
"CUST-01522","customer01522@example.com","Female","26","23","Standard","Monthly","Card","773","17779","42","4","2","45","45","337.04","Billing feels expensive for the value received","-0.857","Pricing Issue","Yes"
"CUST-01523","customer01523@example.com","Female","26","6","Premium","Quarterly","Card","1066","6396","44","3","23","16","47","431.17","Agents are not proactive and service follow-up is poor","-0.333","Service Issue","No"
"CUST-01524","customer01524@example.com","Female","30","65","Premium","Quarterly","NetBanking","800","52000","30","1","30","39","54","305.16","Signal issues keep affecting daily usage","-0.5","Network Issue","Yes"
"CUST-01525","customer01525@example.com","Female","42","33","Basic","Annual","AutoPay","374","12342","76","2","7","11","76","133.19","Great support and reliable network experience","0","Network Issue","Yes"
"CUST-01526","customer01526@example.com","Male","50","67","Standard","Annual","NetBanking","741","49647","52","1","22","29","70","265.76","Excellent issue resolution and friendly support team","0","Service Issue","No"
"CUST-01527","customer01527@example.com","Female","65","13","Premium","Quarterly","AutoPay","1065","13845","75","5","11","76","52","457.85","Agents are not proactive and service follow-up is poor","-0.333","Service Issue","Yes"
"CUST-01528","customer01528@example.com","Male","47","62","Standard","Monthly","UPI","766","47492","66","6","1","26","76","346.39","Price increase without enough added features","0","Pricing Issue","No"
"CUST-01529","customer01529@example.com","Female","65","5","Basic","Quarterly","NetBanking","377","1885","63","3","26","62","46","186.50","Signal issues keep affecting daily usage","-0.5","Network Issue","Yes"
"CUST-01530","customer01530@example.com","Male","35","47","pro","Monthly","AutoPay","749","35203","100","4","9","55","83","301.33","The plan cost feels high compared with competitors","0","Pricing Issue","No"
"CUST-01531","customer01531@example.com","Female","62","65","Enterprise","Annual","NetBanking","1381","89765","32","5","15","81","45","587.15","Excellent issue resolution and friendly support team","0","Service Issue","Yes"
"CUST-01532","customer01532@example.com","Male","51","50","Standard","Annual","Card","596","29800","61","2","26","69","59","241.92","Happy with the service quality and quick response","0.75","Service Issue","Yes"
"CUST-01533","customer01533@example.com","Female","69","42","Basic","Monthly","AutoPay","481","20202","93","7","12","27","84","258.18","Smooth onboarding and very helpful account manager","0.857","Service Issue","No"
"CUST-01534","customer01534@example.com","male","55","57","Basic","Monthly","UPI","372","21204","48","7","17","7","70","236.69","Frustrated with repeated support delays","-1","Service Issue","No"
"CUST-01535","customer01535@example.com","Male","49","30","Enterprise","Annual","UPI","1457","43710","73","6","3","56","62","605.71","Billing feels expensive for the value received","-0.857","Pricing Issue","Yes"
"CUST-01536","customer01536@example.com","Female","33","7","Standard","Annual","NetBanking","505","3535","77","2","30","44","59","205.10","Billing feels expensive for the value received","-0.857","Pricing Issue","Yes"
"CUST-01537","customer01537@example.com","Male","58","42","Standard","Monthly","UPI","834","35028",,"5","17","63","50","383.65","The plan cost feels high compared with competitors","0","Pricing Issue","Yes"
"CUST-01538","customer01538@example.com","Male","57","53","Premium","Quarterly","Card","845","44785","84","1","25","23","84","289.93","The plan cost feels high compared with competitors","0","Pricing Issue","No"
"CUST-01539","customer01539@example.com","Male","45","37","Premium","Monthly","Card","913","33781","63","4","12","79","53","388.08",,"-0.857","Pricing Issue","Yes"
"CUST-01540","customer01540@example.com","Male","70","56","Premium","Annual","UPI","820","45920","62","3","26","17","74","326.50","Internet speed dropped and network quality is poor","-1","Network Issue","Yes"
"CUST-01541","customer01541@example.com","Male","24","5","Standard","Quarterly","UPI",,"3145","42","3","24","44","39","282.30","Happy with the service quality and quick response","0.75","Service Issue","Yes"
"CUST-01542","customer01542@example.com","Male","45","18","Standard","Quarterly","UPI","788","14184","69","5","20","5","68","348.14","Customer service quality dropped after onboarding","-0.5","Service Issue","Yes"
"CUST-01543","customer01543@example.com","Female","56","16","Standard","Quarterly","NetBanking","580","9280","57","7","12","80","42","329.22","Agents are not proactive and service follow-up is poor","-0.333","Service Issue","Yes"
"CUST-01544","customer01544@example.com","Female","38","23","Standard","Annual","Card","718","16514","83","5","4","13","75","308.16","Billing feels expensive for the value received","-0.857","Pricing Issue","No"
"CUST-01545","customer01545@example.com","Female","68","50","Premium","Quarterly","AutoPay","891","44550","99","7","29","84","76","424.37","Price increase without enough added features","0","Pricing Issue","Yes"
"CUST-01546","customer01546@example.com","Female","48","55","Enterprise","Annual","NetBanking","1470","80850","72","7","8","21","79","618.74","Satisfied with pricing and product value","0.5","Pricing Issue","No"
"CUST-01547","customer01547@example.com","female","30","41","starter","Monthly","AutoPay","313","12833","100","6","7","53","81","179.87","Satisfied with pricing and product value","0.5","Pricing Issue","No"
"CUST-01548","customer01548@example.com","Male","50","18","Premium","Annual","NetBanking","924","16632","100","7","15","59","72","427.81","The plan cost feels high compared with competitors","0","Pricing Issue","Yes"
"CUST-01549","customer01549@example.com","Female","38","70","Standard","Annual","Card","489","34230","22","0","16","59","47","175.40","Excellent issue resolution and friendly support team","0","Service Issue","No"
"CUST-01550","customer01550@example.com","Female","67","27","Standard","Monthly","NetBanking","725","19575","76","4",,"26","70","303.53","Billing feels expensive for the value received","-0.857","Pricing Issue","Yes"
"CUST-01551","customer01551@example.com","Male","48","6","Standard","Quarterly","NetBanking","826","4956","63","7","21","7","60","404.01","Frustrated with repeated support delays","-1","Service Issue","Yes"
"CUST-01552","customer01552@example.com","Male","65","7","Basic","Monthly","AutoPay","543","3801","75","2","23","48","57","216.89","Happy with the service quality and quick response","0.75","Service Issue","Yes"
"CUST-01553","customer01553@example.com","Male","57","40","Basic","Monthly","NetBanking","314","12560","24","5","14","66","36","207.38","The plan cost feels high compared with competitors","0","Pricing Issue","Yes"
"CUST-01554","customer01554@example.com","Male",,"31","Standard","Monthly","Card","749","23219","31","3","25","32","45","323.99","Great support and reliable network experience","0","Network Issue","Yes"
"CUST-01555","customer01555@example.com","Female","26","68","Standard","Annual","UPI","654","44472","32","7","26","90","44","369.10","Billing feels expensive for the value received","-0.857","Pricing Issue","Yes"
"CUST-01556","customer01556@example.com","Female","59","41","Standard","Quarterly","AutoPay","489","20049","100","0","28","69","77","150.62","Too many disconnects and latency problems","0","Network Issue","Yes"
"CUST-01557","customer01557@example.com","Male","46","22","Basic","Quarterly","NetBanking","518","11396","100","4","1","53","74","217.79","Happy with the service quality and quick response","0.75","Service Issue","Yes"
"CUST-01558","customer01558@example.com","Female","58","46","Standard","Monthly","UPI","648",,"80","5","29","59","70","305.11",,"-1","Network Issue","Yes"
"CUST-01559","customer01559@example.com","Male","62","10","Premium","Quarterly","UPI","874","8740","17","2","23","52","25","365.47","Smooth onboarding and very helpful account manager","0.857","Service Issue","Yes"
"CUST-01560","customer01560@example.com","female","53","55","Enterprise","Annual","AutoPay","1372","75460","75","3","16","78","66","528.04","Monthly charges are too high and pricing is confusing","0","Pricing Issue","Yes"
"CUST-01561","customer01561@example.com","Female","30","12","Basic","Quarterly","Card","543","6516","38","7","2","73","32","318.94","Frequent network outages and unstable connectivity","-0.5","Network Issue","Yes"
"CUST-01562","customer01562@example.com","Male","39","4","Enterprise","Annual","Card","1213","4852","32","2","28","39","34","480.72","Price increase without enough added features","0","Pricing Issue","Yes"
"CUST-01563","customer01563@example.com","Male","59","13","Standard","Annual","AutoPay","747","9711","89","7","10","32","70","361.26","Happy with the service quality and quick response","0.75","Service Issue","No"
"CUST-01564","customer01564@example.com","Female","47","65","platinum","Monthly","Card",,"98930","81","7","1","1","92","622.51","Agents are not proactive and service follow-up is poor","-0.333","Service Issue","No"
"CUST-01565","customer01565@example.com","Male","24","24","Premium","Monthly","NetBanking","1093","26232","86","7","12","26","74","485.00","Smooth onboarding and very helpful account manager","0.857","Service Issue","Yes"
"CUST-01566","customer01566@example.com","Female","43","8","Enterprise","Annual","AutoPay","1349","10792",,"4","1","70","41","546.05","Smooth onboarding and very helpful account manager","0.857","Service Issue","Yes"
"CUST-01567","customer01567@example.com","Female","55","3","Basic","Quarterly","Card","496","1488","76","7","0","44","57","276.58","Internet speed dropped and network quality is poor","-1","Network Issue","Yes"
"CUST-01568","customer01568@example.com","Female","49","1","Standard","Quarterly","UPI","735","735","71","0","9","90","42","255.47","Excellent issue resolution and friendly support team","0","Service Issue","Yes"
"CUST-01569","customer01569@example.com","Male","60","33","Premium","Monthly","UPI","797","26301","50","1","20","20","59","289.78","Customer service quality dropped after onboarding","-0.5","Service Issue","Yes"
"CUST-01570","customer01570@example.com","Male","28","53","Basic","Annual","NetBanking","256","13568","80","1","18","64","72","85.88","Satisfied with pricing and product value","0.5","Pricing Issue","No"
"CUST-01571","customer01571@example.com","Male","50","42","Standard","Quarterly","UPI","704","29568","28","3","15","82","35","313.81","Billing feels expensive for the value received","-0.857","Pricing Issue","Yes"
"CUST-01572","customer01572@example.com","Female","44","40","Standard","Monthly","UPI","686","27440","62","4","25","39","63","303.87","Great support and reliable network experience","0","Network Issue","Yes"
"CUST-01573","customer01573@example.com","female","67","51","Standard","Monthly","Card","703","35853","12","1","24","46","38","280.14","Smooth onboarding and very helpful account manager","0.857","Service Issue","Yes"
"CUST-01574","customer01574@example.com","Female","53","14","Premium","Monthly","NetBanking","1086","15204","19","7","23","12","37","520.47","Too many disconnects and latency problems","0","Network Issue","Yes"
"CUST-01575","customer01575@example.com","Female","27","13","Premium","Monthly","UPI","902","11726","68","2","5","17","63","331.21","Monthly charges are too high and pricing is confusing","0","Pricing Issue","No"
"CUST-01576","customer01576@example.com","Female","67","35","Premium","Annual","Card","1001","35035","60","5","21","89","48","446.97","Frustrated with repeated support delays","-1","Service Issue","Yes"
"CUST-01577","customer01577@example.com","Male","28","2","Basic","Annual","NetBanking","501","1002","36","6","27","63","30","299.97",,"0","Service Issue","Yes"
"CUST-01578","customer01578@example.com","Male","55","72","Basic","Annual","AutoPay","531","38232","96","5","18","15","99","233.70","Happy with the service quality and quick response","0.75","Service Issue","No"
"CUST-01579","customer01579@example.com","Male","29","51","Basic","Quarterly","NetBanking","453","23103","61","5","1","75","58","231.95","Too many disconnects and latency problems","0","Network Issue","No"
"CUST-01580","customer01580@example.com","Male","53","47","Basic","Monthly","Card","294","13818","77","4","12","48","72","149.00","Support response is slow and issue resolution takes too long","-0.9","Service Issue","Yes"
"CUST-01581","customer01581@example.com","Male","46","11","starter","Annual","UPI","593","6523","100","6",,"24","78","281.31","Excellent issue resolution and friendly support team","0","Service Issue","No"
"CUST-01582","customer01582@example.com","Male","35","16","Premium","Monthly","Card","975","15600","72","0","2","72","52","330.50","Monthly charges are too high and pricing is confusing","0","Pricing Issue","No"
"CUST-01583","customer01583@example.com","Female","36","39","Basic","Monthly","Card","302","11778","50","6","3","28","59","193.07","Support response is slow and issue resolution takes too long","-0.9","Service Issue","No"
"CUST-01584","customer01584@example.com","Male","38","45","Premium","Quarterly","NetBanking","1079","48555","93","0","22","40","82","355.54","Customer service quality dropped after onboarding","-0.5","Service Issue","Yes"
"CUST-01585","customer01585@example.com","Female","69","64","Basic","Annual","UPI","328","20992","72","5","28","3","86","176.68","Frequent network outages and unstable connectivity","-0.5","Network Issue","Yes"
"CUST-01586","customer01586@example.com","female","52","15","Basic","Quarterly","UPI","333","4995","91","0","9","48","68","88.15","The plan cost feels high compared with competitors","0","Pricing Issue","No"
"CUST-01587","customer01587@example.com","Female","63","52","Standard","Quarterly","NetBanking",,"36036","57","4","21","12","72","298.05","Satisfied with pricing and product value","0.5","Pricing Issue","No"
"CUST-01588","customer01588@example.com","Female","68","30","Basic","Quarterly","UPI","546","16380","44","2","16","26","53","220.20","Billing feels expensive for the value received","-0.857","Pricing Issue","Yes"
"CUST-01589","customer01589@example.com","Female","45","54","Basic","Quarterly","AutoPay","573","30942","46","5","3","80","49","284.41","Billing feels expensive for the value received","-0.857","Pricing Issue","Yes"
"CUST-01590","customer01590@example.com","Female","50","2","Basic","Monthly","AutoPay","360","720","99","7","24","79","60","237.90","Frequent network outages and unstable connectivity","-0.5","Network Issue","Yes"
"CUST-01591","customer01591@example.com","Female",,"47","Premium","Monthly","AutoPay","887","41689","29","1","16","81","37","342.60","Customer service quality dropped after onboarding","-0.5","Service Issue","No"
"CUST-01592","customer01592@example.com","Female","60","15","Standard","Monthly","Card","809","12135","66","5","27","67","50","376.47","Excellent issue resolution and friendly support team","0","Service Issue","Yes"
"CUST-01593","customer01593@example.com","Male","54","33","Standard","Monthly","AutoPay","653","21549","21","5","17","80","28","337.19","Billing feels expensive for the value received","-0.857","Pricing Issue","Yes"
"CUST-01594","customer01594@example.com","Male","23","63","Basic","Annual","NetBanking","535","33705","73","7","12","40","77","286.96","Customer service quality dropped after onboarding","-0.5","Service Issue","Yes"
"CUST-01595","customer01595@example.com","Male","28","29","Basic","Monthly","NetBanking","587","17023",,"6","6","53","55","300.12","Frequent network outages and unstable connectivity","-0.5","Network Issue","Yes"
"CUST-01596","customer01596@example.com","Female","42","46","Standard","Annual","NetBanking","703","32338","55","7","3","59","57","359.11",,"0","Service Issue","Yes"
"CUST-01597","customer01597@example.com","Female","57","17","Standard","Quarterly","UPI","623","10591","99","0","23","71","68","201.41","Frustrated with repeated support delays","-1","Service Issue","Yes"
"CUST-01598","customer01598@example.com","Female","57","18","starter","Annual","NetBanking","495","8910","42","2","20","0","54","200.96","Monthly charges are too high and pricing is confusing","0","Pricing Issue","Yes"
"CUST-01599","customer01599@example.com","female","57","50","Premium","Quarterly","AutoPay","927",,"73","2","24","1","82","337.66","Frustrated with repeated support delays","-1","Service Issue","No"
"CUST-01600","customer01600@example.com","Female","41","28","Standard","Monthly","UPI","785","21980","32","7","17","13","49","400.03","Monthly charges are too high and pricing is confusing","0","Pricing Issue","Yes"
"CUST-01601","customer01601@example.com","Female","48","36","Premium","Annual","UPI","866","31176","64","7","10","1","73","405.02","Internet speed dropped and network quality is poor","-1","Network Issue","No"
"CUST-01602","customer01602@example.com","Male","41","38","Premium","Monthly","AutoPay","893","33934","47","0","4","49","52","305.10","Support response is slow and issue resolution takes too long","-0.9","Service Issue","No"
"CUST-01603","customer01603@example.com","Female","41","70","Basic","Annual","Card","242","16940","56","0","25","25","74","66.27","Monthly charges are too high and pricing is confusing","0","Pricing Issue","No"
"CUST-01604","customer01604@example.com","Female","32","8","Premium","Annual","AutoPay","1025","8200","74","3","14","22","63","397.54","Support response is slow and issue resolution takes too long","-0.9","Service Issue","Yes"
"CUST-01605","customer01605@example.com","Male","24","59","Standard","Monthly","Card","714","42126","24","0","22","26","52","252.76","Satisfied with pricing and product value","0.5","Pricing Issue","No"
"CUST-01606","customer01606@example.com","Female","31","66","Basic","Monthly","AutoPay","473","31218","19","4","22","26","52","239.24","Agents are not proactive and service follow-up is poor","-0.333","Service Issue","No"
"CUST-01607","customer01607@example.com","Female","61","33","Premium","Annual","AutoPay","1048","34584","77","7","25","31","71","480.03","Price increase without enough added features","0","Pricing Issue","Yes"
"CUST-01608","customer01608@example.com","Male","41","34","Standard","Annual","Card","744","25296","64","0","18","22","67","244.90","Price increase without enough added features","0","Pricing Issue","Yes"
"CUST-01609","customer01609@example.com","Female","30","12","Basic","Monthly","AutoPay","533","6396","68","4","21","72","49","256.55","Signal issues keep affecting daily usage","-0.5","Network Issue","Yes"
"CUST-01610","customer01610@example.com","Male","61","7","Standard","Quarterly","Card",,"5096","78","0","13","85","49","249.37","Smooth onboarding and very helpful account manager","0.857","Service Issue","No"
"CUST-01611","customer01611@example.com","Female","29","14","Enterprise","Monthly","NetBanking","1332","18648","70","5","6","79","49","554.26","Too many disconnects and latency problems","0","Network Issue","Yes"
"CUST-01612","customer01612@example.com","female","25","51","Premium","Quarterly","AutoPay","830","42330","64","3",,"40","68","334.42","Price increase without enough added features","0","Pricing Issue","Yes"
"CUST-01613","customer01613@example.com","Female","66","22","Standard","Annual","UPI","844","18568","78","6","23","54","62","394.49","Happy with the service quality and quick response","0.75","Service Issue","Yes"
"CUST-01614","customer01614@example.com","Female","64","68","Basic","Annual","AutoPay","396","26928","42","2","13","62","56","167.35","Billing feels expensive for the value received","-0.857","Pricing Issue","No"
"CUST-01615","customer01615@example.com","Female","57","22","starter","Annual","Card","510","11220","72","5","19","39","63","253.45",,"-0.9","Service Issue","Yes"
"CUST-01616","customer01616@example.com","Female","57","35","Basic","Annual","NetBanking","325","11375","52","7","20","41","56","231.54","Frustrated with repeated support delays","-1","Service Issue","Yes"
"CUST-01617","customer01617@example.com","Male","37","69","Standard","Monthly","UPI","693","47817","26","4","2","34","55","305.32","Excellent issue resolution and friendly support team","0","Service Issue","Yes"
"CUST-01618","customer01618@example.com","Male","41","34","Premium","Quarterly","NetBanking","901","30634","42","5","5","23","54","395.51","Great support and reliable network experience","0","Network Issue","Yes"
"CUST-01619","customer01619@example.com","Female","35","41","Premium","Quarterly","AutoPay","964","39524","68","7","25","34","68","453.57","Great support and reliable network experience","0","Network Issue","Yes"
"CUST-01620","customer01620@example.com","Female","27","71","Basic","Monthly","UPI","521","36991","47","5","13","38","66","257.55","Support response is slow and issue resolution takes too long","-0.9","Service Issue","Yes"
"CUST-01621","customer01621@example.com","Female","27","69","Basic","Monthly","UPI","398","27462","57","7","28","61","65","258.40","Excellent issue resolution and friendly support team","0","Service Issue","Yes"
"CUST-01622","customer01622@example.com","Male","40","43","Standard","Quarterly","NetBanking","778","33454","41","1","29","66","46","301.63","Frustrated with repeated support delays","-1","Service Issue","No"
"CUST-01623","customer01623@example.com","Male","66","60","Enterprise","Quarterly","NetBanking","1363","81780","92","1","17","68","80","477.55","Excellent issue resolution and friendly support team","0","Service Issue","No"
"CUST-01624","customer01624@example.com","Female","41","4","Standard","Quarterly","NetBanking","563","2252",,"3","5","77","47","241.19","Customer service quality dropped after onboarding","-0.5","Service Issue","Yes"
"CUST-01625","customer01625@example.com","female","37","13","Standard","Monthly","UPI","660","8580","25","3","14","62","28","299.34","Agents are not proactive and service follow-up is poor","-0.333","Service Issue","Yes"
"CUST-01626","customer01626@example.com","Female","23","24","Standard","Quarterly","NetBanking","820","19680","66","4","4","86","48","352.72","Satisfied with pricing and product value","0.5","Pricing Issue","No"
"CUST-01627","customer01627@example.com","Female","27","58","Standard","Quarterly","NetBanking","635","36830","12","3","23","51","39","291.05","Signal issues keep affecting daily usage","-0.5","Network Issue","No"
"CUST-01628","customer01628@example.com","Male",,"6","Basic","Quarterly","Card","298","1788","42","3","25","52","37","165.43","Happy with the service quality and quick response","0.75","Service Issue","No"
"CUST-01629","customer01629@example.com","Male","48","38","Basic","Annual","Card","293","11134","62","2","15","52","59","124.37","The plan cost feels high compared with competitors","0","Pricing Issue","Yes"
"CUST-01630","customer01630@example.com","Male","68","12","Basic","Monthly","NetBanking","304","3648","21","3","21","45","30","173.13","Great support and reliable network experience","0","Network Issue","Yes"
"CUST-01631","customer01631@example.com","Male","40","28","Basic","Monthly","UPI","343","9604","30","6","13","27","45","225.07","Billing feels expensive for the value received","-0.857","Pricing Issue","Yes"
"CUST-01632","customer01632@example.com","Female","61","13","pro","Monthly","NetBanking","693","9009","99","4","9","39","74","283.95","Smooth onboarding and very helpful account manager","0.857","Service Issue","No"
"CUST-01633","customer01633@example.com","Male","64","46","Basic","Monthly","UPI",,"15456","63","6","1","67","59","205.81","Happy with the service quality and quick response","0.75","Service Issue","No"
"CUST-01634","customer01634@example.com","Female","35","39","Standard","Annual","NetBanking","698","27222","61","3","20","87","50","299.64",,"0.75","Service Issue","Yes"
"CUST-01635","customer01635@example.com","Female","57","64","Basic","Quarterly","NetBanking","485","31040","9","0","10","46","41","175.12","Signal issues keep affecting daily usage","-0.5","Network Issue","Yes"
"CUST-01636","customer01636@example.com","Male","50","60","Basic","Quarterly","AutoPay","589","35340","16","5","14","49","43","302.70","Monthly charges are too high and pricing is confusing","0","Pricing Issue","No"
"CUST-01637","customer01637@example.com","Male","70","2","Standard","Monthly","Card","721","1442","27","7","16","36","32","389.14","Excellent issue resolution and friendly support team","0","Service Issue","Yes"
"CUST-01638","customer01638@example.com","male","61","62","Premium","Monthly","UPI","920","57040","51","1","30","69","58","345.60","Internet speed dropped and network quality is poor","-1","Network Issue","No"
"CUST-01639","customer01639@example.com","Male","38","12","Basic","Quarterly","NetBanking","345","4140","85","5","22","16","72","185.48","The plan cost feels high compared with competitors","0","Pricing Issue","No"
"CUST-01640","customer01640@example.com","Male","50","44","Basic","Quarterly","NetBanking","353",,"31","2","24","31","50","160.30","Happy with the service quality and quick response","0.75","Service Issue","No"
"CUST-01641","customer01641@example.com","Male","43","46","Standard","Monthly","Card","737","33902","22","7","7","22","48","381.17","Signal issues keep affecting daily usage","-0.5","Network Issue","Yes"
"CUST-01642","customer01642@example.com","Female","23","58","Premium","Annual","Card","996","57768","46","4","23","25","64","415.77","Customer service quality dropped after onboarding","-0.5","Service Issue","No"
"CUST-01643","customer01643@example.com","Male","21","47","Premium","Monthly","Card","1096","51512","74","2",,"0","82","389.50","Great support and reliable network experience","0","Network Issue","No"
"CUST-01644","customer01644@example.com","Male","21","43","Premium","Quarterly","AutoPay","846","36378","82","0","2","84","64","277.08","Too many disconnects and latency problems","0","Network Issue","Yes"
"CUST-01645","customer01645@example.com","Male","67","51","Basic","Annual","NetBanking","562","28662","62","5","8","13","74","259.66","Price increase without enough added features","0","Pricing Issue","No"
"CUST-01646","customer01646@example.com","Female","49","24","Enterprise","Monthly","Card","1379","33096","89","7","10","81","62","598.56","Frequent network outages and unstable connectivity","-0.5","Network Issue","Yes"
"CUST-01647","customer01647@example.com","Female","64","34","Standard","Quarterly","AutoPay","752","25568","83","3","20","83","62","308.02","The plan cost feels high compared with competitors","0","Pricing Issue","Yes"
"CUST-01648","customer01648@example.com","Male","69","4","Standard","Quarterly","UPI","727","2908","46","3","19","44","41","313.01","Too many disconnects and latency problems","0","Network Issue","Yes"
"CUST-01649","customer01649@example.com","Female","21","20","pro","Annual","AutoPay","752","15040","44","0","15","43","45","263.69","Customer service quality dropped after onboarding","-0.5","Service Issue","Yes"
"CUST-01650","customer01650@example.com","Male","45","11","Premium","Monthly","UPI","1124","12364","68","4","4","43","56","453.18","Agents are not proactive and service follow-up is poor","-0.333","Service Issue","No"
"CUST-01651","customer01651@example.com","female","36","45","Basic","Quarterly","NetBanking","563","25335","22","7","6","55","39","326.08","Agents are not proactive and service follow-up is poor","-0.333","Service Issue","Yes"
"CUST-01652","customer01652@example.com","Male","26","35","Standard","Annual","AutoPay","753","26355","37","5","30","83","37","372.70","Price increase without enough added features","0","Pricing Issue","Yes"
"CUST-01653","customer01653@example.com","Female","64","12","Premium","Annual","UPI","925","11100",,"7","3","7","37","451.67",,"-1","Network Issue","Yes"
"CUST-01654","customer01654@example.com","Male","33","23","Premium","Annual","AutoPay","847","19481","34","1","6","29","44","312.04","Customer service quality dropped after onboarding","-0.5","Service Issue","No"
"CUST-01655","customer01655@example.com","Male","65","11","Basic","Annual","UPI","367","4037","41","7","8","80","31","259.24","Smooth onboarding and very helpful account manager","0.857","Service Issue","No"
"CUST-01656","customer01656@example.com","Male","63","60","Basic","Monthly","AutoPay",,"22260","45","0","1","17","66","104.89","Monthly charges are too high and pricing is confusing","0","Pricing Issue","No"
"CUST-01657","customer01657@example.com","Male","53","27","Standard","Quarterly","AutoPay","746","20142","54","6","22","2","64","357.28","Billing feels expensive for the value received","-0.857","Pricing Issue","Yes"
"CUST-01658","customer01658@example.com","Female","21","64","Basic","Quarterly","AutoPay","303","19392","90","1","20","62","81","96.44","Satisfied with pricing and product value","0.5","Pricing Issue","No"
"CUST-01659","customer01659@example.com","Male","41","32","Standard","Quarterly","UPI","692","22144","47","7","18","78","43","374.48","Billing feels expensive for the value received","-0.857","Pricing Issue","Yes"
"CUST-01660","customer01660@example.com","Female","67","53","Premium","Quarterly","Card","812","43036","38","0","20","54","51","287.74","Frequent network outages and unstable connectivity","-0.5","Network Issue","No"
"CUST-01661","customer01661@example.com","Female","22","4","Premium","Monthly","NetBanking","1095","4380","80","2","22","0","70","401.58","Frequent network outages and unstable connectivity","-0.5","Network Issue","Yes"
"CUST-01662","customer01662@example.com","Female","33","15","Enterprise","Quarterly","Card","1249","18735","54","3","11","38","50","489.11","Customer service quality dropped after onboarding","-0.5","Service Issue","Yes"
"CUST-01663","customer01663@example.com","Female","48","3","Standard","Monthly","AutoPay","647","1941","59","2","23","56","44","264.97","Great support and reliable network experience","0","Network Issue","Yes"
"CUST-01664","customer01664@example.com","male","60","38","Premium","Quarterly","Card","877","33326","35","0","20","37","48","311.26","Smooth onboarding and very helpful account manager","0.857","Service Issue","Yes"
"CUST-01665","customer01665@example.com","Male",,"35","Basic","Annual","AutoPay","323","11305","84","0","30","52","70","96.96","Too many disconnects and latency problems","0","Network Issue","Yes"
"CUST-01666","customer01666@example.com","Female","39","9","starter","Monthly","Card","612","5508","43","7","27","64","36","353.41","Excellent issue resolution and friendly support team","0","Service Issue","Yes"
"CUST-01667","customer01667@example.com","Male","21","5","Standard","Monthly","UPI","766","3830","30","6","23","11","40","383.15","Customer service quality dropped after onboarding","-0.5","Service Issue","No"
"CUST-01668","customer01668@example.com","Male","23","63","Basic","Annual","AutoPay","544","34272","89","5","16","51","83","251.04","Internet speed dropped and network quality is poor","-1","Network Issue","Yes"
"CUST-01669","customer01669@example.com","Male","33","70","Basic","Quarterly","Card","464","32480","64","3","29","38","75","201.51","Price increase without enough added features","0","Pricing Issue","No"
"CUST-01670","customer01670@example.com","Male","33","48","Standard","Monthly","NetBanking","547","26256","57","2","13","82","53","222.61","Customer service quality dropped after onboarding","-0.5","Service Issue","Yes"
"CUST-01671","customer01671@example.com","Female","68","70","Premium","Quarterly","Card","974","68180","62","2","4","38","74","354.36","Customer service quality dropped after onboarding","-0.5","Service Issue","No"
"CUST-01672","customer01672@example.com","Male","63","72","Standard","Annual","UPI","768","55296","86","7","30","87","76","383.90",,"0","Service Issue","No"
"CUST-01673","customer01673@example.com","Female","26","21","Basic","Monthly","AutoPay","487","10227","77","6","5","7","73","245.47","Frequent network outages and unstable connectivity","-0.5","Network Issue","Yes"
"CUST-01674","customer01674@example.com","Female","28","64","Enterprise","Monthly","Card","1478","94592","22","6",,"13","56","633.33","Price increase without enough added features","0","Pricing Issue","Yes"
"CUST-01675","customer01675@example.com","Female","38","38","Premium","Monthly","AutoPay","982","37316","35","7","1","26","51","461.97","Too many disconnects and latency problems","0","Network Issue","No"
"CUST-01676","customer01676@example.com","Male","54","9","Basic","Monthly","AutoPay","414","3726","23","5","13","40","31","242.67","Too many disconnects and latency problems","0","Network Issue","Yes"
"CUST-01677","customer01677@example.com","female","59","35","Standard","Quarterly","AutoPay","594","20790","41","2","6","26","53","232.58","Agents are not proactive and service follow-up is poor","-0.333","Service Issue","Yes"
"CUST-01678","customer01678@example.com","Female","66","54","Standard","Annual","UPI","520","28080","100","2","0","28","92","170.20","Support response is slow and issue resolution takes too long","-0.9","Service Issue","No"
"CUST-01679","customer01679@example.com","Male","64","15","Standard","Monthly","UPI",,"11835","85","7","4","76","58","385.28","Satisfied with pricing and product value","0.5","Pricing Issue","No"
"CUST-01680","customer01680@example.com","Male","21","35","Premium","Quarterly","UPI","880","30800","44","5","23","0","61","391.15","Billing feels expensive for the value received","-0.857","Pricing Issue","Yes"
"CUST-01681","customer01681@example.com","Male","49","24","Premium","Quarterly","AutoPay","879",,"57","1","16","57","50","324.10","Agents are not proactive and service follow-up is poor","-0.333","Service Issue","Yes"
"CUST-01682","customer01682@example.com","Female","22","17","Standard","Annual","AutoPay","654","11118",,"5","1","26","50","306.17","Frustrated with repeated support delays","-1","Service Issue","Yes"
"CUST-01683","customer01683@example.com","Male","45","10","starter","Monthly","UPI","469","4690","26","1","10","40","33","187.14","Frustrated with repeated support delays","-1","Service Issue","Yes"
"CUST-01684","customer01684@example.com","Male","64","8","Basic","Monthly","NetBanking","389","3112","34","0","14","25","40","135.30","Great support and reliable network experience","0","Network Issue","No"
"CUST-01685","customer01685@example.com","Female","55","20","Premium","Annual","Card","899","17980","73","5","9","51","59","390.73","Customer service quality dropped after onboarding","-0.5","Service Issue","Yes"
"CUST-01686","customer01686@example.com","Female","31","51","Premium","Quarterly","AutoPay","857","43707","41","4","30","60","50","381.74","Frustrated with repeated support delays","-1","Service Issue","Yes"
"CUST-01687","customer01687@example.com","Male","58","9","Premium","Quarterly","UPI","840","7560","97","3","12","34","73","321.04","Happy with the service quality and quick response","0.75","Service Issue","No"
"CUST-01688","customer01688@example.com","Male","22","72","Standard","Annual","Card","664","47808","9","1","24","90","33","274.38","Frustrated with repeated support delays","-1","Service Issue","Yes"
"CUST-01689","customer01689@example.com","Male","57","28","Premium","Monthly","UPI","913","25564","60","6","26","23","62","421.46","Customer service quality dropped after onboarding","-0.5","Service Issue","Yes"
"CUST-01690","customer01690@example.com","female","36","48","Basic","Quarterly","NetBanking","374","17952","50","2","3","58","55","152.57","Monthly charges are too high and pricing is confusing","0","Pricing Issue","Yes"
"CUST-01691","customer01691@example.com","Female","43","8","Basic","Monthly","NetBanking","558","4464","24","7","15","70","24","338.49",,"0.5","Pricing Issue","Yes"
"CUST-01692","customer01692@example.com","Male","35","26","Basic","Monthly","Card","383","9958","47","6","18","60","45","242.00","The plan cost feels high compared with competitors","0","Pricing Issue","Yes"
"CUST-01693","customer01693@example.com","Female","36","21","Standard","Monthly","Card","742","15582","87","6","6","41","70","340.98","Great support and reliable network experience","0","Network Issue","Yes"
"CUST-01694","customer01694@example.com","Male","28","23","Basic","Annual","AutoPay","338","7774","83","4","16","24","73","162.60","Satisfied with pricing and product value","0.5","Pricing Issue","No"
"CUST-01695","customer01695@example.com","Male","48","26","Basic","Monthly","NetBanking","550","14300","82","6","11","30","72","273.57","Signal issues keep affecting daily usage","-0.5","Network Issue","No"
"CUST-01696","customer01696@example.com","Male","38","70","Premium","Annual","Card","827","57890","81","2","17","60","79","304.37","Happy with the service quality and quick response","0.75","Service Issue","No"
"CUST-01697","customer01697@example.com","Male","22","61","Basic","Monthly","AutoPay","481","29341","82","2","5","36","82","168.57","Support response is slow and issue resolution takes too long","-0.9","Service Issue","No"
"CUST-01698","customer01698@example.com","Female","57","3","Premium","Annual","UPI","1114","3342","90","7","10","47","64","498.28","Customer service quality dropped after onboarding","-0.5","Service Issue","Yes"
"CUST-01699","customer01699@example.com","Male","47","5","Premium","Annual","Card","810","4050","15","0","28","31","27","306.04","Frequent network outages and unstable connectivity","-0.5","Network Issue","Yes"
"CUST-01700","customer01700@example.com","Male","27","49","pro","Monthly","Card","807","39543","69","7","8","81","60","397.04","Billing feels expensive for the value received","-0.857","Pricing Issue","Yes"
"CUST-01701","customer01701@example.com","Male","23","16","Standard","Quarterly","UPI","645","10320","53","5","29","15","56","312.37","Too many disconnects and latency problems","0","Network Issue","Yes"
"CUST-01702","customer01702@example.com","Female",,"16","Standard","Monthly","Card",,"12528","59","6","25","89","41","392.61","Frequent network outages and unstable connectivity","-0.5","Network Issue","Yes"
"CUST-01703","customer01703@example.com","male","34","39","Basic","Monthly","NetBanking","426","16614","45","0","26","81","43","157.58","Agents are not proactive and service follow-up is poor","-0.333","Service Issue","No"
"CUST-01704","customer01704@example.com","Male","21","22","Basic","Annual","Card","352","7744","49","5","25","7","58","203.69","Monthly charges are too high and pricing is confusing","0","Pricing Issue","No"
"CUST-01705","customer01705@example.com","Male","45","26","Enterprise","Quarterly","AutoPay","1484","38584","55","7",,"13","61","631.18","Satisfied with pricing and product value","0.5","Pricing Issue","No"
"CUST-01706","customer01706@example.com","Male","52","62","Standard","Quarterly","UPI","540","33480","65","1","7","29","75","179.55","Billing feels expensive for the value received","-0.857","Pricing Issue","No"
"CUST-01707","customer01707@example.com","Male","22","24","Standard","Annual","Card","660","15840","55","0","13","67","47","229.01","Smooth onboarding and very helpful account manager","0.857","Service Issue","Yes"
"CUST-01708","customer01708@example.com","Male","24","43","Basic","Quarterly","NetBanking","358","15394","48","3","30","79","47","186.60","Customer service quality dropped after onboarding","-0.5","Service Issue","No"
"CUST-01709","customer01709@example.com","Male","22","26","Standard","Monthly","UPI","650","16900","6","7","3","8","35","355.89","Too many disconnects and latency problems","0","Network Issue","Yes"
"CUST-01710","customer01710@example.com","Female","41","71","Basic","Annual","AutoPay","392","27832","21","3","15","83","41","200.01",,"-0.5","Network Issue","Yes"
"CUST-01711","customer01711@example.com","Male","28","21","Premium","Quarterly","AutoPay","1058","22218",,"5","0","66","30","469.94","Satisfied with pricing and product value","0.5","Pricing Issue","Yes"
"CUST-01712","customer01712@example.com","Male","32","17","Basic","Annual","Card","466","7922","75","2","30","54","59","192.66","Excellent issue resolution and friendly support team","0","Service Issue","Yes"
"CUST-01713","customer01713@example.com","Female","54","47","Standard","Quarterly","NetBanking","583","27401","46","6","11","57","52","306.15","Excellent issue resolution and friendly support team","0","Service Issue","Yes"
"CUST-01714","customer01714@example.com","Male","60","43","Premium","Quarterly","NetBanking","991","42613","18","5","26","51","37","456.56","Too many disconnects and latency problems","0","Network Issue","Yes"
"CUST-01715","customer01715@example.com","Female","42","24","Standard","Quarterly","NetBanking","799","19176","64","2","8","65","52","307.32","Great support and reliable network experience","0","Network Issue","No"
"CUST-01716","customer01716@example.com","female","46","16","Basic","Monthly","UPI","294","4704","67","0","5","31","60","79.65","Price increase without enough added features","0","Pricing Issue","Yes"
"CUST-01717","customer01717@example.com","Female","39","30","starter","Annual","UPI","424","12720","34","3","27","9","52","201.25","Customer service quality dropped after onboarding","-0.5","Service Issue","No"
"CUST-01718","customer01718@example.com","Male","60","16","Premium","Monthly","UPI","1093","17488","39","3","6","33","44","436.32","Signal issues keep affecting daily usage","-0.5","Network Issue","No"
"CUST-01719","customer01719@example.com","Female","42","37","Enterprise","Quarterly","Card","1372","50764","45","4","27","61","47","566.25","Signal issues keep affecting daily usage","-0.5","Network Issue","Yes"
"CUST-01720","customer01720@example.com","Female","39","24","Enterprise","Annual","NetBanking","1284","30816","74","1","27","78","55","472.49","Support response is slow and issue resolution takes too long","-0.9","Service Issue","Yes"
"CUST-01721","customer01721@example.com","Female","64","35","Basic","Quarterly","Card","375","13125","83","3","10","41","73","156.54","Too many disconnects and latency problems","0","Network Issue","Yes"
"CUST-01722","customer01722@example.com","Female","48","24","Basic","Monthly","NetBanking","316",,"32","4","6","62","36","183.62","Internet speed dropped and network quality is poor","-1","Network Issue","Yes"
"CUST-01723","customer01723@example.com","Female","28","65","Standard","Annual","NetBanking","819","53235","28","4","3","79","43","361.75","Too many disconnects and latency problems","0","Network Issue","Yes"
"CUST-01724","customer01724@example.com","Male","48","68","Standard","Annual","UPI","655","44540","83","3","11","50","82","254.11","Customer service quality dropped after onboarding","-0.5","Service Issue","No"
"CUST-01725","customer01725@example.com","Male","70","14","Premium","Monthly","AutoPay",,"14490","57","3","15","43","50","414.15","Signal issues keep affecting daily usage","-0.5","Network Issue","Yes"
"CUST-01726","customer01726@example.com","Female","28","53","Standard","Quarterly","UPI","614","32542","10","1","26","68","32","255.12","Happy with the service quality and quick response","0.75","Service Issue","No"
"CUST-01727","customer01727@example.com","Female","66","62","Basic","Quarterly","Card","355","22010","75","5","23","77","69","200.27","Satisfied with pricing and product value","0.5","Pricing Issue","Yes"
"CUST-01728","customer01728@example.com","Male","36","23","Premium","Monthly","UPI","857","19711","36","6","24","73","35","425.10","Great support and reliable network experience","0","Network Issue","Yes"
"CUST-01729","customer01729@example.com","female","57","21","Basic","Annual","Card","369","7749","51","4","21","9","58","189.27",,"0","Pricing Issue","Yes"
"CUST-01730","customer01730@example.com","Female","57","11","Premium","Monthly","UPI","875","9625","41","1","12","7","50","318.80","Excellent issue resolution and friendly support team","0","Service Issue","Yes"
"CUST-01731","customer01731@example.com","Male","42","6","Basic","Monthly","NetBanking","591","3546","46","6","21","28","45","314.95","Customer service quality dropped after onboarding","-0.5","Service Issue","Yes"
"CUST-01732","customer01732@example.com","Male","35","70","Premium","Annual","UPI","891","62370","92","6","3","31","92","379.25","Monthly charges are too high and pricing is confusing","0","Pricing Issue","No"
"CUST-01733","customer01733@example.com","Male","49","34","Basic","Annual","UPI","459","15606","59","7","10","63","54","276.24","Agents are not proactive and service follow-up is poor","-0.333","Service Issue","No"
"CUST-01734","customer01734@example.com","Female","54","27","pro","Monthly","Card","568","15336","59","7","9","5","66","302.27","Billing feels expensive for the value received","-0.857","Pricing Issue","Yes"
"CUST-01735","customer01735@example.com","Male","63","70","Premium","Quarterly","NetBanking","965","67550","45","6","29","13","71","439.37","Internet speed dropped and network quality is poor","-1","Network Issue","Yes"
"CUST-01736","customer01736@example.com","Female","24","44","Basic","Monthly","AutoPay","432","19008","62","6",,"88","52","261.12","Happy with the service quality and quick response","0.75","Service Issue","No"
"CUST-01737","customer01737@example.com","Male","63","53","Premium","Monthly","AutoPay","863","45739","68","1","29","80","61","320.29","Support response is slow and issue resolution takes too long","-0.9","Service Issue","Yes"
"CUST-01738","customer01738@example.com","Female","61","66","Standard","Quarterly","NetBanking","703","46398","22","7","9","46","49","372.19","Frequent network outages and unstable connectivity","-0.5","Network Issue","No"
"CUST-01739","customer01739@example.com","Male",,"21","Basic","Annual","NetBanking","280","5880","41","3","0","81","35","149.96","Frequent network outages and unstable connectivity","-0.5","Network Issue","Yes"
"CUST-01740","customer01740@example.com","Female","58","58","Basic","Quarterly","AutoPay","257","14906",,"1","26","32","66","96.06","Signal issues keep affecting daily usage","-0.5","Network Issue","No"
"CUST-01741","customer01741@example.com","Male","26","8","Premium","Monthly","NetBanking","932","7456","23","1","0","54","27","353.54","Agents are not proactive and service follow-up is poor","-0.333","Service Issue","Yes"
"CUST-01742","customer01742@example.com","male","57","58","Premium","Quarterly","Card","1032","59856","82","0","4","28","83","329.00","Great support and reliable network experience","0","Network Issue","No"
"CUST-01743","customer01743@example.com","Female","52","54","Standard","Monthly","Card","651","35154","80","0","30","83","67","221.06","Monthly charges are too high and pricing is confusing","0","Pricing Issue","Yes"
"CUST-01744","customer01744@example.com","Male","60","47","Basic","Monthly","NetBanking","399","18753","54","4","3","2","71","182.31","The plan cost feels high compared with competitors","0","Pricing Issue","No"
"CUST-01745","customer01745@example.com","Female","29","66","Basic","Quarterly","NetBanking","560","36960","36","7","10","18","63","307.54","Support response is slow and issue resolution takes too long","-0.9","Service Issue","Yes"
"CUST-01746","customer01746@example.com","Male","53","6","Standard","Quarterly","NetBanking","776","4656","36","5","3","23","41","357.45","Frustrated with repeated support delays","-1","Service Issue","Yes"
"CUST-01747","customer01747@example.com","Male","65","21","Basic","Monthly","Card","443","9303","83","7","29","74","60","273.91","Signal issues keep affecting daily usage","-0.5","Network Issue","Yes"
"CUST-01748","customer01748@example.com","Female","70","38","Standard","Annual","AutoPay",,"30970","31","4","20","12","52","356.94",,"0","Service Issue","Yes"
"CUST-01749","customer01749@example.com","Male","42","49","Standard","Annual","NetBanking","577","28273","15","4","12","5","49","271.20","Agents are not proactive and service follow-up is poor","-0.333","Service Issue","No"
"CUST-01750","customer01750@example.com","Female","49","14","Basic","Quarterly","Card","399","5586","30","1","8","82","26","168.20","Monthly charges are too high and pricing is confusing","0","Pricing Issue","Yes"
"CUST-01751","customer01751@example.com","Female","46","32","starter","Monthly","UPI","346","11072","62","4","30","45","59","187.10","Billing feels expensive for the value received","-0.857","Pricing Issue","Yes"
"CUST-01752","customer01752@example.com","Male","39","8","Standard","Quarterly","AutoPay","765","6120","85","5","8","0","75","325.86","Signal issues keep affecting daily usage","-0.5","Network Issue","Yes"
"CUST-01753","customer01753@example.com","Female","45","10","Premium","Annual","Card","1056","10560","73","4","7","59","54","431.87","Too many disconnects and latency problems","0","Network Issue","Yes"
"CUST-01754","customer01754@example.com","Female","41","40","Enterprise","Annual","NetBanking","1297","51880","88","2","11","89","65","479.13","Internet speed dropped and network quality is poor","-1","Network Issue","No"
"CUST-01755","customer01755@example.com","male","67","33","Enterprise","Quarterly","NetBanking","1332","43956","93","5","24","5","86","531.48","Smooth onboarding and very helpful account manager","0.857","Service Issue","Yes"
"CUST-01756","customer01756@example.com","Male","53","3","Premium","Annual","AutoPay","1028","3084","71","4","29","60","50","436.39","Price increase without enough added features","0","Pricing Issue","Yes"
"CUST-01757","customer01757@example.com","Female","44","44","Standard","Monthly","UPI","708","31152","25","5","9","14","51","332.77","Signal issues keep affecting daily usage","-0.5","Network Issue","Yes"
"CUST-01758","customer01758@example.com","Male","40","57","Premium","Monthly","Card","1102","62814","44","7","27","55","55","518.51","Customer service quality dropped after onboarding","-0.5","Service Issue","Yes"
"CUST-01759","customer01759@example.com","Male","42","51","Standard","Monthly","Card","643","32793","84","0","11","47","77","197.63","Frustrated with repeated support delays","-1","Service Issue","No"
"CUST-01760","customer01760@example.com","Male","42","41","Enterprise","Quarterly","AutoPay","1385","56785","77","2","23","87","60","522.25","Excellent issue resolution and friendly support team","0","Service Issue","Yes"
"CUST-01761","customer01761@example.com","Male","44","68","Standard","Monthly","AutoPay","693","47124","79","0","7","83","72","221.51","Happy with the service quality and quick response","0.75","Service Issue","No"
"CUST-01762","customer01762@example.com","Male","42","32","Standard","Monthly","NetBanking","783","25056","55","1","30","54","53","296.08","Billing feels expensive for the value received","-0.857","Pricing Issue","Yes"
"CUST-01763","customer01763@example.com","Female","46","57","Standard","Quarterly","AutoPay","733",,"83","2","8","56","77","265.96","Too many disconnects and latency problems","0","Network Issue","Yes"
"CUST-01764","customer01764@example.com","Female","49","33","Basic","Annual","AutoPay","407","13431","54","0","6","32","58","124.56","Internet speed dropped and network quality is poor","-1","Network Issue","No"
"CUST-01765","customer01765@example.com","Male","62","25","Standard","Annual","AutoPay","669","16725","61","1","21","7","66","237.07","Agents are not proactive and service follow-up is poor","-0.333","Service Issue","No"
"CUST-01766","customer01766@example.com","Male","63","25","Enterprise","Monthly","Card","1402","35050","82","0","17","88","57","489.69","Signal issues keep affecting daily usage","-0.5","Network Issue","No"
"CUST-01767","customer01767@example.com","Female","61","39","Basic","Monthly","NetBanking","410","15990","65","1",,"45","63","145.13",,"-0.333","Service Issue","Yes"
"CUST-01768","customer01768@example.com","female","67","42","starter","Monthly","NetBanking","343","14406","92","1","3","75","72","107.57","The plan cost feels high compared with competitors","0","Pricing Issue","Yes"
"CUST-01769","customer01769@example.com","Male","64","31","Basic","Quarterly","NetBanking","364","11284",,"1","12","47","49","138.34","Signal issues keep affecting daily usage","-0.5","Network Issue","No"
"CUST-01770","customer01770@example.com","Female","23","29","Basic","Quarterly","NetBanking","292","8468","75","2","24","20","71","116.40","Frustrated with repeated support delays","-1","Service Issue","Yes"
"CUST-01771","customer01771@example.com","Female","41","65","Enterprise","Quarterly","NetBanking",,"89310","69","3","24","50","73","527.64","Support response is slow and issue resolution takes too long","-0.9","Service Issue","Yes"
"CUST-01772","customer01772@example.com","Female","38","4","Basic","Annual","AutoPay","401","1604","36","3","4","33","38","189.76","Excellent issue resolution and friendly support team","0","Service Issue","No"
"CUST-01773","customer01773@example.com","Male","30","9","Basic","Monthly","AutoPay","391","3519","74","0","4","58","54","118.26","Frequent network outages and unstable connectivity","-0.5","Network Issue","No"
"CUST-01774","customer01774@example.com","Male","68","70","Standard","Quarterly","UPI","822","57540","56","7","22","76","61","411.66","Great support and reliable network experience","0","Network Issue","No"
"CUST-01775","customer01775@example.com","Female","59","32","Standard","Quarterly","AutoPay","674","21568","66","2","29","41","62","265.67","Smooth onboarding and very helpful account manager","0.857","Service Issue","No"
"CUST-01776","customer01776@example.com","Female",,"36","Standard","Annual","UPI","544","19584","43","3","7","63","46","240.83","Monthly charges are too high and pricing is confusing","0","Pricing Issue","No"
"CUST-01777","customer01777@example.com","Male","65","21","Premium","Quarterly","NetBanking","920","19320","67","3","7","34","61","359.93","Too many disconnects and latency problems","0","Network Issue","No"
"CUST-01778","customer01778@example.com","Male","64","20","Standard","Quarterly","AutoPay","657","13140","86","2","0","66","63","241.76","Great support and reliable network experience","0","Network Issue","No"
"CUST-01779","customer01779@example.com","Male","68","10","Standard","Quarterly","AutoPay","707","7070","41","0","20","7","49","244.90","Price increase without enough added features","0","Pricing Issue","No"
"CUST-01780","customer01780@example.com","Male","59","40","Standard","Quarterly","Card","837","33480","79","7","20","27","76","398.10","Support response is slow and issue resolution takes too long","-0.9","Service Issue","Yes"
"CUST-01781","customer01781@example.com","female","65","59","Enterprise","Annual","AutoPay","1370","80830","86","7","14","88","71","594.40","Satisfied with pricing and product value","0.5","Pricing Issue","Yes"
"CUST-01782","customer01782@example.com","Male","31","57","Premium","Monthly","AutoPay","959","54663","22","2","13","61","42","381.77","Happy with the service quality and quick response","0.75","Service Issue","Yes"
"CUST-01783","customer01783@example.com","Male","46","51","Basic","Monthly","AutoPay","427","21777","21","1","11","2","54","158.57","Billing feels expensive for the value received","-0.857","Pricing Issue","No"
"CUST-01784","customer01784@example.com","Male","53","16","Premium","Monthly","Card","840","13440","80","4","29","77","55","365.95","Monthly charges are too high and pricing is confusing","0","Pricing Issue","Yes"
"CUST-01785","customer01785@example.com","Male","59","8","pro","Quarterly","Card","618","4944","37","2","1","11","45","241.73","Excellent issue resolution and friendly support team","0","Service Issue","No"
"CUST-01786","customer01786@example.com","Male","46","60","Basic","Annual","UPI","390","23400","67","7","21","68","66","249.97",,"-0.5","Service Issue","Yes"
"CUST-01787","customer01787@example.com","Male","56","26","Premium","Monthly","AutoPay","1116","29016","92","5","13","22","79","453.51","Support response is slow and issue resolution takes too long","-0.9","Service Issue","No"
"CUST-01788","customer01788@example.com","Male","48","67","Standard","Monthly","AutoPay","604","40468","34","6","5","43","56","309.45","The plan cost feels high compared with competitors","0","Pricing Issue","Yes"
"CUST-01789","customer01789@example.com","Female","28","53","Premium","Quarterly","UPI","972","51516","95","1","27","53","83","338.45","Monthly charges are too high and pricing is confusing","0","Pricing Issue","Yes"
"CUST-01790","customer01790@example.com","Female","64","42","Standard","Monthly","Card","666","27972","40","5","3","55","48","317.05","Great support and reliable network experience","0","Network Issue","Yes"
"CUST-01791","customer01791@example.com","Female","43","53","Standard","Annual","UPI","579","30687","81","7","11","89","66","311.81","Happy with the service quality and quick response","0.75","Service Issue","No"
"CUST-01792","customer01792@example.com","Female","35","67","Basic","Quarterly","AutoPay","349","23383","30","2","2","52","52","148.16","The plan cost feels high compared with competitors","0","Pricing Issue","No"
"CUST-01793","customer01793@example.com","Female","39","21","Standard","Quarterly","AutoPay","733","15393","83","3","13","10","76","282.15","Customer service quality dropped after onboarding","-0.5","Service Issue","Yes"
"CUST-01794","customer01794@example.com","female","47","28","Basic","Monthly","Card",,"8876","42","4","9","38","48","174.15","The plan cost feels high compared with competitors","0","Pricing Issue","No"
"CUST-01795","customer01795@example.com","Male","59","9","Standard","Quarterly","UPI","626","5634","52","0","14","88","35","226.56","Excellent issue resolution and friendly support team","0","Service Issue","Yes"
"CUST-01796","customer01796@example.com","Male","58","26","Basic","Monthly","UPI","541","14066","59","4","3","8","65","236.15","Excellent issue resolution and friendly support team","0","Service Issue","Yes"
"CUST-01797","customer01797@example.com","Male","45","30","Basic","Annual","NetBanking","459","13770","94","7","22","21","82","255.98","Billing feels expensive for the value received","-0.857","Pricing Issue","No"
"CUST-01798","customer01798@example.com","Female","28","36","Basic","Quarterly","NetBanking","311","11196",,"1",,"18","44","129.90","Agents are not proactive and service follow-up is poor","-0.333","Service Issue","Yes"
"CUST-01799","customer01799@example.com","Female","70","53","Basic","Annual","AutoPay","371","19663","80","5","20","77","68","203.50","Customer service quality dropped after onboarding","-0.5","Service Issue","Yes"
"CUST-01800","customer01800@example.com","Male","35","61","Premium","Quarterly","AutoPay","847","51667","50","1","30","74","55","321.20","Agents are not proactive and service follow-up is poor","-0.333","Service Issue","Yes"
"CUST-01801","customer01801@example.com","Male","26","14","Basic","Annual","Card","372","5208","56","4","21","30","53","194.15","Signal issues keep affecting daily usage","-0.5","Network Issue","Yes"
"CUST-01802","customer01802@example.com","Male","43","20","starter","Monthly","Card","343","6860","40","7","26","64","38","255.54","Billing feels expensive for the value received","-0.857","Pricing Issue","Yes"
"CUST-01803","customer01803@example.com","Female","58","42","Basic","Monthly","Card","450","18900","95","2","29","60","77","173.29","Support response is slow and issue resolution takes too long","-0.9","Service Issue","Yes"
"CUST-01804","customer01804@example.com","Female","45","53","Basic","Annual","NetBanking","341",,"51","3","26","13","68","159.14","Support response is slow and issue resolution takes too long","-0.9","Service Issue","Yes"
"CUST-01805","customer01805@example.com","Male","45","58","Enterprise","Quarterly","UPI","1410","81780","99","1","17","75","81","493.01",,"-0.857","Pricing Issue","Yes"
"CUST-01806","customer01806@example.com","Male","56","16","Premium","Monthly","NetBanking","1005","16080","51","0","23","13","55","349.19","Agents are not proactive and service follow-up is poor","-0.333","Service Issue","Yes"
"CUST-01807","customer01807@example.com","female","26","11","Standard","Quarterly","NetBanking","731","8041","62","0","13","19","58","241.89","Happy with the service quality and quick response","0.75","Service Issue","No"
"CUST-01808","customer01808@example.com","Female","44","19","Basic","Quarterly","AutoPay","418","7942","40","0","20","88","32","159.18","Frustrated with repeated support delays","-1","Service Issue","Yes"
"CUST-01809","customer01809@example.com","Female","63","9","Standard","Annual","NetBanking","698","6282","92","2","12","34","70","254.42","Satisfied with pricing and product value","0.5","Pricing Issue","No"
"CUST-01810","customer01810@example.com","Female","58","70","Basic","Quarterly","AutoPay","372","26040","19","0","26","65","44","141.72","Support response is slow and issue resolution takes too long","-0.9","Service Issue","No"
"CUST-01811","customer01811@example.com","Female","59","43","Basic","Quarterly","Card","285","12255","57","4","21","90","49","171.51","Too many disconnects and latency problems","0","Network Issue","Yes"
"CUST-01812","customer01812@example.com","Female","23","4","Premium","Quarterly","AutoPay","874","3496","59","4","7","54","45","373.23","Frequent network outages and unstable connectivity","-0.5","Network Issue","No"
"CUST-01813","customer01813@example.com","Female",,"59","Basic","Annual","UPI","362","21358","27","1","20","65","44","150.80","Satisfied with pricing and product value","0.5","Pricing Issue","No"
"CUST-01814","customer01814@example.com","Male","38","62","Basic","Quarterly","UPI","484","30008","99","0","7","18","97","121.75","Frustrated with repeated support delays","-1","Service Issue","No"
"CUST-01815","customer01815@example.com","Male","23","17","Basic","Monthly","Card","281","4777","44","1","12","74","37","118.46","Support response is slow and issue resolution takes too long","-0.9","Service Issue","No"
"CUST-01816","customer01816@example.com","Male","25","45","Enterprise","Quarterly","UPI","1374","61830","89","4","14","50","77","533.74","Frustrated with repeated support delays","-1","Service Issue","Yes"
"CUST-01817","customer01817@example.com","Female","55","60","Basic","Quarterly","AutoPay",,"17220","62","3","17","29","73","131.83","Smooth onboarding and very helpful account manager","0.857","Service Issue","No"
"CUST-01818","customer01818@example.com","Female","59","64","Standard","Quarterly","Card","558","35712","95","2","12","8","98","186.38","Excellent issue resolution and friendly support team","0","Service Issue","No"
"CUST-01819","customer01819@example.com","Male","70","50","pro","Quarterly","NetBanking","573","28650","87","2","12","61","75","211.02","Satisfied with pricing and product value","0.5","Pricing Issue","No"
"CUST-01820","customer01820@example.com","male","46","54","Basic","Quarterly","NetBanking","535","28890","32","3","4","54","48","236.04","Frequent network outages and unstable connectivity","-0.5","Network Issue","Yes"
"CUST-01821","customer01821@example.com","Female","46","45","Standard","Quarterly","NetBanking","644","28980","97","0","7","12","91","181.97","Monthly charges are too high and pricing is confusing","0","Pricing Issue","No"
"CUST-01822","customer01822@example.com","Female","49","43","Standard","Quarterly","UPI","690","29670","32","4","7","9","55","302.67","Frustrated with repeated support delays","-1","Service Issue","No"
"CUST-01823","customer01823@example.com","Male","61","21","Basic","Monthly","UPI","360","7560","91","0","0","4","81","81.28","Customer service quality dropped after onboarding","-0.5","Service Issue","No"
"CUST-01824","customer01824@example.com","Male","47","28","Standard","Monthly","Card","768","21504","70","6","8","60","58","363.24",,"0","Service Issue","Yes"
"CUST-01825","customer01825@example.com","Male","47","53","Basic","Quarterly","Card","409","21677","70","2","26","32","74","160.68","Frustrated with repeated support delays","-1","Service Issue","No"
"CUST-01826","customer01826@example.com","Female","54","48","Enterprise","Annual","Card","1320","63360","65","5","5","63","62","541.93","Signal issues keep affecting daily usage","-0.5","Network Issue","No"
"CUST-01827","customer01827@example.com","Male","48","66","Basic","Monthly","UPI","549","36234",,"5","5","8","82","247.43","Great support and reliable network experience","0","Network Issue","No"
"CUST-01828","customer01828@example.com","Female","28","15","Basic","Annual","AutoPay","378","5670","7","0","6","30","27","140.38","Smooth onboarding and very helpful account manager","0.857","Service Issue","No"
"CUST-01829","customer01829@example.com","Female","67","50","Premium","Quarterly","UPI","893","44650","94","7",,"6","93","402.82","Great support and reliable network experience","0","Network Issue","Yes"
"CUST-01830","customer01830@example.com","Male","40","35","Basic","Annual","NetBanking","479","16765","64","6","25","79","53","274.85","Happy with the service quality and quick response","0.75","Service Issue","Yes"
"CUST-01831","customer01831@example.com","Male","56","47","Premium","Quarterly","NetBanking","831","39057","20","0","26","88","30","316.12","Excellent issue resolution and friendly support team","0","Service Issue","No"
"CUST-01832","customer01832@example.com","Male","50","39","Premium","Annual","UPI","1028","40092","91","5","25","47","77","432.59","Billing feels expensive for the value received","-0.857","Pricing Issue","Yes"
"CUST-01833","customer01833@example.com","male","50","56","Enterprise","Monthly","UPI","1328","74368","49","5","11","26","65","545.79","Smooth onboarding and very helpful account manager","0.857","Service Issue","No"
"CUST-01834","customer01834@example.com","Male","67","2","Premium","Monthly","UPI","993","1986","25","3","18","59","25","422.68","Happy with the service quality and quick response","0.75","Service Issue","Yes"
"CUST-01835","customer01835@example.com","Male","42","37","Basic","Quarterly","NetBanking","473","17501","16","1","3","63","31","190.39","Satisfied with pricing and product value","0.5","Pricing Issue","No"
"CUST-01836","customer01836@example.com","Male","30","22","pro","Monthly","NetBanking","614","13508","28","3","12","54","35","276.64","Customer service quality dropped after onboarding","-0.5","Service Issue","No"
"CUST-01837","customer01837@example.com","Male","39","66","Basic","Monthly","AutoPay","465","30690","57","4","27","87","58","234.75","Great support and reliable network experience","0","Network Issue","No"
"CUST-01838","customer01838@example.com","Female","29","49","Enterprise","Annual","UPI","1307","64043","49","3","30","75","50","525.70","Too many disconnects and latency problems","0","Network Issue","Yes"
"CUST-01839","customer01839@example.com","Male","49","16","Basic","Annual","NetBanking","516","8256","83","3","9","40","66","209.93","Frustrated with repeated support delays","-1","Service Issue","Yes"
"CUST-01840","customer01840@example.com","Female","58","43","Standard","Quarterly","UPI",,"29756","59","0","14","12","70","222.46","Smooth onboarding and very helpful account manager","0.857","Service Issue","No"
"CUST-01841","customer01841@example.com","Male","57","60","Basic","Quarterly","AutoPay","509","30540","100","3","5","10","98","181.59","Frequent network outages and unstable connectivity","-0.5","Network Issue","No"
"CUST-01842","customer01842@example.com","Male","22","24","Premium","Quarterly","AutoPay","978","23472","60","3","10","67","50","393.34","Happy with the service quality and quick response","0.75","Service Issue","No"
"CUST-01843","customer01843@example.com","Male","25","43","Basic","Quarterly","AutoPay","348","14964","93","2","17","90","69","137.99",,"-0.5","Service Issue","Yes"
"CUST-01844","customer01844@example.com","Female","32","69","Standard","Monthly","UPI","753","51957","47","4","30","55","61","336.86","Customer service quality dropped after onboarding","-0.5","Service Issue","No"
"CUST-01845","customer01845@example.com","Female","49","46","Basic","Quarterly","Card","424",,"12","7","5","1","47","267.35","Excellent issue resolution and friendly support team","0","Service Issue","Yes"
"CUST-01846","customer01846@example.com","male","59","35","Standard","Monthly","Card","713","24955","66","5","3","30","66","316.23","Happy with the service quality and quick response","0.75","Service Issue","No"
"CUST-01847","customer01847@example.com","Male","31","27","Standard","Quarterly","NetBanking","661","17847","81","2","19","33","71","246.97","Monthly charges are too high and pricing is confusing","0","Pricing Issue","No"
"CUST-01848","customer01848@example.com","Female","56","21","Standard","Monthly","NetBanking","721","15141","31","5","22","63","34","357.50","Smooth onboarding and very helpful account manager","0.857","Service Issue","Yes"
"CUST-01849","customer01849@example.com","Female","41","14","Premium","Quarterly","NetBanking","1108","15512","84","3","29","69","59","440.87","Support response is slow and issue resolution takes too long","-0.9","Service Issue","Yes"
"CUST-01850","customer01850@example.com","Male",,"64","Basic","Annual","Card","389","24896","80","6","22","4","90","209.58","Frustrated with repeated support delays","-1","Service Issue","Yes"
"CUST-01851","customer01851@example.com","Male","39","71","Standard","Monthly","UPI","514","36494","16","2","0","43","48","210.58","Happy with the service quality and quick response","0.75","Service Issue","No"
"CUST-01852","customer01852@example.com","Female","43","69","Standard","Monthly","UPI","694","47886","92","1","13","38","90","225.69","Great support and reliable network experience","0","Network Issue","Yes"
"CUST-01853","customer01853@example.com","Female","23","48","pro","Quarterly","AutoPay","592","28416","83","2","12","28","80","212.30","Signal issues keep affecting daily usage","-0.5","Network Issue","No"
"CUST-01854","customer01854@example.com","Female","44","60","Basic","Annual","Card","296","17760","47","0","29","59","57","102.37","Too many disconnects and latency problems","0","Network Issue","Yes"
"CUST-01855","customer01855@example.com","Male","21","6","Enterprise","Annual","UPI","1299","7794","56","4","16","84","37","539.52","Smooth onboarding and very helpful account manager","0.857","Service Issue","No"
"CUST-01856","customer01856@example.com","Male","62","41","Basic","Quarterly","Card","300","12300",,"3","18","22","67","139.80","Too many disconnects and latency problems","0","Network Issue","No"
"CUST-01857","customer01857@example.com","Female","26","40","Basic","Monthly","NetBanking","349","13960","84","6","1","19","80","189.55","Customer service quality dropped after onboarding","-0.5","Service Issue","No"
"CUST-01858","customer01858@example.com","Male","31","15","Standard","Quarterly","NetBanking","663","9945","28","6","25","64","30","359.09","Great support and reliable network experience","0","Network Issue","Yes"
"CUST-01859","customer01859@example.com","male","33","50","Standard","Annual","Card","756","37800","25","4","17","59","42","346.17","Satisfied with pricing and product value","0.5","Pricing Issue","Yes"
"CUST-01860","customer01860@example.com","Female","57","2","Premium","Quarterly","Card","925","1850","9","4",,"77","11","428.52","Agents are not proactive and service follow-up is poor","-0.333","Service Issue","Yes"
"CUST-01861","customer01861@example.com","Male","54","27","Basic","Quarterly","Card","318","8586","25","3","18","41","38","170.86","Agents are not proactive and service follow-up is poor","-0.333","Service Issue","Yes"
"CUST-01862","customer01862@example.com","Male","35","71","Standard","Quarterly","UPI","746","52966","54","2","22","72","62","294.16",,"-1","Service Issue","No"
"CUST-01863","customer01863@example.com","Female","69","67","Standard","Quarterly","UPI",,"56347","87","7","26","2","96","387.98","Frequent network outages and unstable connectivity","-0.5","Network Issue","Yes"
"CUST-01864","customer01864@example.com","Female","41","52","Basic","Quarterly","UPI","434","22568","94","7","20","42","84","246.96","Great support and reliable network experience","0","Network Issue","Yes"
"CUST-01865","customer01865@example.com","Male","49","57","Standard","Quarterly","AutoPay","600","34200","28","7","21","20","55","334.09","Customer service quality dropped after onboarding","-0.5","Service Issue","Yes"
"CUST-01866","customer01866@example.com","Female","67","57","Standard","Monthly","Card","722","41154","78","6","28","61","73","348.70","Customer service quality dropped after onboarding","-0.5","Service Issue","Yes"
"CUST-01867","customer01867@example.com","Female","23","18","Basic","Annual","UPI","271","4878","79","2","10","52","62","108.80","Agents are not proactive and service follow-up is poor","-0.333","Service Issue","No"
"CUST-01868","customer01868@example.com","Female","21","15","Standard","Monthly","AutoPay","764","11460","50","7","19","7","56","385.47","Great support and reliable network experience","0","Network Issue","Yes"
"CUST-01869","customer01869@example.com","Male","60","54","Standard","Annual","Card","767","41418","15","4","30","81","32","366.84","Frustrated with repeated support delays","-1","Service Issue","Yes"
"CUST-01870","customer01870@example.com","Male","56","45","gold","Annual","UPI","1040","46800","34","2","11","67","43","407.43","Customer service quality dropped after onboarding","-0.5","Service Issue","Yes"
"CUST-01871","customer01871@example.com","Female","46","43","Standard","Monthly","Card","545","23435","76","4","19","12","79","235.79","Monthly charges are too high and pricing is confusing","0","Pricing Issue","Yes"
"CUST-01872","customer01872@example.com","female","24","71","Enterprise","Quarterly","NetBanking","1414","100394","49","4","5","85","56","566.91","Price increase without enough added features","0","Pricing Issue","Yes"
"CUST-01873","customer01873@example.com","Female","35","41","Basic","Monthly","Card","243","9963","43","0","21","45","52","80.95","Price increase without enough added features","0","Pricing Issue","No"
"CUST-01874","customer01874@example.com","Male","51","11","Basic","Annual","AutoPay","393","4323","30","1","8","36","36","155.54","Price increase without enough added features","0","Pricing Issue","Yes"
"CUST-01875","customer01875@example.com","Female","53","33","Standard","Monthly","NetBanking","846","27918","60","6","14","45","58","395.12","Support response is slow and issue resolution takes too long","-0.9","Service Issue","Yes"
"CUST-01876","customer01876@example.com","Female","32","36","Basic","Quarterly","NetBanking","503","18108","15","5","0","26","39","263.34","Frustrated with repeated support delays","-1","Service Issue","Yes"
"CUST-01877","customer01877@example.com","Female","59","47","Standard","Quarterly","AutoPay","762","35814","40","2","23","77","44","312.99","Too many disconnects and latency problems","0","Network Issue","No"
"CUST-01878","customer01878@example.com","Male","31","66","Premium","Annual","UPI","1042","68772","31","4","26","36","56","442.68","Monthly charges are too high and pricing is confusing","0","Pricing Issue","Yes"
"CUST-01879","customer01879@example.com","Female","57","62","Basic","Monthly","AutoPay","277","17174","81","1","20","33","83","84.98","The plan cost feels high compared with competitors","0","Pricing Issue","Yes"
"CUST-01880","customer01880@example.com","Male","39","63","Basic","Quarterly","Card","283","17829","47","3","10","1","73","126.78","Support response is slow and issue resolution takes too long","-0.9","Service Issue","No"
"CUST-01881","customer01881@example.com","Male","38","39","Basic","Quarterly","NetBanking","475","18525","69","1","27","30","69","169.53",,"-0.857","Pricing Issue","Yes"
"CUST-01882","customer01882@example.com","Male","23","58","Standard","Monthly","NetBanking","549","31842","46","1","10","84","50","207.86","Agents are not proactive and service follow-up is poor","-0.333","Service Issue","No"
"CUST-01883","customer01883@example.com","Female","69","8","Standard","Monthly","NetBanking","662","5296","14","1","22","67","19","276.06","Signal issues keep affecting daily usage","-0.5","Network Issue","No"
"CUST-01884","customer01884@example.com","Female","56","57","Premium","Annual","NetBanking","992","56544","76","7","21","76","68","464.65","Support response is slow and issue resolution takes too long","-0.9","Service Issue","Yes"
"CUST-01885","customer01885@example.com","male","22","26","Basic","Monthly","AutoPay","301","7826",,"0","9","85","33","111.03","Satisfied with pricing and product value","0.5","Pricing Issue","No"
"CUST-01886","customer01886@example.com","Female","31","1","Standard","Quarterly","NetBanking",,,"33","3","1","63","28","294.55","Too many disconnects and latency problems","0","Network Issue","Yes"
"CUST-01887","customer01887@example.com","Female",,"53","pro","Quarterly","AutoPay","662","35086","35","4","27","83","42","318.05","Monthly charges are too high and pricing is confusing","0","Pricing Issue","Yes"
"CUST-01888","customer01888@example.com","Female","39","3","Basic","Monthly","UPI","278","834","74","1","28","10","64","98.34","Smooth onboarding and very helpful account manager","0.857","Service Issue","No"
"CUST-01889","customer01889@example.com","Male","69","10","Basic","Quarterly","NetBanking","317","3170","57","4","28","59","45","185.38","Internet speed dropped and network quality is poor","-1","Network Issue","Yes"
"CUST-01890","customer01890@example.com","Female","50","2","Basic","Annual","Card","518","1036","41","0","13","55","34","185.97","Smooth onboarding and very helpful account manager","0.857","Service Issue","Yes"
"CUST-01891","customer01891@example.com","Male","38","66","Premium","Quarterly","AutoPay","995","65670","55","4",,"0","78","395.77","Frequent network outages and unstable connectivity","-0.5","Network Issue","No"
"CUST-01892","customer01892@example.com","Female","46","57","Basic","Monthly","NetBanking","361","20577","26","2","1","25","53","149.25","Smooth onboarding and very helpful account manager","0.857","Service Issue","No"
"CUST-01893","customer01893@example.com","Male","51","12","Premium","Annual","Card","1097","13164","90","3","7","59","64","419.77","Agents are not proactive and service follow-up is poor","-0.333","Service Issue","No"
"CUST-01894","customer01894@example.com","Female","65","59","Standard","Quarterly","UPI","555","32745","38","6","26","20","62","297.28","Frequent network outages and unstable connectivity","-0.5","Network Issue","Yes"
"CUST-01895","customer01895@example.com","Male","62","58","Enterprise","Quarterly","AutoPay","1311","76038","67","5","14","53","69","538.44","Frustrated with repeated support delays","-1","Service Issue","Yes"
"CUST-01896","customer01896@example.com","Male","46","19","Premium","Quarterly","NetBanking","870","16530","83","3","25","75","59","354.03","Frequent network outages and unstable connectivity","-0.5","Network Issue","Yes"
"CUST-01897","customer01897@example.com","Female","58","68","Premium","Quarterly","UPI","911","61948","88","2","9","7","95","314.35","Too many disconnects and latency problems","0","Network Issue","No"
"CUST-01898","customer01898@example.com","male","64","55","Enterprise","Quarterly","AutoPay","1344","73920","76","2","4","74","68","491.90","Billing feels expensive for the value received","-0.857","Pricing Issue","Yes"
"CUST-01899","customer01899@example.com","Female","69","42","Basic","Monthly","NetBanking","388","16296","52","4","25","27","62","198.35","Billing feels expensive for the value received","-0.857","Pricing Issue","Yes"
"CUST-01900","customer01900@example.com","Female","29","70","Basic","Monthly","UPI","412","28840","26","3","4","44","53","189.48",,"-1","Service Issue","No"
"CUST-01901","customer01901@example.com","Male","70","44","Standard","Quarterly","UPI","756","33264","68","0","21","16","74","245.63","Price increase without enough added features","0","Pricing Issue","No"
"CUST-01902","customer01902@example.com","Male","35","49","Basic","Monthly","NetBanking","299","14651","96","0","23","87","73","84.35","Support response is slow and issue resolution takes too long","-0.9","Service Issue","No"
"CUST-01903","customer01903@example.com","Male","35","70","Standard","Annual","NetBanking","661","46270","98","4","24","17","99","265.64","Excellent issue resolution and friendly support team","0","Service Issue","No"
"CUST-01904","customer01904@example.com","Female","67","41","gold","Annual","NetBanking","796","32636","19","0","4","54","36","284.84","Billing feels expensive for the value received","-0.857","Pricing Issue","Yes"
"CUST-01905","customer01905@example.com","Female","49","23","Premium","Annual","UPI","997","22931","36","2","7","20","48","381.43","Frustrated with repeated support delays","-1","Service Issue","No"
"CUST-01906","customer01906@example.com","Male","42","31","Basic","Annual","UPI","281","8711","16","1","29","44","34","132.09","Customer service quality dropped after onboarding","-0.5","Service Issue","Yes"
"CUST-01907","customer01907@example.com","Male","63","6","Basic","Monthly","AutoPay","499","2994","69","0","18","57","51","167.64","The plan cost feels high compared with competitors","0","Pricing Issue","Yes"
"CUST-01908","customer01908@example.com","Female","48","33","Standard","Annual","UPI","716","23628","62","4","23","89","48","326.83","Happy with the service quality and quick response","0.75","Service Issue","Yes"
"CUST-01909","customer01909@example.com","Female","29","14","Basic","Monthly","Card",,"8400","76","7","24","17","67","318.76","Great support and reliable network experience","0","Network Issue","No"
"CUST-01910","customer01910@example.com","Male","44","52","Standard","Quarterly","AutoPay","554","28808","21","4","4","62","39","268.66","Frustrated with repeated support delays","-1","Service Issue","Yes"
"CUST-01911","customer01911@example.com","male","61","32","Premium","Quarterly","NetBanking","1098","35136","28","3","27","69","34","460.93","Frustrated with repeated support delays","-1","Service Issue","Yes"
"CUST-01912","customer01912@example.com","Male","36","57","Premium","Quarterly","NetBanking","952","54264","46","6","23","26","64","436.35","Agents are not proactive and service follow-up is poor","-0.333","Service Issue","No"
"CUST-01913","customer01913@example.com","Male","49","7","Basic","Annual","Card","572","4004","12","7","17","73","16","351.53","Monthly charges are too high and pricing is confusing","0","Pricing Issue","Yes"
"CUST-01914","customer01914@example.com","Female","59","45","Enterprise","Annual","Card","1376","61920",,"2","30","85","59","524.66","Smooth onboarding and very helpful account manager","0.857","Service Issue","No"
"CUST-01915","customer01915@example.com","Male","26","41","Standard","Annual","NetBanking","657","26937","54","2","22","14","66","253.60","Support response is slow and issue resolution takes too long","-0.9","Service Issue","Yes"
"CUST-01916","customer01916@example.com","Male","30","30","Standard","Quarterly","NetBanking","808","24240","81","6","8","5","79","358.58","Great support and reliable network experience","0","Network Issue","Yes"
"CUST-01917","customer01917@example.com","Male","60","2","Standard","Quarterly","Card","510","1020","77","2","24","84","47","214.10","Billing feels expensive for the value received","-0.857","Pricing Issue","Yes"
"CUST-01918","customer01918@example.com","Female","24","38","Standard","Monthly","NetBanking","720","27360","25","2","20","59","37","301.02","Agents are not proactive and service follow-up is poor","-0.333","Service Issue","Yes"
"CUST-01919","customer01919@example.com","Female","22","21","Standard","Quarterly","AutoPay","583","12243","49","5","2","80","39","291.90",,"-0.9","Service Issue","Yes"
"CUST-01920","customer01920@example.com","Female","47","57","Standard","Monthly","UPI","816","46512","61","5","27","59","64","372.01","Great support and reliable network experience","0","Network Issue","Yes"
"CUST-01921","customer01921@example.com","Female","67","62","pro","Annual","UPI","693","42966","62","1","5","15","77","231.67","Customer service quality dropped after onboarding","-0.5","Service Issue","No"
"CUST-01922","customer01922@example.com","Female","50","50","Basic","Annual","UPI","292","14600","46","1",,"59","53","119.03","The plan cost feels high compared with competitors","0","Pricing Issue","No"
"CUST-01923","customer01923@example.com","Male","26","11","Premium","Annual","Card","1052","11572","37","2","17","61","34","418.23","Happy with the service quality and quick response","0.75","Service Issue","No"
"CUST-01924","customer01924@example.com","male",,"65","Standard","Quarterly","AutoPay","806","52390","52","4","1","44","65","335.57","Great support and reliable network experience","0","Network Issue","No"
"CUST-01925","customer01925@example.com","Female","38","29","Premium","Monthly","NetBanking","1043","30247","48","7","28","27","55","494.14","Frustrated with repeated support delays","-1","Service Issue","Yes"
"CUST-01926","customer01926@example.com","Male","57","55","Standard","Quarterly","UPI","670","36850","66","3","29","64","65","283.61","Billing feels expensive for the value received","-0.857","Pricing Issue","Yes"
"CUST-01927","customer01927@example.com","Female","48","63","Standard","Monthly","Card","848",,"68","7","15","60","69","408.59","Smooth onboarding and very helpful account manager","0.857","Service Issue","Yes"
"CUST-01928","customer01928@example.com","Male","70","35","Standard","Annual","NetBanking","743","26005","50","3","7","29","58","300.99","Great support and reliable network experience","0","Network Issue","No"
"CUST-01929","customer01929@example.com","Female","67","7","Enterprise","Quarterly","UPI","1493","10451","90","5","21","10","74","595.17","Agents are not proactive and service follow-up is poor","-0.333","Service Issue","Yes"
"CUST-01930","customer01930@example.com","Male","46","70","Enterprise","Annual","AutoPay","1210","84700","46","1","16","70","57","443.60","Smooth onboarding and very helpful account manager","0.857","Service Issue","No"
"CUST-01931","customer01931@example.com","Female","51","10","Basic","Annual","UPI","311","3110","25","3","2","43","32","163.08","Support response is slow and issue resolution takes too long","-0.9","Service Issue","No"
"CUST-01932","customer01932@example.com","Female","33","49","Basic","Monthly","UPI",,"23569","88","6","13","76","72","253.73","Great support and reliable network experience","0","Network Issue","No"
"CUST-01933","customer01933@example.com","Male","35","67","Premium","Annual","Card","837","56079","70","3","7","85","66","332.51","Happy with the service quality and quick response","0.75","Service Issue","No"
"CUST-01934","customer01934@example.com","Male","69","37","Standard","Annual","AutoPay","785","29045","68","1","11","52","62","278.47","Smooth onboarding and very helpful account manager","0.857","Service Issue","No"
"CUST-01935","customer01935@example.com","Male","52","42","Basic","Annual","NetBanking","358","15036","46","1","23","72","47","146.25","Excellent issue resolution and friendly support team","0","Service Issue","Yes"
"CUST-01936","customer01936@example.com","Female","48","46","Basic","Annual","NetBanking","515","23690","70","5","17","78","60","260.19","Smooth onboarding and very helpful account manager","0.857","Service Issue","Yes"
"CUST-01937","customer01937@example.com","female","31","28","Premium","Monthly","UPI","850","23800","84","4","10","71","63","353.50","Smooth onboarding and very helpful account manager","0.857","Service Issue","Yes"
"CUST-01938","customer01938@example.com","Female","25","69","starter","Annual","NetBanking","334","23046","47","6","18","2","74","202.70",,"-0.9","Service Issue","No"
"CUST-01939","customer01939@example.com","Female","43","26","Premium","Monthly","AutoPay","1089","28314","17","7","11","48","31","522.43","Frustrated with repeated support delays","-1","Service Issue","Yes"
"CUST-01940","customer01940@example.com","Male","60","32","Basic","Quarterly","Card","470","15040","60","0","24","32","61","154.32","Great support and reliable network experience","0","Network Issue","No"
"CUST-01941","customer01941@example.com","Female","55","28","Standard","Quarterly","UPI","615","17220","81","0","4","77","60","196.54","Customer service quality dropped after onboarding","-0.5","Service Issue","No"
"CUST-01942","customer01942@example.com","Female","37","23","Standard","Monthly","NetBanking","796","18308","33","7","18","85","30","422.22","Excellent issue resolution and friendly support team","0","Service Issue","Yes"
"CUST-01943","customer01943@example.com","Female","70","65","Basic","Annual","UPI","385","25025",,"1","21","27","80","127.93","Excellent issue resolution and friendly support team","0","Service Issue","No"
"CUST-01944","customer01944@example.com","Male","41","69","Standard","Annual","AutoPay","701","48369","20","3","15","34","52","300.35","The plan cost feels high compared with competitors","0","Pricing Issue","No"
"CUST-01945","customer01945@example.com","Female","23","14","Basic","Quarterly","NetBanking","582","8148","73","7","5","16","66","303.09","Excellent issue resolution and friendly support team","0","Service Issue","No"
"CUST-01946","customer01946@example.com","Male","29","39","Basic","Monthly","Card","521","20319","52","7","6","15","64","287.44","The plan cost feels high compared with competitors","0","Pricing Issue","No"
"CUST-01947","customer01947@example.com","Male","22","52","Premium","Quarterly","NetBanking","907","47164","46","1","28","3","68","328.28","Monthly charges are too high and pricing is confusing","0","Pricing Issue","Yes"
"CUST-01948","customer01948@example.com","Female","58","6","Basic","Quarterly","Card","485","2910","15","4","26","61","20","266.96","Smooth onboarding and very helpful account manager","0.857","Service Issue","Yes"
"CUST-01949","customer01949@example.com","Female","41","56","Standard","Annual","AutoPay","496","27776","67","1","27","51","69","180.07","Great support and reliable network experience","0","Network Issue","No"
"CUST-01950","customer01950@example.com","female","21","35","Basic","Annual","Card","555","19425","88","7","9","30","78","287.65","Agents are not proactive and service follow-up is poor","-0.333","Service Issue","No"
"CUST-01951","customer01951@example.com","Female","49","11","Standard","Monthly","NetBanking","549","6039","62","2","22","24","57","218.52","Frequent network outages and unstable connectivity","-0.5","Network Issue","No"
"CUST-01952","customer01952@example.com","Male","70","28","Standard","Quarterly","Card","775","21700","51","1","14","70","45","290.96","Great support and reliable network experience","0","Network Issue","Yes"
"CUST-01953","customer01953@example.com","Male","29","51","Premium","Quarterly","AutoPay","1105","56355","47","4",,"56","55","462.11","Billing feels expensive for the value received","-0.857","Pricing Issue","Yes"
"CUST-01954","customer01954@example.com","Male","24","66","Basic","Monthly","NetBanking","376","24816","77","0","8","28","83","96.10","Happy with the service quality and quick response","0.75","Service Issue","No"
"CUST-01955","customer01955@example.com","Male","41","43","gold","Annual","UPI",,"42613","17","1","25","55","36","385.47","The plan cost feels high compared with competitors","0","Pricing Issue","Yes"
"CUST-01956","customer01956@example.com","Female","54","69","Standard","Annual","UPI","621","42849","53","7","14","56","64","331.78","The plan cost feels high compared with competitors","0","Pricing Issue","Yes"
"CUST-01957","customer01957@example.com","Male","28","48","Premium","Quarterly","Card","935","44880","44","2","28","59","51","371.52",,"0","Network Issue","Yes"
"CUST-01958","customer01958@example.com","Male","65","37","Basic","Monthly","AutoPay","331","12247","79","0","27","9","79","90.01","Happy with the service quality and quick response","0.75","Service Issue","Yes"
"CUST-01959","customer01959@example.com","Female","21","29","Premium","Monthly","AutoPay","1001","29029","14","0","3","77","24","368.27","Billing feels expensive for the value received","-0.857","Pricing Issue","No"
"CUST-01960","customer01960@example.com","Female","54","66","Basic","Annual","Card","497","32802","59","1","8","27","74","166.42","Customer service quality dropped after onboarding","-0.5","Service Issue","No"
"CUST-01961","customer01961@example.com","Female",,"8","Basic","Quarterly","AutoPay","409","3272","69","2","16","55","52","169.30","Great support and reliable network experience","0","Network Issue","Yes"
"CUST-01962","customer01962@example.com","Male","28","54","Standard","Monthly","Card","731","39474","99","3","11","81","78","283.43","Frustrated with repeated support delays","-1","Service Issue","Yes"
"CUST-01963","customer01963@example.com","male","25","14","Premium","Monthly","NetBanking","865","12110","99","1","11","82","64","303.11","Billing feels expensive for the value received","-0.857","Pricing Issue","Yes"
"CUST-01964","customer01964@example.com","Female","44","9","Basic","Monthly","AutoPay","304","2736","88","4","12","5","75","143.62","Satisfied with pricing and product value","0.5","Pricing Issue","Yes"
"CUST-01965","customer01965@example.com","Female","21","7","Basic","Quarterly","AutoPay","377","2639","45","1","18","9","50","142.02","Signal issues keep affecting daily usage","-0.5","Network Issue","Yes"
"CUST-01966","customer01966@example.com","Male","55","22","Enterprise","Quarterly","UPI","1344","29568","61","2","26","50","54","511.68","Customer service quality dropped after onboarding","-0.5","Service Issue","Yes"
"CUST-01967","customer01967@example.com","Female","46","18","Basic","Quarterly","UPI","377","6786","44","1","27","69","38","159.89","Customer service quality dropped after onboarding","-0.5","Service Issue","Yes"
"CUST-01968","customer01968@example.com","Male","68","13","Standard","Monthly","UPI","777",,"36","3","24","51","37","338.82","Support response is slow and issue resolution takes too long","-0.9","Service Issue","No"
"CUST-01969","customer01969@example.com","Male","24","14","Standard","Monthly","UPI","558","7812","60","0","0","44","52","178.92","Great support and reliable network experience","0","Network Issue","No"
"CUST-01970","customer01970@example.com","Female","23","36","Standard","Annual","AutoPay","708","25488","17","6","6","82","26","370.88","Excellent issue resolution and friendly support team","0","Service Issue","Yes"
"CUST-01971","customer01971@example.com","Female","54","66","Premium","Monthly","UPI","1127","74382","16","7","21","70","39","540.19","Customer service quality dropped after onboarding","-0.5","Service Issue","Yes"
"CUST-01972","customer01972@example.com","Female","51","40","platinum","Annual","NetBanking","1292","51680",,"1","0","58","52","464.84","Price increase without enough added features","0","Pricing Issue","Yes"
"CUST-01973","customer01973@example.com","Female","33","21","Premium","Annual","AutoPay","881","18501","29","4","29","79","29","405.79","Agents are not proactive and service follow-up is poor","-0.333","Service Issue","Yes"
"CUST-01974","customer01974@example.com","Male","69","36","Standard","Quarterly","AutoPay","781","28116","79","1","5","61","66","270.57","Billing feels expensive for the value received","-0.857","Pricing Issue","Yes"
"CUST-01975","customer01975@example.com","Female","41","17","Premium","Annual","Card","1083","18411","24","1","6","16","40","399.96","Support response is slow and issue resolution takes too long","-0.9","Service Issue","No"
"CUST-01976","customer01976@example.com","male","24","42","Premium","Quarterly","UPI","833","34986","28","0","0","27","48","284.80",,"0","Pricing Issue","No"
"CUST-01977","customer01977@example.com","Male","62","30","Standard","Monthly","UPI","706","21180","40","1","2","65","41","263.46","Price increase without enough added features","0","Pricing Issue","No"
"CUST-01978","customer01978@example.com","Male","52","64","Premium","Monthly","Card",,"67904","89","0","9","49","84","342.65","Monthly charges are too high and pricing is confusing","0","Pricing Issue","No"
"CUST-01979","customer01979@example.com","Male","41","51","Basic","Annual","UPI","407","20757","62","1","8","42","66","138.82","Great support and reliable network experience","0","Network Issue","No"
"CUST-01980","customer01980@example.com","Female","68","17","Standard","Annual","AutoPay","565","9605","61","6","24","63","49","306.16","Price increase without enough added features","0","Pricing Issue","Yes"
"CUST-01981","customer01981@example.com","Male","28","69","Basic","Monthly","UPI","535","36915","35","7","28","17","64","308.16","Great support and reliable network experience","0","Network Issue","No"
"CUST-01982","customer01982@example.com","Female","53","7","Basic","Quarterly","AutoPay","245","1715","36","0","8","32","39","81.02","The plan cost feels high compared with competitors","0","Pricing Issue","No"
"CUST-01983","customer01983@example.com","Female","45","56","Premium","Quarterly","UPI","859","48104","21","4","18","17","52","374.64","Monthly charges are too high and pricing is confusing","0","Pricing Issue","Yes"
"CUST-01984","customer01984@example.com","Female","60","22","Standard","Annual","UPI","772","16984","23","3",,"89","23","343.32","Billing feels expensive for the value received","-0.857","Pricing Issue","Yes"
"CUST-01985","customer01985@example.com","Male","22","5","Premium","Quarterly","AutoPay","855","4275","29","6","0","0","43","400.40","The plan cost feels high compared with competitors","0","Pricing Issue","No"
"CUST-01986","customer01986@example.com","Male","27","5","Basic","Quarterly","AutoPay","491","2455","45","7","26","75","33","311.66","Frustrated with repeated support delays","-1","Service Issue","Yes"
"CUST-01987","customer01987@example.com","Female","56","17","Premium","Annual","AutoPay","1091","18547","58","3","26","3","62","429.72","Too many disconnects and latency problems","0","Network Issue","No"
"CUST-01988","customer01988@example.com","Male","51","52","Basic","Annual","AutoPay","559","29068","26","5","23","90","35","303.13","Great support and reliable network experience","0","Network Issue","Yes"
"CUST-01989","customer01989@example.com","female","55","55","starter","Quarterly","NetBanking","521","28655","21","6","15","48","44","294.93","Support response is slow and issue resolution takes too long","-0.9","Service Issue","Yes"
"CUST-01990","customer01990@example.com","Male","41","65","Premium","Annual","UPI","950","61750","79","2","6","5","90","331.30","Great support and reliable network experience","0","Network Issue","No"
"CUST-01991","customer01991@example.com","Female","70","15","Standard","Annual","Card","691","10365","24","4","20","28","36","323.78","Price increase without enough added features","0","Pricing Issue","Yes"
"CUST-01992","customer01992@example.com","Female","61","26","Basic","Annual","Card","313","8138","48","5","18","16","56","187.74","Frustrated with repeated support delays","-1","Service Issue","No"
"CUST-01993","customer01993@example.com","Male","68","2","Basic","Annual","UPI","442","884","55","1","10","50","43","166.76","Customer service quality dropped after onboarding","-0.5","Service Issue","Yes"
"CUST-01994","customer01994@example.com","Female","34","40","Standard","Monthly","UPI","588","23520","43","7","11","58","48","328.95","Monthly charges are too high and pricing is confusing","0","Pricing Issue","Yes"
"CUST-01995","customer01995@example.com","Male","63","55","Basic","Annual","AutoPay","489","26895","21","2","16","21","51","205.48",,"0.857","Service Issue","Yes"
"CUST-01996","customer01996@example.com","Female","54","66","Basic","Monthly","NetBanking","316","20856","68","2","28","24","80","125.04","Signal issues keep affecting daily usage","-0.5","Network Issue","No"
"CUST-01997","customer01997@example.com","Female","61","54","Basic","Monthly","UPI","591","31914","82","7","28","43","78","313.76","Support response is slow and issue resolution takes too long","-0.9","Service Issue","Yes"
"CUST-01998","customer01998@example.com","Male",,"70","Premium","Monthly","UPI","1127","78890","20","4","4","67","44","473.40","Frustrated with repeated support delays","-1","Service Issue","Yes"
"CUST-01999","customer01999@example.com","Male","64","26","Premium","Quarterly","NetBanking","1047","27222","65","6","13","29","63","461.85","Frequent network outages and unstable connectivity","-0.5","Network Issue","Yes"
"CUST-02000","customer02000@example.com","Male","55","35","Basic","Quarterly","UPI","386","13510","26","1","27","72","34","169.79","The plan cost feels high compared with competitors","0","Pricing Issue","Yes"
"CUST-02001","customer02001@example.com","Male","45","16","Premium","Annual","Card",,"18224",,"6","5","24","79","474.17","Great support and reliable network experience","0","Network Issue","Yes"
"CUST-02002","customer02002@example.com","male","34","3","Standard","Annual","Card","719","2157","66","4","19","72","44","325.03","Happy with the service quality and quick response","0.75","Service Issue","Yes"
"CUST-02003","customer02003@example.com","Female","40","8","Premium","Quarterly","UPI","877","7016","82","1","10","15","69","300.38","Excellent issue resolution and friendly support team","0","Service Issue","No"
"CUST-02004","customer02004@example.com","Male","62","62","Standard","Annual","NetBanking","606","37572","75","0","3","63","72","186.27","Excellent issue resolution and friendly support team","0","Service Issue","No"
"CUST-02005","customer02005@example.com","Male","68","52","Basic","Quarterly","AutoPay","456","23712","28","7","28","32","51","289.88","Agents are not proactive and service follow-up is poor","-0.333","Service Issue","No"
"CUST-02006","customer02006@example.com","Female","22","13","pro","Monthly","AutoPay","760","9880","71","0","1","26","62","242.55","Support response is slow and issue resolution takes too long","-0.9","Service Issue","No"
"CUST-02007","customer02007@example.com","Male","59","12","Standard","Quarterly","Card","780","9360","47","5","2","37","46","355.12","Excellent issue resolution and friendly support team","0","Service Issue","Yes"
"CUST-02008","customer02008@example.com","Female","49","67","Standard","Annual","AutoPay","743","49781","59","4","30","24","75","320.18","Agents are not proactive and service follow-up is poor","-0.333","Service Issue","No"
"CUST-02009","customer02009@example.com","Male","49","55","Premium","Monthly","NetBanking","1039",,"70","5","4","75","64","439.34","Excellent issue resolution and friendly support team","0","Service Issue","Yes"
"CUST-02010","customer02010@example.com","Female","44","22","Standard","Annual","UPI","554","12188","31","1","29","0","50","213.93","Billing feels expensive for the value received","-0.857","Pricing Issue","Yes"
"CUST-02011","customer02011@example.com","Male","65","27","Basic","Annual","UPI","373","10071","28","4","20","35","41","206.82","Signal issues keep affecting daily usage","-0.5","Network Issue","Yes"
"CUST-02012","customer02012@example.com","Female","68","50","Standard","Monthly","AutoPay","725","36250","69","2","11","57","66","273.23","Agents are not proactive and service follow-up is poor","-0.333","Service Issue","Yes"
"CUST-02013","customer02013@example.com","Male","37","19","Standard","Annual","UPI","645","12255","13","1","7","51","26","256.37","Frustrated with repeated support delays","-1","Service Issue","Yes"
"CUST-02014","customer02014@example.com","Male","39","27","Enterprise","Monthly","NetBanking","1454","39258","100","4","6","32","81","551.56",,"-0.5","Service Issue","Yes"
"CUST-02015","customer02015@example.com","female","33","34","Standard","Quarterly","NetBanking","731","24854","59","7",,"12","66","371.82","Monthly charges are too high and pricing is confusing","0","Pricing Issue","Yes"
"CUST-02016","customer02016@example.com","Male","32","24","Standard","Monthly","Card","703","16872","88","6","25","86","60","347.15","The plan cost feels high compared with competitors","0","Pricing Issue","Yes"
"CUST-02017","customer02017@example.com","Female","24","14","Basic","Annual","AutoPay","524","7336","85","5","18","53","63","256.24","Customer service quality dropped after onboarding","-0.5","Service Issue","Yes"
"CUST-02018","customer02018@example.com","Female","21","24","Standard","Annual","Card","561","13464","83","2","9","22","74","202.37","Frustrated with repeated support delays","-1","Service Issue","No"
"CUST-02019","customer02019@example.com","Female","55","68","Premium","Annual","AutoPay","981","66708","15","3","16","31","49","403.66","Internet speed dropped and network quality is poor","-1","Network Issue","Yes"
"CUST-02020","customer02020@example.com","Female","58","37","Standard","Quarterly","NetBanking","674","24938","44","2","20","69","45","277.54","Price increase without enough added features","0","Pricing Issue","Yes"
"CUST-02021","customer02021@example.com","Male","66","50","Basic","Annual","AutoPay","307","15350","55","3","12","53","60","147.34","Customer service quality dropped after onboarding","-0.5","Service Issue","Yes"
"CUST-02022","customer02022@example.com","Female","46","17","Standard","Annual","AutoPay","606","10302","22","7","9","88","21","356.17","Signal issues keep affecting daily usage","-0.5","Network Issue","Yes"
"CUST-02023","customer02023@example.com","Female","38","20","starter","Quarterly","UPI","369","7380","59","4","10","47","53","188.52","Billing feels expensive for the value received","-0.857","Pricing Issue","No"
"CUST-02024","customer02024@example.com","Female","37","28","Basic","Monthly","AutoPay",,"13244","39","1","7","90","34","189.19","Smooth onboarding and very helpful account manager","0.857","Service Issue","Yes"
"CUST-02025","customer02025@example.com","Male","56","71","Premium","Monthly","AutoPay","906","64326","54","0","30","21","74","307.92","Too many disconnects and latency problems","0","Network Issue","No"
"CUST-02026","customer02026@example.com","Male","25","32","Basic","Quarterly","AutoPay","426","13632","18","5","19","20","41","243.85","Billing feels expensive for the value received","-0.857","Pricing Issue","Yes"
"CUST-02027","customer02027@example.com","Male","32","29","Basic","Annual","NetBanking","328","9512","28","1","29","12","48","135.69","Satisfied with pricing and product value","0.5","Pricing Issue","No"
"CUST-02028","customer02028@example.com","female","39","69","Basic","Monthly","NetBanking","458","31602","18","6","20","73","41","279.98","Customer service quality dropped after onboarding","-0.5","Service Issue","Yes"
"CUST-02029","customer02029@example.com","Male","68","17","Premium","Quarterly","UPI","844","14348","88","3","9","45","68","326.53","Billing feels expensive for the value received","-0.857","Pricing Issue","No"
"CUST-02030","customer02030@example.com","Male","43","55","Premium","Quarterly","Card","860","47300",,"4","21","19","70","359.81","Billing feels expensive for the value received","-0.857","Pricing Issue","No"
"CUST-02031","customer02031@example.com","Female","30","72","Premium","Annual","AutoPay","993","71496","48","3","30","57","62","404.70","Internet speed dropped and network quality is poor","-1","Network Issue","Yes"
"CUST-02032","customer02032@example.com","Male","51","20","Basic","Monthly","Card","394","7880","62","5","10","16","62","206.58","Agents are not proactive and service follow-up is poor","-0.333","Service Issue","No"
"CUST-02033","customer02033@example.com","Female","63","11","Standard","Quarterly","UPI","585","6435","100","4","1","40","74","240.77",,"-0.9","Service Issue","Yes"
"CUST-02034","customer02034@example.com","Male","39","53","Premium","Quarterly","Card","1021","54113","37","3","8","71","46","414.96","Frequent network outages and unstable connectivity","-0.5","Network Issue","Yes"
"CUST-02035","customer02035@example.com","Male",,"39","Standard","Annual","UPI","541","21099","66","4","30","17","71","247.32","Monthly charges are too high and pricing is confusing","0","Pricing Issue","No"
"CUST-02036","customer02036@example.com","Male","53","69","Premium","Annual","UPI","873","60237","16","2","7","65","42","349.31","Satisfied with pricing and product value","0.5","Pricing Issue","Yes"
"CUST-02037","customer02037@example.com","Female","49","13","Standard","Monthly","NetBanking","794","10322","42","5","30","61","37","383.64","Excellent issue resolution and friendly support team","0","Service Issue","Yes"
"CUST-02038","customer02038@example.com","Male","61","60","Basic","Quarterly","NetBanking","426","25560","65","6","28","40","72","243.06","Great support and reliable network experience","0","Network Issue","Yes"
"CUST-02039","customer02039@example.com","Male","62","1","Basic","Annual","UPI","339","339","100","7","5","30","73","207.81","Price increase without enough added features","0","Pricing Issue","No"
"CUST-02040","customer02040@example.com","Male","29","37","gold","Annual","AutoPay","862","31894","55","6","8","14","65","391.92","Customer service quality dropped after onboarding","-0.5","Service Issue","Yes"
"CUST-02041","customer02041@example.com","male","46","55","Standard","Quarterly","UPI","760","41800","56","6","8","16","71","351.94","Great support and reliable network experience","0","Network Issue","No"
"CUST-02042","customer02042@example.com","Female","52","36","Standard","Monthly","UPI","596","21456","85","7","5","1","84","294.57","Support response is slow and issue resolution takes too long","-0.9","Service Issue","Yes"
"CUST-02043","customer02043@example.com","Female","60","54","Basic","Quarterly","UPI","513","27702","78","2","26","75","68","204.26","Excellent issue resolution and friendly support team","0","Service Issue","No"
"CUST-02044","customer02044@example.com","Male","69","71","Premium","Monthly","Card","933","66243","35","6","11","40","59","429.25","Great support and reliable network experience","0","Network Issue","No"
"CUST-02045","customer02045@example.com","Female","38","57","Basic","Monthly","UPI","256","14592","67","2","5","56","68","100.59","Agents are not proactive and service follow-up is poor","-0.333","Service Issue","No"
"CUST-02046","customer02046@example.com","Female","51","39","Basic","Annual","NetBanking","332","12948","13","7",,"51","33","250.29","Customer service quality dropped after onboarding","-0.5","Service Issue","Yes"
"CUST-02047","customer02047@example.com","Female","55","31","Basic","Annual","UPI",,"8463","91","3","10","32","78","114.38","The plan cost feels high compared with competitors","0","Pricing Issue","No"
"CUST-02048","customer02048@example.com","Male","46","18","Basic","Monthly","Card","408","7344","58","0","22","11","60","129.38","Frustrated with repeated support delays","-1","Service Issue","Yes"
"CUST-02049","customer02049@example.com","Male","68","3","Standard","Monthly","UPI","522","1566","61","0","22","16","56","172.82","Excellent issue resolution and friendly support team","0","Service Issue","Yes"
"CUST-02050","customer02050@example.com","Female","62","3","Standard","Quarterly","UPI","522",,"39","1","14","11","45","196.22","Signal issues keep affecting daily usage","-0.5","Network Issue","No"
"CUST-02051","customer02051@example.com","Male","29","15","Basic","Quarterly","UPI","263","3945","12","1","25","90","14","139.33","Frustrated with repeated support delays","-1","Service Issue","Yes"
"CUST-02052","customer02052@example.com","Female","62","40","Basic","Annual","Card","269","10760","100","2","5","55","80","91.59",,"-0.857","Pricing Issue","No"
"CUST-02053","customer02053@example.com","Female","67","3","Basic","Monthly","Card","312","936","85","4","10","3","72","147.50","Excellent issue resolution and friendly support team","0","Service Issue","Yes"
"CUST-02054","customer02054@example.com","female","56","37","Standard","Quarterly","UPI","522","19314","34","0","30","71","39","197.80","Monthly charges are too high and pricing is confusing","0","Pricing Issue","No"
"CUST-02055","customer02055@example.com","Male","51","6","Standard","Quarterly","Card","714","4284","89","7","4","84","55","359.82","Monthly charges are too high and pricing is confusing","0","Pricing Issue","Yes"
"CUST-02056","customer02056@example.com","Male","46","10","Standard","Annual","AutoPay","673","6730","23","6","20","14","38","351.34","Smooth onboarding and very helpful account manager","0.857","Service Issue","Yes"
"CUST-02057","customer02057@example.com","Female","66","13","gold","Annual","NetBanking","1035","13455","75","5","23","85","50","455.81","Monthly charges are too high and pricing is confusing","0","Pricing Issue","Yes"
"CUST-02058","customer02058@example.com","Male","43","43","Basic","Monthly","Card","482","20726","41","5","13","27","56","248.91","Great support and reliable network experience","0","Network Issue","Yes"
"CUST-02059","customer02059@example.com","Female","66","62","Basic","Annual","AutoPay","470","29140",,"0","3","80","65","143.89","Billing feels expensive for the value received","-0.857","Pricing Issue","No"
"CUST-02060","customer02060@example.com","Female","49","70","Standard","Annual","NetBanking","614","42980","32","1","14","29","60","225.10","Agents are not proactive and service follow-up is poor","-0.333","Service Issue","Yes"
"CUST-02061","customer02061@example.com","Male","32","56","Premium","Annual","UPI","994","55664","49","4","4","28","65","404.18","Internet speed dropped and network quality is poor","-1","Network Issue","No"
"CUST-02062","customer02062@example.com","Male","64","17","Basic","Monthly","UPI","561","9537","74","4","18","61","56","258.44","Happy with the service quality and quick response","0.75","Service Issue","Yes"
"CUST-02063","customer02063@example.com","Female","55","13","Enterprise","Quarterly","NetBanking","1342","17446","60","6","25","53","49","585.25","Monthly charges are too high and pricing is confusing","0","Pricing Issue","Yes"
"CUST-02064","customer02064@example.com","Male","58","54","Standard","Annual","AutoPay","824","44496","66","6","2","12","77","365.90","Support response is slow and issue resolution takes too long","-0.9","Service Issue","Yes"
"CUST-02065","customer02065@example.com","Male","38","15","Premium","Monthly","NetBanking","1117","16755","55","5","20","31","53","480.36","Excellent issue resolution and friendly support team","0","Service Issue","Yes"
"CUST-02066","customer02066@example.com","Female","32","41","Premium","Annual","Card","922","37802","69","0","12","17","73","300.72","Support response is slow and issue resolution takes too long","-0.9","Service Issue","No"
"CUST-02067","customer02067@example.com","female","36","50","Standard","Monthly","NetBanking","751","37550","93","4","20","74","75","315.62","Great support and reliable network experience","0","Network Issue","Yes"
"CUST-02068","customer02068@example.com","Female","29","33","Basic","Quarterly","NetBanking","578","19074","14","7","2","53","31","334.96","Frustrated with repeated support delays","-1","Service Issue","Yes"
"CUST-02069","customer02069@example.com","Female","24","32","Standard","Annual","NetBanking","716","22912","88","6","4","54","71","331.16","Satisfied with pricing and product value","0.5","Pricing Issue","No"
"CUST-02070","customer02070@example.com","Female","28","25","Basic","Monthly","AutoPay",,"11975","74","3","15","69","57","209.75","Customer service quality dropped after onboarding","-0.5","Service Issue","Yes"
"CUST-02071","customer02071@example.com","Female","61","72","Basic","Monthly","UPI","336","24192","45","3","4","40","65","151.30",,"0","Network Issue","No"
"CUST-02072","customer02072@example.com","Male",,"8","Enterprise","Monthly","UPI","1259","10072","82","0","0","70","55","427.60","Frequent network outages and unstable connectivity","-0.5","Network Issue","Yes"
"CUST-02073","customer02073@example.com","Female","31","43","Basic","Quarterly","AutoPay","384","16512","35","2","22","10","57","163.50","Frequent network outages and unstable connectivity","-0.5","Network Issue","No"
"CUST-02074","customer02074@example.com","Female","27","5","starter","Annual","UPI","396","1980","17","5","12","0","36","229.76","Satisfied with pricing and product value","0.5","Pricing Issue","No"
"CUST-02075","customer02075@example.com","Male","64","35","Basic","Annual","UPI","489","17115","58","1","2","39","59","169.20","The plan cost feels high compared with competitors","0","Pricing Issue","Yes"
"CUST-02076","customer02076@example.com","Male","41","23","Basic","Monthly","NetBanking","388","8924","77","0","7","15","72","104.49","Excellent issue resolution and friendly support team","0","Service Issue","No"
"CUST-02077","customer02077@example.com","Male","21","69","Basic","Quarterly","Card","477","32913","16","4",,"77","39","248.38","Too many disconnects and latency problems","0","Network Issue","Yes"
"CUST-02078","customer02078@example.com","Male","29","37","Basic","Quarterly","NetBanking","339","12543","86","4","25","22","80","163.41","Price increase without enough added features","0","Pricing Issue","No"
"CUST-02079","customer02079@example.com","Male","38","26","Enterprise","Annual","AutoPay","1221","31746","64","0","9","8","67","409.75","Internet speed dropped and network quality is poor","-1","Network Issue","No"
"CUST-02080","customer02080@example.com","female","30","35","Standard","Quarterly","UPI","735","25725","65","1","25","56","59","270.99","Monthly charges are too high and pricing is confusing","0","Pricing Issue","No"
"CUST-02081","customer02081@example.com","Female","47","7","Standard","Quarterly","AutoPay","841","5887","28","7","22","33","35","433.52","Support response is slow and issue resolution takes too long","-0.9","Service Issue","Yes"
"CUST-02082","customer02082@example.com","Male","62","59","Basic","Monthly","AutoPay","370","21830","64","2","0","26","74","132.82","Great support and reliable network experience","0","Network Issue","No"
"CUST-02083","customer02083@example.com","Male","65","59","Premium","Monthly","NetBanking","1016","59944","14","6","13","77","34","481.77","Internet speed dropped and network quality is poor","-1","Network Issue","Yes"
"CUST-02084","customer02084@example.com","Male","66","56","Standard","Monthly","UPI","696","38976","77","4","3","53","74","288.35","Satisfied with pricing and product value","0.5","Pricing Issue","Yes"
"CUST-02085","customer02085@example.com","Female","66","63","Standard","Quarterly","UPI","684","43092","62","6","16","68","64","337.02","Excellent issue resolution and friendly support team","0","Service Issue","No"
"CUST-02086","customer02086@example.com","Male","68","41","Basic","Annual","UPI","334","13694","59","5","19","29","65","190.77","Satisfied with pricing and product value","0.5","Pricing Issue","No"
"CUST-02087","customer02087@example.com","Male","24","31","Standard","Monthly","UPI","685","21235","59","1","29","60","53","259.87","Too many disconnects and latency problems","0","Network Issue","Yes"
"CUST-02088","customer02088@example.com","Female","52","32","Basic","Annual","AutoPay","589","18848",,"7","12","44","72","306.94","Happy with the service quality and quick response","0.75","Service Issue","No"
"CUST-02089","customer02089@example.com","Male","55","55","Basic","Monthly","AutoPay","426","23430","81","0","7","87","67","127.69","Happy with the service quality and quick response","0.75","Service Issue","No"
"CUST-02090","customer02090@example.com","Female","27","29","Basic","Monthly","AutoPay","322","9338","20","2","17","88","24","167.17",,"0.5","Pricing Issue","Yes"
"CUST-02091","customer02091@example.com","Female","48","19","gold","Monthly","AutoPay","886",,"77","7","9","52","61","420.47","Customer service quality dropped after onboarding","-0.5","Service Issue","Yes"
"CUST-02092","customer02092@example.com","Male","62","59","Premium","Annual","AutoPay","1048","61832","59","2","18","57","64","396.74","Smooth onboarding and very helpful account manager","0.857","Service Issue","No"
"CUST-02093","customer02093@example.com","female","27","70","Premium","Quarterly","AutoPay",,"62160","100","2","16","17","100","305.96","Happy with the service quality and quick response","0.75","Service Issue","No"
"CUST-02094","customer02094@example.com","Female","49","41","Enterprise","Quarterly","AutoPay","1541","63181","74","6","16","13","77","630.30","Monthly charges are too high and pricing is confusing","0","Pricing Issue","No"
"CUST-02095","customer02095@example.com","Male","24","20","Premium","Monthly","AutoPay","1020","20400","91","0","6","32","74","329.08","Internet speed dropped and network quality is poor","-1","Network Issue","No"
"CUST-02096","customer02096@example.com","Female","38","33","Basic","Quarterly","UPI","298","9834","75","2","2","35","69","109.34","Agents are not proactive and service follow-up is poor","-0.333","Service Issue","No"
"CUST-02097","customer02097@example.com","Male","63","47","Premium","Annual","UPI","827","38869","23","2","24","46","43","338.00","Smooth onboarding and very helpful account manager","0.857","Service Issue","No"
"CUST-02098","customer02098@example.com","Male","33","65","Standard","Monthly","UPI","657","42705","18","7","26","18","53","360.44","Price increase without enough added features","0","Pricing Issue","Yes"
"CUST-02099","customer02099@example.com","Male","57","59","Basic","Monthly","Card","409","24131","48","0","17","45","61","132.77","Frustrated with repeated support delays","-1","Service Issue","Yes"
"CUST-02100","customer02100@example.com","Male","44","59","Premium","Annual","AutoPay","848","50032","60","1","16","85","57","311.86","Signal issues keep affecting daily usage","-0.5","Network Issue","No"
"CUST-02101","customer02101@example.com","Female","32","26","Premium","Annual","UPI","897","23322","35","3","24","53","40","380.66","Satisfied with pricing and product value","0.5","Pricing Issue","No"
"CUST-02102","customer02102@example.com","Male","31","41","Premium","Quarterly","Card","1011","41451","47","0","13","2","65","340.71","The plan cost feels high compared with competitors","0","Pricing Issue","No"
"CUST-02103","customer02103@example.com","Female","54","46","Standard","Annual","AutoPay","812","37352","26","4","14","58","41","364.66","Customer service quality dropped after onboarding","-0.5","Service Issue","Yes"
"CUST-02104","customer02104@example.com","Female","22","1","Standard","Monthly","NetBanking","681","681","36","4","23","55","31","324.83","Billing feels expensive for the value received","-0.857","Pricing Issue","Yes"
"CUST-02105","customer02105@example.com","Male","69","36","Enterprise","Monthly","AutoPay","1350","48600","23","3","27","54","37","549.83","Agents are not proactive and service follow-up is poor","-0.333","Service Issue","Yes"
"CUST-02106","customer02106@example.com","male","38","69","Standard","Monthly","NetBanking","612","42228","72","4","5","24","83","252.41","Customer service quality dropped after onboarding","-0.5","Service Issue","No"
"CUST-02107","customer02107@example.com","Male","25","38","Basic","Quarterly","Card","541","20558","72","6","24","53","65","285.84","Support response is slow and issue resolution takes too long","-0.9","Service Issue","Yes"
"CUST-02108","customer02108@example.com","Male","53","49","starter","Monthly","NetBanking","478","23422","34","0",,"55","47","163.31","Happy with the service quality and quick response","0.75","Service Issue","Yes"
"CUST-02109","customer02109@example.com","Female",,"33","Enterprise","Quarterly","NetBanking","1207","39831","63","1","26","72","53","446.66",,"0.5","Pricing Issue","Yes"
"CUST-02110","customer02110@example.com","Male","61","10","Enterprise","Annual","AutoPay","1496","14960","62","4","14","47","51","596.74","Great support and reliable network experience","0","Network Issue","Yes"
"CUST-02111","customer02111@example.com","Male","25","63","Standard","Monthly","AutoPay","749","47187","13","6","11","21","49","370.89","Support response is slow and issue resolution takes too long","-0.9","Service Issue","No"
"CUST-02112","customer02112@example.com","Male","46","27","Enterprise","Monthly","Card","1439","38853","71","5","16","5","72","577.68","Frequent network outages and unstable connectivity","-0.5","Network Issue","Yes"
"CUST-02113","customer02113@example.com","Female","70","63","Premium","Annual","UPI","969","61047","88","1","8","8","93","317.82","Monthly charges are too high and pricing is confusing","0","Pricing Issue","No"
"CUST-02114","customer02114@example.com","Male","63","12","Premium","Annual","AutoPay","820","9840","100","1","27","90","62","297.49","Excellent issue resolution and friendly support team","0","Service Issue","Yes"
"CUST-02115","customer02115@example.com","Male","28","43","Enterprise","Monthly","NetBanking","1209","51987","25","1","2","28","47","440.82","Great support and reliable network experience","0","Network Issue","No"
"CUST-02116","customer02116@example.com","Female","34","59","Standard","Monthly","AutoPay",,"36344","54","4","16","3","75","265.66","Price increase without enough added features","0","Pricing Issue","No"
"CUST-02117","customer02117@example.com","Male","40","14","Standard","Quarterly","UPI","696","9744",,"3","0","56","54","280.98","Monthly charges are too high and pricing is confusing","0","Pricing Issue","Yes"
"CUST-02118","customer02118@example.com","Female","50","1","Standard","Monthly","Card","552","552","82","0","19","69","53","184.55","Too many disconnects and latency problems","0","Network Issue","No"
"CUST-02119","customer02119@example.com","male","26","34","Standard","Annual","AutoPay","730","24820","100","4","21","75","73","308.23","Frequent network outages and unstable connectivity","-0.5","Network Issue","Yes"
"CUST-02120","customer02120@example.com","Female","56","36","Standard","Annual","UPI","658","23688","61","1","0","9","69","220.06","Satisfied with pricing and product value","0.5","Pricing Issue","Yes"
"CUST-02121","customer02121@example.com","Male","57","38","Standard","Annual","NetBanking","837","31806","62","5","22","13","69","368.70","Satisfied with pricing and product value","0.5","Pricing Issue","Yes"
"CUST-02122","customer02122@example.com","Female","49","36","Basic","Monthly","AutoPay","325","11700","72","4","2","5","76","148.82","Customer service quality dropped after onboarding","-0.5","Service Issue","No"
"CUST-02123","customer02123@example.com","Female","65","28","Basic","Annual","AutoPay","396","11088","84","1","16","26","74","128.56","Price increase without enough added features","0","Pricing Issue","Yes"
"CUST-02124","customer02124@example.com","Female","22","25","Basic","Monthly","Card","379","9475","41","0","30","45","45","138.74","Billing feels expensive for the value received","-0.857","Pricing Issue","No"
"CUST-02125","customer02125@example.com","Male","42","14","starter","Monthly","NetBanking","475","6650","25","5","2","58","29","261.00","Customer service quality dropped after onboarding","-0.5","Service Issue","No"
"CUST-02126","customer02126@example.com","Female","37","34","Enterprise","Annual","Card","1478","50252","15","0","5","25","39","527.21","Frustrated with repeated support delays","-1","Service Issue","Yes"
"CUST-02127","customer02127@example.com","Female","21","52","Standard","Monthly","NetBanking","729","37908","18","6","11","24","47","363.89","Satisfied with pricing and product value","0.5","Pricing Issue","No"
"CUST-02128","customer02128@example.com","Female","65","39","Basic","Annual","NetBanking","280","10920","69","0","29","90","54","96.83",,"0.857","Service Issue","Yes"
"CUST-02129","customer02129@example.com","Male","24","22","Standard","Monthly","Card","773","17006","8","1","17","14","34","301.03","Support response is slow and issue resolution takes too long","-0.9","Service Issue","No"
"CUST-02130","customer02130@example.com","Male","41","9","Standard","Monthly","UPI","592","5328","27","0","14","49","31","217.46","Happy with the service quality and quick response","0.75","Service Issue","No"
"CUST-02131","customer02131@example.com","Female","67","49","Basic","Annual","UPI","541","26509","24","2","23","72","37","239.87","Support response is slow and issue resolution takes too long","-0.9","Service Issue","No"
"CUST-02132","customer02132@example.com","female","59","48","Basic","Annual","Card","290",,"52","4","4","73","52","161.48","The plan cost feels high compared with competitors","0","Pricing Issue","No"
"CUST-02133","customer02133@example.com","Female","67","2","Premium","Quarterly","UPI","1078","2156","50","3","26","80","33","450.22","Price increase without enough added features","0","Pricing Issue","Yes"
"CUST-02134","customer02134@example.com","Male","67","40","Basic","Quarterly","Card","523","20920","30","4","30","42","45","264.66","Monthly charges are too high and pricing is confusing","0","Pricing Issue","Yes"
"CUST-02135","customer02135@example.com","Male","46","29","Standard","Quarterly","NetBanking","621","18009","95","0","22","0","87","182.94","Support response is slow and issue resolution takes too long","-0.9","Service Issue","Yes"
"CUST-02136","customer02136@example.com","Male","22","36","Premium","Quarterly","UPI","839","30204","33","1","20","27","49","314.54","Billing feels expensive for the value received","-0.857","Pricing Issue","Yes"
"CUST-02137","customer02137@example.com","Female","67","24","Premium","Annual","UPI","843","20232","60","4","9","56","52","359.55","Happy with the service quality and quick response","0.75","Service Issue","No"
"CUST-02138","customer02138@example.com","Male","29","9","Premium","Quarterly","AutoPay","935","8415","43","6","22","2","51","434.06","Billing feels expensive for the value received","-0.857","Pricing Issue","Yes"
"CUST-02139","customer02139@example.com","Female","41","72","Premium","Quarterly","NetBanking",,"80280","90","5",,"70","82","462.34","The plan cost feels high compared with competitors","0","Pricing Issue","Yes"
"CUST-02140","customer02140@example.com","Female","52","19","Premium","Quarterly","UPI","908","17252","68","4","17","12","66","373.69","Satisfied with pricing and product value","0.5","Pricing Issue","No"
"CUST-02141","customer02141@example.com","Male","47","72","Basic","Annual","NetBanking","419","30168","14","2","27","53","45","194.45","The plan cost feels high compared with competitors","0","Pricing Issue","Yes"
"CUST-02142","customer02142@example.com","Female","42","19","starter","Annual","UPI","452","8588","39","6","29","73","35","281.27","Customer service quality dropped after onboarding","-0.5","Service Issue","Yes"
"CUST-02143","customer02143@example.com","Male","57","20","Standard","Monthly","NetBanking","640","12800","12","4","28","35","30","316.60","Frequent network outages and unstable connectivity","-0.5","Network Issue","Yes"
"CUST-02144","customer02144@example.com","Male","50","18","Standard","Annual","AutoPay","550","9900","47","2","5","67","40","226.09","Frustrated with repeated support delays","-1","Service Issue","No"
"CUST-02145","customer02145@example.com","male","38","33","Standard","Quarterly","NetBanking","625","20625","93","1","8","17","83","199.04","Smooth onboarding and very helpful account manager","0.857","Service Issue","No"
"CUST-02146","customer02146@example.com","Female",,"13","Standard","Quarterly","UPI","601","7813",,"1","8","37","35","232.30","Smooth onboarding and very helpful account manager","0.857","Service Issue","No"
"CUST-02147","customer02147@example.com","Female","54","69","Basic","Monthly","Card","558","38502","27","6","15","55","50","304.41",,"0","Network Issue","Yes"
"CUST-02148","customer02148@example.com","Male","27","28","Premium","Quarterly","AutoPay","852","23856","90","4","5","15","81","335.03","Support response is slow and issue resolution takes too long","-0.9","Service Issue","No"
"CUST-02149","customer02149@example.com","Male","47","50","Enterprise","Quarterly","UPI","1281","64050","63","2","3","68","60","474.63","The plan cost feels high compared with competitors","0","Pricing Issue","Yes"
"CUST-02150","customer02150@example.com","Male","48","44","Premium","Annual","UPI","819","36036","16","0","2","80","29","299.22","Billing feels expensive for the value received","-0.857","Pricing Issue","No"
"CUST-02151","customer02151@example.com","Male","36","8","Enterprise","Monthly","NetBanking","1420","11360","43","6","16","59","37","619.22","Great support and reliable network experience","0","Network Issue","No"
"CUST-02152","customer02152@example.com","Female","35","62","Premium","Quarterly","Card","922","57164","92","3","13","10","95","338.31","Satisfied with pricing and product value","0.5","Pricing Issue","No"
"CUST-02153","customer02153@example.com","Male","53","36","Standard","Quarterly","AutoPay","691","24876","46","2","4","50","50","269.48","Price increase without enough added features","0","Pricing Issue","Yes"
"CUST-02154","customer02154@example.com","Male","24","24","Basic","Monthly","AutoPay","452","10848","55","4","13","5","62","211.25","Smooth onboarding and very helpful account manager","0.857","Service Issue","No"
"CUST-02155","customer02155@example.com","Female","54","21","Premium","Quarterly","NetBanking","1103","23163","52","5","0","37","52","466.18","The plan cost feels high compared with competitors","0","Pricing Issue","No"
"CUST-02156","customer02156@example.com","Male","43","19","Enterprise","Monthly","NetBanking","1186","22534","93","0","14","77","64","403.22","Support response is slow and issue resolution takes too long","-0.9","Service Issue","Yes"
"CUST-02157","customer02157@example.com","Female","46","18","Premium","Annual","NetBanking","970","17460","66","1","5","42","57","343.79","Frequent network outages and unstable connectivity","-0.5","Network Issue","No"
"CUST-02158","customer02158@example.com","male","60","50","Standard","Annual","NetBanking","617","30850","55","0","9","58","58","204.49","Signal issues keep affecting daily usage","-0.5","Network Issue","Yes"
"CUST-02159","customer02159@example.com","Male","47","65","pro","Quarterly","UPI","661","42965","27","6","2","26","56","328.10","Too many disconnects and latency problems","0","Network Issue","No"
"CUST-02160","customer02160@example.com","Female","48","23","Basic","Monthly","UPI","483","11109","14","7","26","1","40","303.28","Great support and reliable network experience","0","Network Issue","Yes"
"CUST-02161","customer02161@example.com","Female","58","69","Standard","Quarterly","Card","625","43125","64","6","10","18","80","298.40","Frequent network outages and unstable connectivity","-0.5","Network Issue","Yes"
"CUST-02162","customer02162@example.com","Female","34","16","Premium","Annual","UPI",,"16544","54","1","25","70","43","390.91","Billing feels expensive for the value received","-0.857","Pricing Issue","Yes"
"CUST-02163","customer02163@example.com","Male","34","47","Standard","Quarterly","NetBanking","759","35673","100","2","2","69","79","268.44","Customer service quality dropped after onboarding","-0.5","Service Issue","No"
"CUST-02164","customer02164@example.com","Female","27","16","Premium","Annual","UPI","915","14640","71","0","4","0","70","293.22","Frustrated with repeated support delays","-1","Service Issue","No"
"CUST-02165","customer02165@example.com","Female","24","59","Standard","Annual","AutoPay","688","40592","70","1","27","50","72","246.91","Frequent network outages and unstable connectivity","-0.5","Network Issue","No"
"CUST-02166","customer02166@example.com","Male","22","43","Standard","Quarterly","UPI","598","25714","36","2","17","72","42","252.17",,"0","Service Issue","Yes"
"CUST-02167","customer02167@example.com","Male","64","26","Standard","Quarterly","AutoPay","781","20306","83","6","20","3","79","354.70","Satisfied with pricing and product value","0.5","Pricing Issue","No"
"CUST-02168","customer02168@example.com","Female","32","62","Premium","Monthly","UPI","1083","67146","48","3","12","59","58","429.48","Smooth onboarding and very helpful account manager","0.857","Service Issue","Yes"
"CUST-02169","customer02169@example.com","Female","39","42","Basic","Annual","NetBanking","517","21714","52","4","2","14","65","229.02","Signal issues keep affecting daily usage","-0.5","Network Issue","No"
"CUST-02170","customer02170@example.com","Female","59","7","Enterprise","Quarterly","NetBanking","1357","9499","72","0",,"14","64","467.27","The plan cost feels high compared with competitors","0","Pricing Issue","No"
"CUST-02171","customer02171@example.com","female","59","49","Standard","Quarterly","UPI","677","33173","79","4","12","72","68","291.28","Agents are not proactive and service follow-up is poor","-0.333","Service Issue","Yes"
"CUST-02172","customer02172@example.com","Male","23","67","Standard","Annual","UPI","680","45560","64","7","9","63","68","346.81","Too many disconnects and latency problems","0","Network Issue","No"
"CUST-02173","customer02173@example.com","Male","64","20","Standard","Quarterly","NetBanking","703",,"74","3","2","39","63","276.94","Smooth onboarding and very helpful account manager","0.857","Service Issue","Yes"
"CUST-02174","customer02174@example.com","Female","45","66","Basic","Annual","AutoPay","406","26796","29","7","29","82","44","281.41","Frequent network outages and unstable connectivity","-0.5","Network Issue","Yes"
"CUST-02175","customer02175@example.com","Female","41","63","Basic","Monthly","Card","416","26208",,"6","11","89","68","234.33","Happy with the service quality and quick response","0.75","Service Issue","Yes"
"CUST-02176","customer02176@example.com","Male","21","32","starter","Monthly","NetBanking","571","18272","25","4","27","30","42","281.35","Great support and reliable network experience","0","Network Issue","No"
"CUST-02177","customer02177@example.com","Male","35","49","Premium","Quarterly","AutoPay","907","44443","64","1","16","45","66","323.30","The plan cost feels high compared with competitors","0","Pricing Issue","No"
"CUST-02178","customer02178@example.com","Male","66","14","Enterprise","Monthly","UPI","1280","17920","90","5","21","27","73","521.31","The plan cost feels high compared with competitors","0","Pricing Issue","Yes"
"CUST-02179","customer02179@example.com","Male","39","55","Basic","Quarterly","UPI","490","26950","50","3","20","59","57","220.66","Smooth onboarding and very helpful account manager","0.857","Service Issue","No"
"CUST-02180","customer02180@example.com","Female","42","57","Standard","Annual","AutoPay","816","46512","60","4","6","84","57","348.96","Customer service quality dropped after onboarding","-0.5","Service Issue","Yes"
"CUST-02181","customer02181@example.com","Female","42","47","Basic","Annual","Card","296","13912","21","4","25","89","31","194.71","Frustrated with repeated support delays","-1","Service Issue","Yes"
"CUST-02182","customer02182@example.com","Male","66","63","Basic","Monthly","AutoPay","514","32382","48","6","28","43","63","283.42","Happy with the service quality and quick response","0.75","Service Issue","No"
"CUST-02183","customer02183@example.com","Female",,"25","Standard","Monthly","Card","584","14600","53","7","20","79","43","335.20","Agents are not proactive and service follow-up is poor","-0.333","Service Issue","Yes"
"CUST-02184","customer02184@example.com","male","23","15","Basic","Monthly","Card","321","4815","37","7","3","34","42","230.17","Excellent issue resolution and friendly support team","0","Service Issue","No"
"CUST-02185","customer02185@example.com","Male","47","18","Premium","Annual","Card",,"16362","21","6","13","19","38","433.21",,"0","Pricing Issue","No"
"CUST-02186","customer02186@example.com","Male","28","8","Standard","Monthly","AutoPay","723","5784","58","6","24","88","38","372.16","Frequent network outages and unstable connectivity","-0.5","Network Issue","Yes"
"CUST-02187","customer02187@example.com","Female","54","22","Basic","Annual","Card","570","12540","79","5","16","11","73","263.18","Excellent issue resolution and friendly support team","0","Service Issue","No"
"CUST-02188","customer02188@example.com","Male","67","52","Premium","Annual","AutoPay","909","47268","45","4","25","13","65","384.25","Agents are not proactive and service follow-up is poor","-0.333","Service Issue","Yes"
"CUST-02189","customer02189@example.com","Male","48","15","Standard","Annual","NetBanking","628","9420","91","6","17","56","66","308.67","Support response is slow and issue resolution takes too long","-0.9","Service Issue","Yes"
"CUST-02190","customer02190@example.com","Female","38","59","Standard","Quarterly","NetBanking","586","34574","68","6","17","90","61","305.29","Support response is slow and issue resolution takes too long","-0.9","Service Issue","Yes"
"CUST-02191","customer02191@example.com","Male","69","61","Enterprise","Quarterly","Card","1280","78080","77","5","21","52","76","525.35","Excellent issue resolution and friendly support team","0","Service Issue","No"
"CUST-02192","customer02192@example.com","Male","67","13","Enterprise","Annual","AutoPay","1356","17628","83","7","29","62","60","601.15","Price increase without enough added features","0","Pricing Issue","Yes"
"CUST-02193","customer02193@example.com","Male","30","65","gold","Annual","Card","940","61100","44","6","0","5","71","413.90","Great support and reliable network experience","0","Network Issue","No"
"CUST-02194","customer02194@example.com","Female","32","5","Basic","Monthly","AutoPay","314","1570","59","0","4","49","47","96.60","Excellent issue resolution and friendly support team","0","Service Issue","Yes"
"CUST-02195","customer02195@example.com","Female","63","14","Basic","Annual","AutoPay","408","5712","42","6","22","38","44","252.58","Price increase without enough added features","0","Pricing Issue","Yes"
"CUST-02196","customer02196@example.com","Female","63","41","Standard","Annual","Card","760","31160","8","3","19","61","28","341.31","Internet speed dropped and network quality is poor","-1","Network Issue","Yes"
"CUST-02197","customer02197@example.com","male","30","57","Enterprise","Annual","UPI","1310","74670","61","5","9","70","61","542.59","Monthly charges are too high and pricing is confusing","0","Pricing Issue","No"
"CUST-02198","customer02198@example.com","Male","57","55","Standard","Monthly","UPI","692","38060","83","3","13","11","87","261.51","Signal issues keep affecting daily usage","-0.5","Network Issue","Yes"
"CUST-02199","customer02199@example.com","Female","55","51","Premium","Monthly","NetBanking","854","43554","20","4","14","41","44","377.80","Happy with the service quality and quick response","0.75","Service Issue","No"
"CUST-02200","customer02200@example.com","Male","21","5","Premium","Annual","NetBanking","824","4120","32","0","9","38","35","293.81","Price increase without enough added features","0","Pricing Issue","Yes"
"CUST-02201","customer02201@example.com","Male","30","41","Enterprise","Monthly","Card","1415","58015","45","6",,"55","50","603.47","Excellent issue resolution and friendly support team","0","Service Issue","Yes"
"CUST-02202","customer02202@example.com","Male","22","68","Basic","Monthly","Card","376","25568","100","5","13","15","100","173.87","Billing feels expensive for the value received","-0.857","Pricing Issue","No"
"CUST-02203","customer02203@example.com","Female","30","58","Basic","Annual","NetBanking","520","30160","95","1","18","70","80","173.96","Frequent network outages and unstable connectivity","-0.5","Network Issue","Yes"
"CUST-02204","customer02204@example.com","Female","65","59","Premium","Quarterly","AutoPay","1051","62009",,"7","14","56","86","465.88",,"0","Network Issue","Yes"
"CUST-02205","customer02205@example.com","Male","57","5","Standard","Quarterly","UPI","566","2830","60","0","6","27","53","182.64","Internet speed dropped and network quality is poor","-1","Network Issue","Yes"
"CUST-02206","customer02206@example.com","Male","69","57","Enterprise","Monthly","AutoPay","1319","75183","39","2","23","61","51","508.37","Customer service quality dropped after onboarding","-0.5","Service Issue","No"
"CUST-02207","customer02207@example.com","Male","57","56","Basic","Monthly","UPI","362","20272","93","5","13","12","93","173.77","Smooth onboarding and very helpful account manager","0.857","Service Issue","No"
"CUST-02208","customer02208@example.com","Male","50","28","Basic","Monthly","AutoPay",,"12320","71","2","24","85","53","187.46","Smooth onboarding and very helpful account manager","0.857","Service Issue","No"
"CUST-02209","customer02209@example.com","Female","34","38","Standard","Monthly","Card","772","29336","61","1","20","36","63","278.22","Excellent issue resolution and friendly support team","0","Service Issue","Yes"
"CUST-02210","customer02210@example.com","male","62","26","starter","Monthly","Card","390","10140","29","6","29","9","48","247.33","Customer service quality dropped after onboarding","-0.5","Service Issue","Yes"
"CUST-02211","customer02211@example.com","Female","46","12","Premium","Quarterly","Card","857","10284","100","4","11","21","79","339.45","Support response is slow and issue resolution takes too long","-0.9","Service Issue","Yes"
"CUST-02212","customer02212@example.com","Male","45","38","Premium","Monthly","NetBanking","1092","41496","85","5","12","78","66","459.10","Signal issues keep affecting daily usage","-0.5","Network Issue","No"
"CUST-02213","customer02213@example.com","Male","49","33","Basic","Monthly","AutoPay","326","10758","33","1","15","83","34","141.09","Internet speed dropped and network quality is poor","-1","Network Issue","Yes"
"CUST-02214","customer02214@example.com","Female","69","9","Standard","Annual","NetBanking","495",,"63","1","14","10","60","173.18","Frequent network outages and unstable connectivity","-0.5","Network Issue","No"
"CUST-02215","customer02215@example.com","Female","27","45","Basic","Annual","AutoPay","455","20475","93","1","28","62","76","157.48","The plan cost feels high compared with competitors","0","Pricing Issue","No"
"CUST-02216","customer02216@example.com","Female","27","44","Standard","Quarterly","NetBanking","576","25344","56","1","16","7","69","199.92","Agents are not proactive and service follow-up is poor","-0.333","Service Issue","No"
"CUST-02217","customer02217@example.com","Female","37","39","Standard","Quarterly","AutoPay","627","24453","81","5","19","51","70","290.89","Excellent issue resolution and friendly support team","0","Service Issue","Yes"
"CUST-02218","customer02218@example.com","Male","58","48","Standard","Monthly","NetBanking","585","28080","51","2","24","17","66","229.74","Too many disconnects and latency problems","0","Network Issue","Yes"
"CUST-02219","customer02219@example.com","Female","36","57","Standard","Quarterly","NetBanking","623","35511","100","4","26","63","84","265.44","Smooth onboarding and very helpful account manager","0.857","Service Issue","No"
"CUST-02220","customer02220@example.com","Female",,"16","Standard","Quarterly","NetBanking","801","12816","84","2","18","27","70","295.86","Customer service quality dropped after onboarding","-0.5","Service Issue","No"
"CUST-02221","customer02221@example.com","Female","37","37","Basic","Quarterly","NetBanking","358","13246","91","0","5","32","80","87.15","Billing feels expensive for the value received","-0.857","Pricing Issue","No"
"CUST-02222","customer02222@example.com","Male","51","64","Standard","Quarterly","Card","639","40896","69","6","0","61","70","306.66","Frustrated with repeated support delays","-1","Service Issue","No"
"CUST-02223","customer02223@example.com","male","34","43","Premium","Quarterly","NetBanking","1049","45107","13","2","25","6","46","414.59",,"0","Pricing Issue","No"
"CUST-02224","customer02224@example.com","Male","27","1","Standard","Annual","NetBanking","680","680","57","6","11","73","38","347.69","Price increase without enough added features","0","Pricing Issue","Yes"
"CUST-02225","customer02225@example.com","Female","57","12","Basic","Monthly","NetBanking","291","3492","42","3","18","38","43","154.62","Agents are not proactive and service follow-up is poor","-0.333","Service Issue","Yes"
"CUST-02226","customer02226@example.com","Male","38","58","Premium","Quarterly","Card","1076","62408","100","6","10","51","88","452.66","Support response is slow and issue resolution takes too long","-0.9","Service Issue","Yes"
"CUST-02227","customer02227@example.com","Male","24","50","pro","Monthly","NetBanking","513","25650","100","0","9","63","82","145.75","Signal issues keep affecting daily usage","-0.5","Network Issue","No"
"CUST-02228","customer02228@example.com","Male","59","9","Basic","Monthly","UPI","333","2997","23","4","16","65","25","203.16","The plan cost feels high compared with competitors","0","Pricing Issue","Yes"
"CUST-02229","customer02229@example.com","Female","42","32","Standard","Annual","UPI","703","22496","66","5","7","17","68","312.25","Great support and reliable network experience","0","Network Issue","No"
"CUST-02230","customer02230@example.com","Male","48","34","Enterprise","Annual","AutoPay","1307","44438","74","3","24","65","61","510.20","Satisfied with pricing and product value","0.5","Pricing Issue","Yes"
"CUST-02231","customer02231@example.com","Male","58","5","Enterprise","Annual","UPI",,"7535","41","7","18","77","30","675.50","Support response is slow and issue resolution takes too long","-0.9","Service Issue","Yes"
"CUST-02232","customer02232@example.com","Female","32","51","Enterprise","Quarterly","NetBanking","1298","66198","100","7",,"22","92","550.93","Too many disconnects and latency problems","0","Network Issue","No"
"CUST-02233","customer02233@example.com","Male","32","18","Premium","Quarterly","NetBanking","852","15336",,"1","3","88","63","295.25","Billing feels expensive for the value received","-0.857","Pricing Issue","Yes"
"CUST-02234","customer02234@example.com","Male","21","16","Enterprise","Quarterly","AutoPay","1342","21472","34","6","20","22","44","587.52","Too many disconnects and latency problems","0","Network Issue","Yes"
"CUST-02235","customer02235@example.com","Female","55","63","Basic","Annual","AutoPay","577","36351","23","7","25","46","48","335.67","Smooth onboarding and very helpful account manager","0.857","Service Issue","No"
"CUST-02236","customer02236@example.com","female","51","15","Standard","Quarterly","UPI","548","8220","93","3","10","78","62","226.30","Price increase without enough added features","0","Pricing Issue","Yes"
"CUST-02237","customer02237@example.com","Female","56","45","Premium","Quarterly","NetBanking","1092","49140","46","7","11","13","63","497.19","Price increase without enough added features","0","Pricing Issue","Yes"
"CUST-02238","customer02238@example.com","Male","70","20","Basic","Monthly","Card","418","8360","26","3","21","81","26","218.87","Internet speed dropped and network quality is poor","-1","Network Issue","Yes"
"CUST-02239","customer02239@example.com","Female","53","7","Basic","Quarterly","AutoPay","280","1960","53","4","19","29","49","162.45","Monthly charges are too high and pricing is confusing","0","Pricing Issue","Yes"
"CUST-02240","customer02240@example.com","Female","27","46","Standard","Annual","AutoPay","685","31510","37","1","22","26","55","256.16","Agents are not proactive and service follow-up is poor","-0.333","Service Issue","Yes"
"CUST-02241","customer02241@example.com","Female","42","35","Premium","Annual","UPI","884","30940","18","4","6","73","29","395.76","Internet speed dropped and network quality is poor","-1","Network Issue","Yes"
"CUST-02242","customer02242@example.com","Female","70","38","Basic","Quarterly","AutoPay","509","19342","51","0","30","3","66","168.12",,"0","Network Issue","No"
"CUST-02243","customer02243@example.com","Female","34","27","Basic","Quarterly","AutoPay","431","11637","93","0","30","13","82","123.42","Smooth onboarding and very helpful account manager","0.857","Service Issue","No"
"CUST-02244","customer02244@example.com","Male","39","13","gold","Monthly","UPI","961","12493","45","6","11","22","49","440.45","Price increase without enough added features","0","Pricing Issue","Yes"
"CUST-02245","customer02245@example.com","Female","43","31","Standard","Quarterly","AutoPay","847","26257","43","7","25","55","46","430.79","Support response is slow and issue resolution takes too long","-0.9","Service Issue","Yes"
"CUST-02246","customer02246@example.com","Female","50","11","Basic","Annual","UPI","542","5962","55","3","17","65","43","244.59","Monthly charges are too high and pricing is confusing","0","Pricing Issue","Yes"
"CUST-02247","customer02247@example.com","Female","61","70","Standard","Annual","Card","645","45150","50","7","17","46","66","340.99","Price increase without enough added features","0","Pricing Issue","Yes"
"CUST-02248","customer02248@example.com","Female","67","38","Premium","Monthly","NetBanking","831","31578","51","0","12","14","63","276.78","Satisfied with pricing and product value","0.5","Pricing Issue","No"
"CUST-02249","customer02249@example.com","male","38","39","Standard","Monthly","NetBanking","620","24180","27","6","2","14","50","315.14","Customer service quality dropped after onboarding","-0.5","Service Issue","No"
"CUST-02250","customer02250@example.com","Male","65","52","Enterprise","Quarterly","Card","1451","75452","32","1","10","38","51","529.62","Monthly charges are too high and pricing is confusing","0","Pricing Issue","Yes"
"CUST-02251","customer02251@example.com","Male","41","67","Standard","Quarterly","Card","645","43215","20","6","14","80","39","345.04","Excellent issue resolution and friendly support team","0","Service Issue","Yes"
"CUST-02252","customer02252@example.com","Male","21","20","Basic","Annual","NetBanking","389","7780","42","7","24","28","48","261.36","Support response is slow and issue resolution takes too long","-0.9","Service Issue","Yes"
"CUST-02253","customer02253@example.com","Female","33","8","Premium","Monthly","NetBanking","975","7800","24","2","9","8","39","380.43","Satisfied with pricing and product value","0.5","Pricing Issue","No"
"CUST-02254","customer02254@example.com","Female","67","29","Basic","Quarterly","UPI",,"15167","42","5","14","67","42","275.84","Price increase without enough added features","0","Pricing Issue","Yes"
"CUST-02255","customer02255@example.com","Female","63","45","Basic","Monthly","Card","584",,"60","5","15","40","64","279.99","Great support and reliable network experience","0","Network Issue","Yes"
"CUST-02256","customer02256@example.com","Male","60","1","Standard","Monthly","AutoPay","809","809","91","6","13","45","64","371.51","Price increase without enough added features","0","Pricing Issue","Yes"
"CUST-02257","customer02257@example.com","Male",,"61","Basic","Monthly","NetBanking","309","18849","37","0","12","31","59","95.80","Price increase without enough added features","0","Pricing Issue","Yes"
"CUST-02258","customer02258@example.com","Male","51","59","Premium","Quarterly","AutoPay","1001","59059","37","4","21","15","62","418.39","Signal issues keep affecting daily usage","-0.5","Network Issue","No"
"CUST-02259","customer02259@example.com","Female","30","60","Premium","Monthly","NetBanking","1092","65520","92","3","16","59","82","413.28","Too many disconnects and latency problems","0","Network Issue","No"
"CUST-02260","customer02260@example.com","Female","60","44","Basic","Annual","NetBanking","527","23188","74","6","13","67","64","276.03","Smooth onboarding and very helpful account manager","0.857","Service Issue","Yes"
"CUST-02261","customer02261@example.com","Female","21","40","gold","Annual","AutoPay","883","35320","31","4","15","14","53","378.79",,"-1","Network Issue","No"
"CUST-02262","customer02262@example.com","female","53","30","Premium","Monthly","UPI","913","27390",,"7","14","48","53","442.00","Internet speed dropped and network quality is poor","-1","Network Issue","Yes"
"CUST-02263","customer02263@example.com","Male","28","9","Basic","Quarterly","UPI","524","4716","15","7",,"20","31","315.27","Monthly charges are too high and pricing is confusing","0","Pricing Issue","Yes"
"CUST-02264","customer02264@example.com","Male","24","50","Basic","Annual","UPI","324","16200","53","5","23","2","71","184.27","Customer service quality dropped after onboarding","-0.5","Service Issue","No"
"CUST-02265","customer02265@example.com","Male","70","26","Standard","Annual","UPI","711","18486","43","3","16","35","49","300.98","The plan cost feels high compared with competitors","0","Pricing Issue","Yes"
"CUST-02266","customer02266@example.com","Male","31","46","Premium","Quarterly","AutoPay","1030","47380","62","7","22","22","70","474.90","Excellent issue resolution and friendly support team","0","Service Issue","Yes"
"CUST-02267","customer02267@example.com","Male","34","22","Standard","Annual","UPI","629","13838","47","2","1","14","55","238.89","Great support and reliable network experience","0","Network Issue","Yes"
"CUST-02268","customer02268@example.com","Male","43","72","Premium","Quarterly","AutoPay","1123","80856","62","4","4","0","84","434.52","Great support and reliable network experience","0","Network Issue","No"
"CUST-02269","customer02269@example.com","Male","57","28","Premium","Annual","Card","842","23576","50","0","0","42","52","283.16","Excellent issue resolution and friendly support team","0","Service Issue","Yes"
"CUST-02270","customer02270@example.com","Female","22","36","Basic","Annual","AutoPay","563","20268","20","6","14","15","45","305.50","Smooth onboarding and very helpful account manager","0.857","Service Issue","Yes"
"CUST-02271","customer02271@example.com","Female","58","63","Premium","Annual","AutoPay","867","54621","88","6","1","19","91","369.89","Monthly charges are too high and pricing is confusing","0","Pricing Issue","No"
"CUST-02272","customer02272@example.com","Male","24","65","Basic","Annual","NetBanking","453","29445","93","1","30","5","98","140.58","Great support and reliable network experience","0","Network Issue","No"
"CUST-02273","customer02273@example.com","Female","35","39","Basic","Monthly","Card","356","13884","83","2","19","40","74","135.69","Monthly charges are too high and pricing is confusing","0","Pricing Issue","Yes"
"CUST-02274","customer02274@example.com","Male","68","20","Premium","Monthly","NetBanking","1100","22000","37","7","25","14","49","517.01","Agents are not proactive and service follow-up is poor","-0.333","Service Issue","No"
"CUST-02275","customer02275@example.com","male","70","11","Enterprise","Annual","Card","1490","16390","79","1","0","81","52","532.36","Agents are not proactive and service follow-up is poor","-0.333","Service Issue","Yes"
"CUST-02276","customer02276@example.com","Female","70","10","Premium","Monthly","NetBanking","1060","10600","98","7","25","20","77","475.35","The plan cost feels high compared with competitors","0","Pricing Issue","No"
"CUST-02277","customer02277@example.com","Female","46","30","Basic","Monthly","NetBanking",,"14520","26","6","6","1","50","267.38","Monthly charges are too high and pricing is confusing","0","Pricing Issue","No"
"CUST-02278","customer02278@example.com","Male","44","18","pro","Annual","NetBanking","763","13734","53","1","23","81","40","295.03","Happy with the service quality and quick response","0.75","Service Issue","No"
"CUST-02279","customer02279@example.com","Female","54","35","Standard","Annual","Card","572","20020","88","2","14","44","75","209.88","Support response is slow and issue resolution takes too long","-0.9","Service Issue","Yes"
"CUST-02280","customer02280@example.com","Female","61","19","Standard","Monthly","AutoPay","732","13908","15","2","13","86","18","316.39",,"-0.333","Service Issue","Yes"
"CUST-02281","customer02281@example.com","Female","59","62","Enterprise","Annual","Card","1308","81096","44","1","7","89","49","480.93","Frustrated with repeated support delays","-1","Service Issue","Yes"
"CUST-02282","customer02282@example.com","Female","24","59","Standard","Monthly","UPI","726","42834","79","3","26","87","67","300.42","Internet speed dropped and network quality is poor","-1","Network Issue","Yes"
"CUST-02283","customer02283@example.com","Male","40","31","Premium","Annual","UPI","975","30225","52","4","20","1","64","402.66","Frustrated with repeated support delays","-1","Service Issue","Yes"
"CUST-02284","customer02284@example.com","Female","34","64","Standard","Quarterly","NetBanking","717","45888","65","3","20","37","74","287.98","Internet speed dropped and network quality is poor","-1","Network Issue","No"
"CUST-02285","customer02285@example.com","Female","40","58","Premium","Quarterly","AutoPay","871","50518","21","6","14","55","43","421.52","Satisfied with pricing and product value","0.5","Pricing Issue","No"
"CUST-02286","customer02286@example.com","Male","25","69","Standard","Annual","AutoPay","517","35673","16","1","16","51","45","204.74","Customer service quality dropped after onboarding","-0.5","Service Issue","No"
"CUST-02287","customer02287@example.com","Male","67","37","Premium","Quarterly","Card","1108","40996","39","7","25","20","54","517.27","Internet speed dropped and network quality is poor","-1","Network Issue","Yes"
"CUST-02288","customer02288@example.com","female","38","58","Basic","Quarterly","AutoPay","310","17980","40","6","17","29","60","205.47","Great support and reliable network experience","0","Network Issue","No"
"CUST-02289","customer02289@example.com","Male","38","29","Basic","Monthly","Card","245","7105","13","1","0","46","31","105.52","Satisfied with pricing and product value","0.5","Pricing Issue","No"
"CUST-02290","customer02290@example.com","Male","43","17","Enterprise","Annual","Card","1322","22474","18","2","5","6","39","504.05","Internet speed dropped and network quality is poor","-1","Network Issue","Yes"
"CUST-02291","customer02291@example.com","Male","34","6","Premium","Monthly","AutoPay","1040","6240",,"4","18","58","64","422.14","Monthly charges are too high and pricing is confusing","0","Pricing Issue","Yes"
"CUST-02292","customer02292@example.com","Male","42","70","Premium","Monthly","AutoPay","930","65100","76","7","10","26","85","421.94","Happy with the service quality and quick response","0.75","Service Issue","No"
"CUST-02293","customer02293@example.com","Female","23","72","Basic","Annual","UPI","483","34776","96","0","4","76","84","133.36","Agents are not proactive and service follow-up is poor","-0.333","Service Issue","No"
"CUST-02294","customer02294@example.com","Male",,"68","Standard","Quarterly","Card","628","42704","50","4",,"81","56","286.88","Signal issues keep affecting daily usage","-0.5","Network Issue","Yes"
"CUST-02295","customer02295@example.com","Male","63","30","gold","Annual","UPI","935","28050","100","4","24","46","79","377.44","Too many disconnects and latency problems","0","Network Issue","Yes"
"CUST-02296","customer02296@example.com","Male","30","33","Basic","Monthly","AutoPay","485",,"27","7","1","67","35","297.79","Frustrated with repeated support delays","-1","Service Issue","Yes"
"CUST-02297","customer02297@example.com","Female","44","33","Basic","Monthly","Card","543","17919","34","3","3","31","48","235.63","Frustrated with repeated support delays","-1","Service Issue","No"
"CUST-02298","customer02298@example.com","Male","53","47","Standard","Quarterly","Card","797","37459","49","3","17","0","68","317.31","Frequent network outages and unstable connectivity","-0.5","Network Issue","Yes"
"CUST-02299","customer02299@example.com","Female","22","48","Premium","Annual","AutoPay","1067","51216","75","3","12","6","82","400.02",,"-0.857","Pricing Issue","No"
"CUST-02300","customer02300@example.com","Male","52","25","Basic","Monthly","Card",,"10175","43","4","27","50","45","219.37","Smooth onboarding and very helpful account manager","0.857","Service Issue","Yes"
"CUST-02301","customer02301@example.com","male","28","15","Standard","Monthly","UPI","640","9600","40","1","4","16","48","231.74","Customer service quality dropped after onboarding","-0.5","Service Issue","No"
"CUST-02302","customer02302@example.com","Male","47","68","Basic","Monthly","Card","479","32572","98","1","30","62","87","160.58","Frequent network outages and unstable connectivity","-0.5","Network Issue","No"
"CUST-02303","customer02303@example.com","Female","56","23","Premium","Monthly","NetBanking","947","21781","69","4","16","0","71","383.08","Monthly charges are too high and pricing is confusing","0","Pricing Issue","No"
"CUST-02304","customer02304@example.com","Female","38","17","Standard","Monthly","NetBanking","796","13532","68","7","20","42","58","396.58","Excellent issue resolution and friendly support team","0","Service Issue","Yes"
"CUST-02305","customer02305@example.com","Male","29","19","Standard","Quarterly","UPI","589","11191","26","3","26","64","30","279.28","Smooth onboarding and very helpful account manager","0.857","Service Issue","Yes"
"CUST-02306","customer02306@example.com","Female","39","60","Basic","Quarterly","UPI","353","21180","33","3","0","58","50","167.70","Happy with the service quality and quick response","0.75","Service Issue","Yes"
"CUST-02307","customer02307@example.com","Female","28","51","Basic","Annual","UPI","320","16320","85","0","23","20","85","80.97","Happy with the service quality and quick response","0.75","Service Issue","No"
"CUST-02308","customer02308@example.com","Male","26","65","Basic","Quarterly","Card","425","27625","31","7","13","86","43","279.59","Excellent issue resolution and friendly support team","0","Service Issue","Yes"
"CUST-02309","customer02309@example.com","Male","51","4","Basic","Annual","NetBanking","448","1792","91","4","30","59","62","217.72","Satisfied with pricing and product value","0.5","Pricing Issue","Yes"
"CUST-02310","customer02310@example.com","Male","32","46","Enterprise","Annual","AutoPay","1403","64538","38","1","26","89","40","531.46","Customer service quality dropped after onboarding","-0.5","Service Issue","Yes"
"CUST-02311","customer02311@example.com","Male","35","38","Basic","Monthly","UPI","402","15276","22","0","23","14","47","142.89","The plan cost feels high compared with competitors","0","Pricing Issue","No"
"CUST-02312","customer02312@example.com","Male","30","19","starter","Quarterly","Card","360","6840","57","0","12","38","54","113.40","Internet speed dropped and network quality is poor","-1","Network Issue","Yes"
"CUST-02313","customer02313@example.com","Female","43","6","Premium","Monthly","NetBanking","1069","6414","55","7","22","40","47","503.96","Internet speed dropped and network quality is poor","-1","Network Issue","Yes"
"CUST-02314","customer02314@example.com","male","29","6","Premium","Monthly","NetBanking","987","5922","54","2","11","9","55","371.45","Billing feels expensive for the value received","-0.857","Pricing Issue","Yes"
"CUST-02315","customer02315@example.com","Female","29","55","Enterprise","Monthly","NetBanking","1289","70895","31","1","30","16","57","476.98","Frustrated with repeated support delays","-1","Service Issue","Yes"
"CUST-02316","customer02316@example.com","Female","35","8","Premium","Quarterly","NetBanking","903","7224","87","1","20","16","72","312.98","Satisfied with pricing and product value","0.5","Pricing Issue","Yes"
"CUST-02317","customer02317@example.com","Male","59","68","Standard","Quarterly","Card","673","45764","33","0","17","90","44","244.49","Great support and reliable network experience","0","Network Issue","No"
"CUST-02318","customer02318@example.com","Male","28","14","Standard","Annual","NetBanking","668","9352","62","5","10","67","47","318.54",,"-0.9","Service Issue","Yes"
"CUST-02319","customer02319@example.com","Female","63","26","Basic","Annual","UPI","361","9386","37","7","20","24","48","249.54","Satisfied with pricing and product value","0.5","Pricing Issue","No"
"CUST-02320","customer02320@example.com","Female","30","57","Standard","Quarterly","UPI","635","36195",,"6","10","83","42","335.76","Billing feels expensive for the value received","-0.857","Pricing Issue","Yes"
"CUST-02321","customer02321@example.com","Male","60","48","Standard","Quarterly","NetBanking","676","32448","62","7","27","21","71","349.61","Agents are not proactive and service follow-up is poor","-0.333","Service Issue","Yes"
"CUST-02322","customer02322@example.com","Male","63","33","Basic","Quarterly","Card","271","8943","68","0","9","14","70","65.93","Agents are not proactive and service follow-up is poor","-0.333","Service Issue","No"
"CUST-02323","customer02323@example.com","Male","62","5","Standard","Annual","AutoPay",,"3660","99","4","28","65","65","316.12","Happy with the service quality and quick response","0.75","Service Issue","Yes"
"CUST-02324","customer02324@example.com","Female","49","69","Basic","Quarterly","NetBanking","591","40779","40","7","3","75","52","325.99","Support response is slow and issue resolution takes too long","-0.9","Service Issue","Yes"
"CUST-02325","customer02325@example.com","Male","32","31","Basic","Monthly","NetBanking","444","13764","100","2",,"71","73","162.25","Great support and reliable network experience","0","Network Issue","No"
"CUST-02326","customer02326@example.com","Male","44","53","Enterprise","Quarterly","UPI","1247","66091","20","4","26","61","39","530.32","Frustrated with repeated support delays","-1","Service Issue","No"
"CUST-02327","customer02327@example.com","male","25","6","Premium","Annual","NetBanking","984","5904","76","6","29","49","57","450.87","Customer service quality dropped after onboarding","-0.5","Service Issue","Yes"
"CUST-02328","customer02328@example.com","Female","66","31","Basic","Annual","Card","421","13051","67","1","10","66","56","151.82","Excellent issue resolution and friendly support team","0","Service Issue","No"
"CUST-02329","customer02329@example.com","Male","39","30","starter","Quarterly","Card","514","15420","17","0","2","11","42","174.88","Agents are not proactive and service follow-up is poor","-0.333","Service Issue","Yes"
"CUST-02330","customer02330@example.com","Female","54","71","Enterprise","Quarterly","UPI","1507","106997","55","6","26","54","67","637.50","Great support and reliable network experience","0","Network Issue","Yes"
"CUST-02331","customer02331@example.com","Female",,"5","Premium","Annual","UPI","1030","5150","84","7","10","86","51","480.04","Support response is slow and issue resolution takes too long","-0.9","Service Issue","Yes"
"CUST-02332","customer02332@example.com","Male","61","30","Basic","Annual","AutoPay","373","11190","40","7","26","2","57","249.66","The plan cost feels high compared with competitors","0","Pricing Issue","Yes"
"CUST-02333","customer02333@example.com","Female","32","71","Standard","Quarterly","UPI","593","42103","26","7","18","7","62","325.28","Great support and reliable network experience","0","Network Issue","No"
"CUST-02334","customer02334@example.com","Female","32","30","Enterprise","Quarterly","UPI","1470","44100","14","0","16","17","39","529.68","Frustrated with repeated support delays","-1","Service Issue","Yes"
"CUST-02335","customer02335@example.com","Female","37","2","Standard","Quarterly","NetBanking","635","1270","42","1","6","24","43","234.30","Monthly charges are too high and pricing is confusing","0","Pricing Issue","No"
"CUST-02336","customer02336@example.com","Male","59","6","Basic","Monthly","UPI","444","2664","33","7","13","73","27","292.93","Internet speed dropped and network quality is poor","-1","Network Issue","Yes"
"CUST-02337","customer02337@example.com","Male","43","46","Standard","Quarterly","NetBanking","714",,"36","2","10","53","48","284.98",,"0","Service Issue","Yes"
"CUST-02338","customer02338@example.com","Male","67","65","Standard","Monthly","UPI","599","38935","89","0","19","65","80","185.49","Support response is slow and issue resolution takes too long","-0.9","Service Issue","No"
"CUST-02339","customer02339@example.com","Male","70","70","Basic","Quarterly","UPI","309","21630","59","1","0","84","61","107.30","Great support and reliable network experience","0","Network Issue","No"
"CUST-02340","customer02340@example.com","male","25","10","Basic","Monthly","UPI","287","2870","81","4","23","43","62","155.99","Frustrated with repeated support delays","-1","Service Issue","No"
"CUST-02341","customer02341@example.com","Male","54","6","Basic","Annual","UPI","514","3084","84","0","4","71","56","161.20","Monthly charges are too high and pricing is confusing","0","Pricing Issue","No"
"CUST-02342","customer02342@example.com","Male","38","45","Enterprise","Quarterly","Card","1438","64710","58","7","9","39","63","620.89","Agents are not proactive and service follow-up is poor","-0.333","Service Issue","Yes"
"CUST-02343","customer02343@example.com","Male","25","69","Premium","Annual","NetBanking","1125","77625","77","7","4","82","71","501.96","Excellent issue resolution and friendly support team","0","Service Issue","No"
"CUST-02344","customer02344@example.com","Male","30","62","Basic","Quarterly","NetBanking","382","23684","26","0","3","25","55","121.01","Frustrated with repeated support delays","-1","Service Issue","Yes"
"CUST-02345","customer02345@example.com","Male","56","16","Basic","Monthly","Card","366","5856","48","4","26","82","36","210.86","Signal issues keep affecting daily usage","-0.5","Network Issue","Yes"
"CUST-02346","customer02346@example.com","Female","58","62","gold","Annual","AutoPay",,"52824","18","1","4","20","52","311.56","Frustrated with repeated support delays","-1","Service Issue","No"
"CUST-02347","customer02347@example.com","Male","57","15","Standard","Monthly","UPI","739","11085","53","7","17","67","43","388.27","Customer service quality dropped after onboarding","-0.5","Service Issue","Yes"
"CUST-02348","customer02348@example.com","Female","65","56","Standard","Quarterly","NetBanking","692","38752","38","6","20","8","64","340.96","Smooth onboarding and very helpful account manager","0.857","Service Issue","Yes"
"CUST-02349","customer02349@example.com","Male","31","33","Enterprise","Monthly","UPI","1372","45276",,"7","0","4","62","590.44","Great support and reliable network experience","0","Network Issue","No"
"CUST-02350","customer02350@example.com","Female","23","42","Premium","Monthly","NetBanking","947","39774","16","6","27","26","42","454.45","Agents are not proactive and service follow-up is poor","-0.333","Service Issue","Yes"
"CUST-02351","customer02351@example.com","Male","69","47","Standard","Quarterly","Card","610","28670","95","2","19","68","77","226.41","Agents are not proactive and service follow-up is poor","-0.333","Service Issue","No"
"CUST-02352","customer02352@example.com","Male","43","26","Premium","Quarterly","AutoPay","896","23296","29","7","17","80","30","457.93","Smooth onboarding and very helpful account manager","0.857","Service Issue","Yes"
"CUST-02353","customer02353@example.com","male","58","21","Basic","Annual","AutoPay","271","5691","86","0","29","32","72","74.41","Frustrated with repeated support delays","-1","Service Issue","No"
"CUST-02354","customer02354@example.com","Female","55","55","Standard","Quarterly","NetBanking","577","31735","62","6","2","40","68","285.52","Agents are not proactive and service follow-up is poor","-0.333","Service Issue","No"
"CUST-02355","customer02355@example.com","Male","50","24","Standard","Monthly","NetBanking","493","11832","53","1","29","76","44","198.85","Price increase without enough added features","0","Pricing Issue","Yes"
"CUST-02356","customer02356@example.com","Male","36","62","Standard","Annual","NetBanking","760","47120","45","1",,"53","58","277.81",,"-1","Service Issue","No"
"CUST-02357","customer02357@example.com","Male","48","71","Basic","Quarterly","UPI","520","36920","55","0","0","3","79","147.64","The plan cost feels high compared with competitors","0","Pricing Issue","No"
"CUST-02358","customer02358@example.com","Male","36","70","Basic","Annual","UPI","530","37100","42","4","30","28","66","252.42","Frustrated with repeated support delays","-1","Service Issue","No"
"CUST-02359","customer02359@example.com","Male","29","65","Standard","Quarterly","UPI","516","33540","80","1","16","62","76","175.74","Frustrated with repeated support delays","-1","Service Issue","Yes"
"CUST-02360","customer02360@example.com","Male","63","71","Standard","Monthly","NetBanking","731","51901","38","3","2","61","56","301.12","Happy with the service quality and quick response","0.75","Service Issue","No"
"CUST-02361","customer02361@example.com","Male","36","62","Premium","Quarterly","NetBanking","1101","68262","82","7","3","59","77","486.01","Smooth onboarding and very helpful account manager","0.857","Service Issue","Yes"
"CUST-02362","customer02362@example.com","Male","70","46","Basic","Monthly","UPI","309","14214","81","5","1","41","75","162.85","Frustrated with repeated support delays","-1","Service Issue","Yes"
"CUST-02363","customer02363@example.com","Male","31","6","starter","Monthly","Card","387","2322","78","4","4","87","48","194.32","Price increase without enough added features","0","Pricing Issue","Yes"
"CUST-02364","customer02364@example.com","Female","24","31","Standard","Annual","UPI","740","22940","98","4","19","16","86","298.11","Signal issues keep affecting daily usage","-0.5","Network Issue","Yes"
"CUST-02365","customer02365@example.com","Female","59","51","Standard","Annual","AutoPay","765","39015","97","5","1","64","80","323.63","Support response is slow and issue resolution takes too long","-0.9","Service Issue","Yes"
"CUST-02366","customer02366@example.com","male","62","38","Standard","Annual","AutoPay","523","19874","48","0","16","33","56","174.16","Support response is slow and issue resolution takes too long","-0.9","Service Issue","No"
"CUST-02367","customer02367@example.com","Male","38","69","Basic","Quarterly","AutoPay","328","22632","33","3","21","61","52","169.35","Smooth onboarding and very helpful account manager","0.857","Service Issue","No"
"CUST-02368","customer02368@example.com","Female",,"49","Standard","Monthly","AutoPay","570","27930","24","1","14","48","43","221.60","Too many disconnects and latency problems","0","Network Issue","No"
"CUST-02369","customer02369@example.com","Female","65","51","Premium","Monthly","UPI",,"58701","52","6","13","58","57","508.25","Customer service quality dropped after onboarding","-0.5","Service Issue","No"
"CUST-02370","customer02370@example.com","Male","23","28","Premium","Annual","Card","970","27160","27","3","18","73","31","412.08","Price increase without enough added features","0","Pricing Issue","No"
"CUST-02371","customer02371@example.com","Female","52","26","Basic","Quarterly","UPI","387","10062","9","0","11","74","21","153.95","Support response is slow and issue resolution takes too long","-0.9","Service Issue","Yes"
"CUST-02372","customer02372@example.com","Female","66","52","Standard","Quarterly","NetBanking","669","34788","69","0","9","22","76","207.21","Excellent issue resolution and friendly support team","0","Service Issue","No"
"CUST-02373","customer02373@example.com","Male","65","65","Standard","Quarterly","AutoPay","832","54080","43","5","0","77","52","374.80","Frequent network outages and unstable connectivity","-0.5","Network Issue","No"
"CUST-02374","customer02374@example.com","Female","45","46","Premium","Annual","AutoPay","819","37674","93","3","14","69","75","318.32","Frustrated with repeated support delays","-1","Service Issue","No"
"CUST-02375","customer02375@example.com","Male","61","51","Premium","Quarterly","UPI","816","41616","39","1","20","24","58","299.84",,"-0.857","Pricing Issue","No"
"CUST-02376","customer02376@example.com","Male","36","67","Standard","Monthly","UPI","605","40535","46","4","19","74","55","282.95","Agents are not proactive and service follow-up is poor","-0.333","Service Issue","Yes"
"CUST-02377","customer02377@example.com","Female","28","71","Premium","Annual","AutoPay","935","66385","27","2","17","65","48","371.27","Great support and reliable network experience","0","Network Issue","Yes"
"CUST-02378","customer02378@example.com","Male","26","54","Basic","Quarterly","Card","425",,,"5","3","33","55","224.85","Satisfied with pricing and product value","0.5","Pricing Issue","No"
"CUST-02379","customer02379@example.com","male","64","62","Standard","Annual","Card","744","46128","70","2","1","67","68","274.31","Customer service quality dropped after onboarding","-0.5","Service Issue","No"
"CUST-02380","customer02380@example.com","Male","46","58","pro","Annual","NetBanking","641","37178","27","6","10","36","51","328.96","Smooth onboarding and very helpful account manager","0.857","Service Issue","No"
"CUST-02381","customer02381@example.com","Male","51","41","Basic","Monthly","UPI","579","23739","87","7","18","69","70","310.02","Agents are not proactive and service follow-up is poor","-0.333","Service Issue","Yes"
"CUST-02382","customer02382@example.com","Male","42","3","Standard","Monthly","NetBanking","610","1830","7","7","26","72","12","373.14","Smooth onboarding and very helpful account manager","0.857","Service Issue","Yes"
"CUST-02383","customer02383@example.com","Male","44","12","Basic","Annual","Card","316","3792","46","1","3","62","39","123.13","Happy with the service quality and quick response","0.75","Service Issue","No"
"CUST-02384","customer02384@example.com","Male","49","71","Premium","Annual","Card","855","60705","92","3","27","38","91","326.99","Agents are not proactive and service follow-up is poor","-0.333","Service Issue","Yes"
"CUST-02385","customer02385@example.com","Male","69","5","Standard","Monthly","UPI","624","3120","50","6","16","38","45","324.66","Signal issues keep affecting daily usage","-0.5","Network Issue","Yes"
"CUST-02386","customer02386@example.com","Male","49","54","Standard","Monthly","UPI","731","39474","52","1","4","33","64","255.56","Excellent issue resolution and friendly support team","0","Service Issue","Yes"
"CUST-02387","customer02387@example.com","Male","68","29","Basic","Monthly","UPI","301","8729","97","6",,"20","84","169.09","Customer service quality dropped after onboarding","-0.5","Service Issue","No"
"CUST-02388","customer02388@example.com","Female","50","67","Premium","Annual","NetBanking","942","63114","65","6","6","63","68","420.98","Support response is slow and issue resolution takes too long","-0.9","Service Issue","No"
"CUST-02389","customer02389@example.com","Male","36","2","Enterprise","Monthly","Card","1474","2948","39","0","19","53","34","533.95","Frustrated with repeated support delays","-1","Service Issue","Yes"
"CUST-02390","customer02390@example.com","Female","25","37","Basic","Monthly","AutoPay","539","19943","37","7","3","5","57","297.73","Frustrated with repeated support delays","-1","Service Issue","Yes"
"CUST-02391","customer02391@example.com","Female","21","41","Standard","Monthly","UPI","814","33374","93","5","8","85","69","353.96","Agents are not proactive and service follow-up is poor","-0.333","Service Issue","Yes"
"CUST-02392","customer02392@example.com","female","60","39","Basic","Monthly","UPI",,"17628","78","2","11","25","75","164.75","Happy with the service quality and quick response","0.75","Service Issue","No"
"CUST-02393","customer02393@example.com","Male","50","8","Basic","Annual","UPI","441","3528","22","1","7","57","26","181.85","Satisfied with pricing and product value","0.5","Pricing Issue","Yes"
"CUST-02394","customer02394@example.com","Male","58","36","Basic","Annual","NetBanking","430","15480","52","3","20","34","58","195.48",,"-0.857","Pricing Issue","Yes"
"CUST-02395","customer02395@example.com","Male","30","68","Standard","Annual","UPI","717","48756","72","6","8","67","72","338.36","Price increase without enough added features","0","Pricing Issue","No"
"CUST-02396","customer02396@example.com","Female","53","65","Premium","Annual","AutoPay","954","62010","98","5","21","15","98","387.89","Frequent network outages and unstable connectivity","-0.5","Network Issue","No"
"CUST-02397","customer02397@example.com","Female","58","35","gold","Quarterly","AutoPay","861","30135","11","4","25","88","21","405.03","Frustrated with repeated support delays","-1","Service Issue","Yes"
"CUST-02398","customer02398@example.com","Male","70","23","Enterprise","Quarterly","UPI","1479","34017","49","6","26","55","46","639.30","Great support and reliable network experience","0","Network Issue","Yes"
"CUST-02399","customer02399@example.com","Male","66","42","Premium","Annual","Card","1128","47376","56","6","25","79","51","511.23","Too many disconnects and latency problems","0","Network Issue","Yes"
"CUST-02400","customer02400@example.com","Female","24","32","Standard","Annual","NetBanking","723","23136","74","2","14","86","55","281.86","Satisfied with pricing and product value","0.5","Pricing Issue","Yes"
"CUST-02401","customer02401@example.com","Male","56","64","Standard","Annual","NetBanking","796","50944","36","6","1","57","53","379.27","Price increase without enough added features","0","Pricing Issue","Yes"
"CUST-02402","customer02402@example.com","Male","69","33","Basic","Quarterly","AutoPay","483","15939","44","4","26","72","43","249.52","Great support and reliable network experience","0","Network Issue","Yes"
"CUST-02403","customer02403@example.com","Female","49","19","Basic","Monthly","Card","362","6878","31","7","9","10","46","244.75","Agents are not proactive and service follow-up is poor","-0.333","Service Issue","Yes"
"CUST-02404","customer02404@example.com","Male","57","22","Standard","Monthly","UPI","738","16236","72","6","23","40","62","355.97","Excellent issue resolution and friendly support team","0","Service Issue","Yes"
"CUST-02405","customer02405@example.com","female",,"24","Basic","Quarterly","UPI","377","9048","72","2","14","66","56","154.94","Billing feels expensive for the value received","-0.857","Pricing Issue","Yes"
"CUST-02406","customer02406@example.com","Male","52","27","Standard","Annual","UPI","827","22329","74","4","21","85","54","359.81","Support response is slow and issue resolution takes too long","-0.9","Service Issue","Yes"
"CUST-02407","customer02407@example.com","Male","21","9","Standard","Quarterly","UPI","631","5679",,"2","8","42","61","236.52","Billing feels expensive for the value received","-0.857","Pricing Issue","Yes"
"CUST-02408","customer02408@example.com","Male","41","22","Standard","Quarterly","NetBanking","600","13200","88","0","18","21","76","182.98","Frustrated with repeated support delays","-1","Service Issue","Yes"
"CUST-02409","customer02409@example.com","Male","58","39","Basic","Annual","NetBanking","479","18681","60","7","20","78","52","291.14","Internet speed dropped and network quality is poor","-1","Network Issue","Yes"
"CUST-02410","customer02410@example.com","Male","66","39","Standard","Monthly","Card","715","27885","29","5","2","3","54","327.70","Satisfied with pricing and product value","0.5","Pricing Issue","No"
"CUST-02411","customer02411@example.com","Male","51","67","Enterprise","Monthly","Card","1312","87904","31","3","20","59","51","523.92","Agents are not proactive and service follow-up is poor","-0.333","Service Issue","Yes"
"CUST-02412","customer02412@example.com","Male","24","21","Premium","Quarterly","Card","905","19005","30","7","26","52","36","459.80","Billing feels expensive for the value received","-0.857","Pricing Issue","Yes"
"CUST-02413","customer02413@example.com","Female","66","42","Standard","Monthly","NetBanking","594","24948","85","3","28","37","77","242.06",,"-1","Network Issue","Yes"
"CUST-02414","customer02414@example.com","Female","22","4","pro","Quarterly","AutoPay","792","3168","22","2","4","17","34","315.68","Excellent issue resolution and friendly support team","0","Service Issue","No"
"CUST-02415","customer02415@example.com","Female","43","60","Basic","Monthly","UPI",,"15660","47","2","12","28","65","108.98","Frustrated with repeated support delays","-1","Service Issue","No"
"CUST-02416","customer02416@example.com","Male","48","16","Standard","Monthly","AutoPay","846","13536","100","6","27","45","74","385.33","Great support and reliable network experience","0","Network Issue","Yes"
"CUST-02417","customer02417@example.com","Male","65","52","Basic","Monthly","UPI","447","23244","75","4","25","6","83","201.25","Monthly charges are too high and pricing is confusing","0","Pricing Issue","No"
"CUST-02418","customer02418@example.com","female","43","6","Premium","Monthly","UPI","851","5106","59","6",,"85","38","409.13","Monthly charges are too high and pricing is confusing","0","Pricing Issue","Yes"
"CUST-02419","customer02419@example.com","Male","41","41","Basic","Monthly","NetBanking","254",,"60","0","24","9","70","69.42","Signal issues keep affecting daily usage","-0.5","Network Issue","No"
"CUST-02420","customer02420@example.com","Female","48","62","Basic","Quarterly","NetBanking","391","24242","88","4","3","53","82","171.97","Excellent issue resolution and friendly support team","0","Service Issue","No"
"CUST-02421","customer02421@example.com","Female","55","50","Basic","Annual","AutoPay","407","20350","82","4","8","47","76","184.20","Customer service quality dropped after onboarding","-0.5","Service Issue","No"
"CUST-02422","customer02422@example.com","Male","48","52","Standard","Monthly","AutoPay","721","37492","13","0","5","28","43","253.17","Customer service quality dropped after onboarding","-0.5","Service Issue","Yes"
"CUST-02423","customer02423@example.com","Male","66","28","Basic","Annual","Card","509","14252","30","6","3","0","51","272.85","Support response is slow and issue resolution takes too long","-0.9","Service Issue","No"
"CUST-02424","customer02424@example.com","Female","51","19","Basic","Quarterly","AutoPay","362","6878","47","7","19","90","35","261.45","Frustrated with repeated support delays","-1","Service Issue","Yes"
"CUST-02425","customer02425@example.com","Female","51","60","Standard","Monthly","AutoPay","668","40080","96","2","5","77","80","238.91","Signal issues keep affecting daily usage","-0.5","Network Issue","No"
"CUST-02426","customer02426@example.com","Female","68","60","Basic","Annual","NetBanking","416","24960","22","6","26","43","47","260.58","Internet speed dropped and network quality is poor","-1","Network Issue","Yes"
"CUST-02427","customer02427@example.com","Female","44","25","Standard","Monthly","AutoPay","643","16075","100","6","7","43","78","299.15","The plan cost feels high compared with competitors","0","Pricing Issue","Yes"
"CUST-02428","customer02428@example.com","Female","33","41","Standard","Monthly","Card","726","29766","31","6","26","32","48","368.46","Internet speed dropped and network quality is poor","-1","Network Issue","Yes"
"CUST-02429","customer02429@example.com","Female","70","60","Enterprise","Quarterly","AutoPay","1292","77520","27","6","15","17","57","561.15","Monthly charges are too high and pricing is confusing","0","Pricing Issue","No"
"CUST-02430","customer02430@example.com","Female","26","71","Basic","Annual","Card","478","33938","42","5","7","5","72","233.35","Too many disconnects and latency problems","0","Network Issue","No"
"CUST-02431","customer02431@example.com","female","36","27","gold","Monthly","AutoPay","872","23544","87","0","14","6","81","274.70","Billing feels expensive for the value received","-0.857","Pricing Issue","No"
"CUST-02432","customer02432@example.com","Male","48","3","Basic","Monthly","AutoPay","519","1557","23","3","0","58","24","242.72",,"0","Pricing Issue","Yes"
"CUST-02433","customer02433@example.com","Male","53","20","Standard","Quarterly","UPI","515","10300","41","1","13","22","49","191.73","Happy with the service quality and quick response","0.75","Service Issue","No"
"CUST-02434","customer02434@example.com","Male","45","72","Standard","Quarterly","NetBanking","577","41544","56","5","12","78","62","282.08","Too many disconnects and latency problems","0","Network Issue","Yes"
"CUST-02435","customer02435@example.com","Male","66","8","Standard","Quarterly","Card","667","5336","81","4","29","83","52","306.05","The plan cost feels high compared with competitors","0","Pricing Issue","Yes"
"CUST-02436","customer02436@example.com","Female","44","56","Premium","Monthly","AutoPay","996","55776",,"5","20","71","46","449.02","Support response is slow and issue resolution takes too long","-0.9","Service Issue","Yes"
"CUST-02437","customer02437@example.com","Female","27","21","Standard","Quarterly","NetBanking","555","11655","31","5","22","23","44","288.14","Billing feels expensive for the value received","-0.857","Pricing Issue","Yes"
"CUST-02438","customer02438@example.com","Female","24","27","Premium","Monthly","Card",,"26109","10","3","19","60","25","417.11","Monthly charges are too high and pricing is confusing","0","Pricing Issue","Yes"
"CUST-02439","customer02439@example.com","Male","26","42","Standard","Annual","AutoPay","517","21714","21","2","23","18","47","221.03","Monthly charges are too high and pricing is confusing","0","Pricing Issue","No"
"CUST-02440","customer02440@example.com","Male","25","60","Basic","Quarterly","NetBanking","565","33900","90","4","10","37","86","233.98","Monthly charges are too high and pricing is confusing","0","Pricing Issue","No"
"CUST-02441","customer02441@example.com","Male","35","15","Enterprise","Annual","NetBanking","1275","19125","27","6","15","33","37","566.97","Excellent issue resolution and friendly support team","0","Service Issue","Yes"
"CUST-02442","customer02442@example.com","Male",,"52","Basic","Annual","UPI","571","29692","45","6","18","81","48","311.04","Frustrated with repeated support delays","-1","Service Issue","Yes"
"CUST-02443","customer02443@example.com","Female","25","13","Standard","Annual","AutoPay","656","8528","31","5","6","0","47","311.62","Excellent issue resolution and friendly support team","0","Service Issue","Yes"
"CUST-02444","customer02444@example.com","female","30","15","Enterprise","Quarterly","Card","1382","20730","51","3","21","80","38","554.07","Great support and reliable network experience","0","Network Issue","Yes"
"CUST-02445","customer02445@example.com","Male","36","68","Basic","Quarterly","NetBanking","527","35836","60","3","16","21","77","215.32","Smooth onboarding and very helpful account manager","0.857","Service Issue","No"
"CUST-02446","customer02446@example.com","Male","53","1","Standard","Quarterly","AutoPay","760","760","50","2","29","88","31","321.49","Support response is slow and issue resolution takes too long","-0.9","Service Issue","Yes"
"CUST-02447","customer02447@example.com","Male","22","32","Enterprise","Quarterly","UPI","1505","48160","69","4","21","13","71","588.21","Satisfied with pricing and product value","0.5","Pricing Issue","Yes"
"CUST-02448","customer02448@example.com","Female","52","30","gold","Annual","UPI","1088","32640","26","3","20","24","44","444.04","Smooth onboarding and very helpful account manager","0.857","Service Issue","Yes"
"CUST-02449","customer02449@example.com","Male","63","10","Basic","Annual","Card","281","2810","38","2",,"33","41","137.48","Great support and reliable network experience","0","Network Issue","Yes"
"CUST-02450","customer02450@example.com","Female","24","49","Standard","Monthly","UPI","592","29008","22","2","20","39","44","249.66","Frustrated with repeated support delays","-1","Service Issue","No"
"CUST-02451","customer02451@example.com","Female","57","15","Basic","Annual","UPI","334","5010","73","4","8","67","54","173.52",,"0.75","Service Issue","Yes"
"CUST-02452","customer02452@example.com","Female","29","58","Premium","Monthly","UPI","916","53128","31","1","1","63","47","337.49","Great support and reliable network experience","0","Network Issue","No"
"CUST-02453","customer02453@example.com","Male","51","57","Standard","Quarterly","AutoPay","590","33630","54","7","19","27","68","318.07","Happy with the service quality and quick response","0.75","Service Issue","No"
"CUST-02454","customer02454@example.com","Female","48","1","Premium","Quarterly","UPI","833","833","22","3","1","78","18","361.97","Satisfied with pricing and product value","0.5","Pricing Issue","Yes"
"CUST-02455","customer02455@example.com","Female","58","62","Basic","Annual","NetBanking","311","19282","80","6","0","45","79","179.60","Happy with the service quality and quick response","0.75","Service Issue","No"
"CUST-02456","customer02456@example.com","Male","44","16","Standard","Monthly","AutoPay","622","9952","77","4","29","44","62","281.05","Billing feels expensive for the value received","-0.857","Pricing Issue","No"
"CUST-02457","customer02457@example.com","female","23","31","Enterprise","Monthly","NetBanking","1211","37541","44","2","23","21","55","462.07","Price increase without enough added features","0","Pricing Issue","Yes"
"CUST-02458","customer02458@example.com","Female","46","25","Basic","Quarterly","Card","593","14825","99","6","16","15","84","279.88","Great support and reliable network experience","0","Network Issue","No"
"CUST-02459","customer02459@example.com","Male","55","60","Standard","Quarterly","UPI","528","31680","67","3","1","16","79","204.17","The plan cost feels high compared with competitors","0","Pricing Issue","No"
"CUST-02460","customer02460@example.com","Male","36","17","Basic","Quarterly","NetBanking","383",,"31","1","5","44","37","150.63","Satisfied with pricing and product value","0.5","Pricing Issue","No"
"CUST-02461","customer02461@example.com","Male","50","24","Premium","Monthly","UPI",,"21168","41","7","3","7","54","422.03","Signal issues keep affecting daily usage","-0.5","Network Issue","No"
"CUST-02462","customer02462@example.com","Female","38","31","Premium","Monthly","AutoPay","965","29915","88","5","0","0","84","387.82","Too many disconnects and latency problems","0","Network Issue","Yes"
"CUST-02463","customer02463@example.com","Female","66","57","Standard","Quarterly","UPI","805","45885","25","7","28","53","45","421.16","Too many disconnects and latency problems","0","Network Issue","Yes"
"CUST-02464","customer02464@example.com","Female","60","29","Standard","Annual","NetBanking","780","22620","26","6","17","74","31","397.69","Frustrated with repeated support delays","-1","Service Issue","Yes"
"CUST-02465","customer02465@example.com","Male","65","9","pro","Monthly","AutoPay","813","7317",,"7","10","7","69","385.74","Customer service quality dropped after onboarding","-0.5","Service Issue","Yes"
"CUST-02466","customer02466@example.com","Male","65","66","Premium","Quarterly","AutoPay","924","60984","43","7","22","76","53","455.60","Excellent issue resolution and friendly support team","0","Service Issue","Yes"
"CUST-02467","customer02467@example.com","Female","60","12","Enterprise","Annual","Card","1336","16032","20","0","11","29","33","481.81","Smooth onboarding and very helpful account manager","0.857","Service Issue","Yes"
"CUST-02468","customer02468@example.com","Male","23","13","Basic","Annual","AutoPay","495","6435","50","6","12","63","41","280.58","Support response is slow and issue resolution takes too long","-0.9","Service Issue","Yes"
"CUST-02469","customer02469@example.com","Female","63","66","Premium","Monthly","AutoPay","1144","75504","20","6","16","87","37","527.64","Happy with the service quality and quick response","0.75","Service Issue","Yes"
"CUST-02470","customer02470@example.com","male","64","45","Premium","Annual","AutoPay","1113","50085","56","5","19","40","62","474.63",,"0.857","Service Issue","Yes"
"CUST-02471","customer02471@example.com","Male","53","32","Standard","Monthly","Card","676","21632","60","2","8","32","61","255.68","Billing feels expensive for the value received","-0.857","Pricing Issue","No"
"CUST-02472","customer02472@example.com","Male","70","23","Standard","Monthly","AutoPay","535","12305","88","3","28","22","76","219.14","Too many disconnects and latency problems","0","Network Issue","No"
"CUST-02473","customer02473@example.com","Female","28","16","Enterprise","Monthly","NetBanking","1280","20480","66","5","30","2","66","531.90","Customer service quality dropped after onboarding","-0.5","Service Issue","Yes"
"CUST-02474","customer02474@example.com","Female","30","33","Standard","Monthly","Card","663","21879","97","5","9","18","85","283.51","Billing feels expensive for the value received","-0.857","Pricing Issue","Yes"
"CUST-02475","customer02475@example.com","Male","61","23","Basic","Monthly","AutoPay","552","12696","63","3","8","9","65","223.64","Frequent network outages and unstable connectivity","-0.5","Network Issue","Yes"
"CUST-02476","customer02476@example.com","Female","37","58","Standard","Quarterly","AutoPay","625","36250","99","0","7","62","84","183.79","Price increase without enough added features","0","Pricing Issue","Yes"
"CUST-02477","customer02477@example.com","Female","61","54","Basic","Annual","UPI","477","25758","26","4","14","25","52","234.70","Internet speed dropped and network quality is poor","-1","Network Issue","No"
"CUST-02478","customer02478@example.com","Female","29","39","Basic","Quarterly","AutoPay","295","11505","75","4","16","1","80","142.72","Customer service quality dropped after onboarding","-0.5","Service Issue","No"
"CUST-02479","customer02479@example.com","Male",,"51","Premium","Annual","AutoPay","984","50184","49","2","13","38","60","372.83","Customer service quality dropped after onboarding","-0.5","Service Issue","No"
"CUST-02480","customer02480@example.com","Male","48","39","Basic","Quarterly","Card","520","20280","64","4",,"23","68","233.95","Happy with the service quality and quick response","0.75","Service Issue","No"
"CUST-02481","customer02481@example.com","Female","70","15","Enterprise","Annual","Card","1241","18615","84","4","16","12","73","485.74","Monthly charges are too high and pricing is confusing","0","Pricing Issue","No"
"CUST-02482","customer02482@example.com","Female","49","24","starter","Annual","AutoPay","506","12144","26","7","18","27","41","307.22","Satisfied with pricing and product value","0.5","Pricing Issue","No"
"CUST-02483","customer02483@example.com","female","44","25","Premium","Quarterly","NetBanking","941","23525","63","3","6","40","58","369.66","Price increase without enough added features","0","Pricing Issue","No"
"CUST-02484","customer02484@example.com","Male","21","35","Basic","Monthly","AutoPay",,"18620","54","2","15","79","47","221.43","Frustrated with repeated support delays","-1","Service Issue","Yes"
"CUST-02485","customer02485@example.com","Male","29","49","Premium","Quarterly","Card","897","43953","49","5","9","82","49","404.23","Too many disconnects and latency problems","0","Network Issue","No"
"CUST-02486","customer02486@example.com","Male","69","35","Standard","Annual","AutoPay","833","29155","100","7","2","67","76","386.76","Billing feels expensive for the value received","-0.857","Pricing Issue","Yes"
"CUST-02487","customer02487@example.com","Female","67","19","Basic","Monthly","NetBanking","439","8341","23","3","10","44","33","213.18","Billing feels expensive for the value received","-0.857","Pricing Issue","No"
"CUST-02488","customer02488@example.com","Male","42","5","Basic","Monthly","Card","502","2510","61","3","11","75","42","227.37","Frustrated with repeated support delays","-1","Service Issue","Yes"
"CUST-02489","customer02489@example.com","Female","43","16","Basic","Quarterly","Card","509","8144","26","3","16","43","34","240.48",,"-0.5","Network Issue","Yes"
"CUST-02490","customer02490@example.com","Female","52","17","Standard","Annual","AutoPay","610","10370","33","5","11","18","45","300.41","Support response is slow and issue resolution takes too long","-0.9","Service Issue","No"
"CUST-02491","customer02491@example.com","Female","37","23","Basic","Quarterly","UPI","332","7636","21","6","28","58","30","242.20","Frequent network outages and unstable connectivity","-0.5","Network Issue","Yes"
"CUST-02492","customer02492@example.com","Male","35","46","Premium","Annual","Card","919","42274","41","5","13","41","53","409.05","Support response is slow and issue resolution takes too long","-0.9","Service Issue","Yes"
"CUST-02493","customer02493@example.com","Male","43","6","Basic","Annual","Card","382","2292","48","0","1","60","38","127.39","Too many disconnects and latency problems","0","Network Issue","Yes"
"CUST-02494","customer02494@example.com","Male","33","7","Standard","Quarterly","Card","713","4991",,"1","25","33","40","276.09","Monthly charges are too high and pricing is confusing","0","Pricing Issue","No"
"CUST-02495","customer02495@example.com","Female","36","53","Premium","Annual","Card","858","45474","75","1","17","19","80","293.75","Smooth onboarding and very helpful account manager","0.857","Service Issue","No"
"CUST-02496","customer02496@example.com","male","38","63","Standard","Monthly","UPI","620","39060","33","0","1","24","59","201.67","Signal issues keep affecting daily usage","-0.5","Network Issue","No"
"CUST-02497","customer02497@example.com","Female","59","55","Basic","Monthly","NetBanking","360","19800","89","1","2","67","76","110.38","Support response is slow and issue resolution takes too long","-0.9","Service Issue","No"
"CUST-02498","customer02498@example.com","Female","62","35","Basic","Annual","UPI","305","10675","53","1","7","52","53","111.33","Monthly charges are too high and pricing is confusing","0","Pricing Issue","No"
"CUST-02499","customer02499@example.com","Male","43","7","gold","Quarterly","UPI","982","6874","8","6","1","11","29","459.45","Support response is slow and issue resolution takes too long","-0.9","Service Issue","Yes"
"CUST-02500","customer02500@example.com","Female","52","69","Basic","Monthly","AutoPay","399","27531","56","7","17","6","78","240.01","Happy with the service quality and quick response","0.75","Service Issue","No"
"CUST-02501","customer02501@example.com","Male","52","52","Standard","Quarterly","UPI","707",,"51","5","2","71","54","327.80","Happy with the service quality and quick response","0.75","Service Issue","No"
"CUST-02502","customer02502@example.com","Male","63","6","Basic","Monthly","Card","302","1812","48","3","26","29","46","158.90","Too many disconnects and latency problems","0","Network Issue","Yes"
"CUST-02503","customer02503@example.com","Female","60","22","Standard","Quarterly","UPI","703","15466","94","0","18","85","63","232.42","Too many disconnects and latency problems","0","Network Issue","Yes"
"CUST-02504","customer02504@example.com","Male","47","13","Premium","Annual","NetBanking","1116","14508","53","4","2","70","41","462.82","Billing feels expensive for the value received","-0.857","Pricing Issue","Yes"
"CUST-02505","customer02505@example.com","Male","28","2","Premium","Monthly","UPI","908","1816","97","4","18","75","60","377.92","Too many disconnects and latency problems","0","Network Issue","Yes"
"CUST-02506","customer02506@example.com","Female","21","31","Basic","Annual","UPI","330","10230","57","5","9","53","54","192.39","Excellent issue resolution and friendly support team","0","Service Issue","No"
"CUST-02507","customer02507@example.com","Male","65","2","Premium","Annual","AutoPay",,"1898","57","4","12","59","42","405.54","Happy with the service quality and quick response","0.75","Service Issue","No"
"CUST-02508","customer02508@example.com","Female","26","7","Enterprise","Annual","NetBanking","1410","9870","69","6","5","31","58","590.03",,"-0.9","Service Issue","No"
"CUST-02509","customer02509@example.com","female","70","25","Enterprise","Annual","UPI","1362","34050","59","1","13","73","48","498.99","Happy with the service quality and quick response","0.75","Service Issue","No"
"CUST-02510","customer02510@example.com","Female","36","62","Basic","Quarterly","AutoPay","466","28892","65","7","12","26","76","262.94","Support response is slow and issue resolution takes too long","-0.9","Service Issue","Yes"
"CUST-02511","customer02511@example.com","Male","42","71","Basic","Quarterly","NetBanking","598","42458","44","6",,"57","60","302.18","Internet speed dropped and network quality is poor","-1","Network Issue","Yes"
"CUST-02512","customer02512@example.com","Male","67","72","Premium","Quarterly","AutoPay","808","58176","65","1","18","33","78","281.24","Billing feels expensive for the value received","-0.857","Pricing Issue","Yes"
"CUST-02513","customer02513@example.com","Male","38","43","Enterprise","Annual","UPI","1402","60286","72","7","19","84","59","617.59","Smooth onboarding and very helpful account manager","0.857","Service Issue","Yes"
"CUST-02514","customer02514@example.com","Male","33","14","Basic","Monthly","AutoPay","336","4704","45","7","11","55","41","241.19","Smooth onboarding and very helpful account manager","0.857","Service Issue","Yes"
"CUST-02515","customer02515@example.com","Male","62","33","Basic","Quarterly","AutoPay","344","11352","79","2","10","75","61","137.90","Monthly charges are too high and pricing is confusing","0","Pricing Issue","No"
"CUST-02516","customer02516@example.com","Male",,"14","starter","Annual","NetBanking","478","6692","25","2","16","20","39","206.66","Internet speed dropped and network quality is poor","-1","Network Issue","No"
"CUST-02517","customer02517@example.com","Male","65","23","Basic","Annual","NetBanking","526","12098","16","0","19","25","36","193.67","Frustrated with repeated support delays","-1","Service Issue","No"
"CUST-02518","customer02518@example.com","Male","36","5","Basic","Annual","AutoPay","355","1775","81","0","7","22","66","95.53","Excellent issue resolution and friendly support team","0","Service Issue","Yes"
"CUST-02519","customer02519@example.com","Male","32","4","Premium","Annual","NetBanking","954","3816","40","0","9","80","28","346.87","Great support and reliable network experience","0","Network Issue","Yes"
"CUST-02520","customer02520@example.com","Male","28","47","Enterprise","Quarterly","UPI","1461","68667","35","2","25","4","60","550.71","Support response is slow and issue resolution takes too long","-0.9","Service Issue","Yes"
"CUST-02521","customer02521@example.com","Female","57","50","Enterprise","Monthly","UPI","1441","72050","34","2","28","81","41","563.60","Billing feels expensive for the value received","-0.857","Pricing Issue","Yes"
"CUST-02522","customer02522@example.com","female","69","29","Enterprise","Monthly","Card","1415","41035","58","5","7","19","62","573.59","Frequent network outages and unstable connectivity","-0.5","Network Issue","Yes"
"CUST-02523","customer02523@example.com","Female","37","59","Basic","Monthly","UPI","522","30798",,"5","16","70","76","249.40","Customer service quality dropped after onboarding","-0.5","Service Issue","No"
"CUST-02524","customer02524@example.com","Female","50","66","Enterprise","Annual","NetBanking","1316","86856","69","5","11","82","66","543.11","The plan cost feels high compared with competitors","0","Pricing Issue","Yes"
"CUST-02525","customer02525@example.com","Male","21","20","Premium","Annual","UPI","975","19500","86","7","21","77","60","460.43","Smooth onboarding and very helpful account manager","0.857","Service Issue","No"
"CUST-02526","customer02526@example.com","Male","68","32","Enterprise","Quarterly","Card","1462","46784","20","0","0","85","26","530.96","Agents are not proactive and service follow-up is poor","-0.333","Service Issue","Yes"
"CUST-02527","customer02527@example.com","Male","65","47","Basic","Monthly","Card","523","24581","68","1","6","13","76","170.24",,"0","Service Issue","No"
"CUST-02528","customer02528@example.com","Female","40","3","Standard","Quarterly","NetBanking","598","1794","71","0","2","58","51","194.26","Frustrated with repeated support delays","-1","Service Issue","Yes"
"CUST-02529","customer02529@example.com","Female","68","42","Standard","Quarterly","AutoPay","644","27048","51","7","6","32","60","335.76","Satisfied with pricing and product value","0.5","Pricing Issue","No"
"CUST-02530","customer02530@example.com","Male","29","55","Standard","Monthly","NetBanking",,"34210","64","0","20","74","61","210.78","Price increase without enough added features","0","Pricing Issue","Yes"
"CUST-02531","customer02531@example.com","Male","50","44","Standard","Quarterly","NetBanking","751","33044","61","1","1","47","62","261.77","Price increase without enough added features","0","Pricing Issue","Yes"
"CUST-02532","customer02532@example.com","Female","53","63","Basic","Quarterly","AutoPay","493","31059","52","0","17","6","74","150.93","Great support and reliable network experience","0","Network Issue","No"
"CUST-02533","customer02533@example.com","Male","67","7","gold","Annual","NetBanking","1030","7210","100","2","15","60","67","378.19","Happy with the service quality and quick response","0.75","Service Issue","Yes"
"CUST-02534","customer02534@example.com","Female","63","1","Standard","Quarterly","UPI","684","684","67","3","25","78","43","299.03","Great support and reliable network experience","0","Network Issue","Yes"
"CUST-02535","customer02535@example.com","male","31","60","Basic","Monthly","Card","299","17940","49","0","29","71","55","105.33","Support response is slow and issue resolution takes too long","-0.9","Service Issue","Yes"
"CUST-02536","customer02536@example.com","Male","46","9","Premium","Annual","AutoPay","866","7794","63","4","30","13","60","370.26","Excellent issue resolution and friendly support team","0","Service Issue","No"
"CUST-02537","customer02537@example.com","Female","37","36","Premium","Quarterly","UPI","894","32184","59","5","22","49","58","399.72","Excellent issue resolution and friendly support team","0","Service Issue","No"
"CUST-02538","customer02538@example.com","Male","48","60","Standard","Annual","AutoPay","559","33540","49","5","13","17","69","267.17","Frustrated with repeated support delays","-1","Service Issue","No"
"CUST-02539","customer02539@example.com","Male","45","14","Standard","Annual","UPI","550","7700","57","5","23","66","45","285.47","Frustrated with repeated support delays","-1","Service Issue","Yes"
"CUST-02540","customer02540@example.com","Male","40","46","Basic","Quarterly","Card","448","20608","54","6","8","39","61","247.76","Customer service quality dropped after onboarding","-0.5","Service Issue","Yes"
"CUST-02541","customer02541@example.com","Female","32","15","Enterprise","Monthly","NetBanking","1352","20280","40","2","9","9","50","507.13","Satisfied with pricing and product value","0.5","Pricing Issue","Yes"
"CUST-02542","customer02542@example.com","Male","48","4","Basic","Annual","Card","322",,"31","2",,"5","42","141.85","Happy with the service quality and quick response","0.75","Service Issue","No"
"CUST-02543","customer02543@example.com","Female","24","22","Enterprise","Annual","AutoPay","1299","28578","52","0","14","21","56","450.42","Billing feels expensive for the value received","-0.857","Pricing Issue","No"
"CUST-02544","customer02544@example.com","Male","29","18","Standard","Monthly","UPI","500","9000","36","0","24","40","41","181.56","Frustrated with repeated support delays","-1","Service Issue","Yes"
"CUST-02545","customer02545@example.com","Male","55","35","Standard","Annual","AutoPay","791","27685","8","5","10","86","20","390.60","Customer service quality dropped after onboarding","-0.5","Service Issue","No"
"CUST-02546","customer02546@example.com","Female","46","71","Standard","Annual","Card","821","58291","100","6","5","23","99","349.05",,"0","Network Issue","Yes"
"CUST-02547","customer02547@example.com","Male","52","63","Standard","Annual","Card","750","47250","77","5","6","74","71","331.22","Excellent issue resolution and friendly support team","0","Service Issue","Yes"
"CUST-02548","customer02548@example.com","male","27","49","Standard","Annual","Card","776","38024","32","7","11","13","56","389.71","Smooth onboarding and very helpful account manager","0.857","Service Issue","No"
"CUST-02549","customer02549@example.com","Female","64","46","Premium","Monthly","Card","898","41308","42","2","16","75","45","356.80","Signal issues keep affecting daily usage","-0.5","Network Issue","No"
"CUST-02550","customer02550@example.com","Male","29","47","platinum","Annual","AutoPay","1353","63591","84","7","19","72","70","590.35","Satisfied with pricing and product value","0.5","Pricing Issue","Yes"
"CUST-02551","customer02551@example.com","Male","43","22","Basic","Annual","AutoPay","489","10758","71","1","3","8","70","158.15","Excellent issue resolution and friendly support team","0","Service Issue","Yes"
"CUST-02552","customer02552@example.com","Male","42","68","Basic","Monthly","Card","470","31960",,"3","0","4","94","169.92","Support response is slow and issue resolution takes too long","-0.9","Service Issue","No"
"CUST-02553","customer02553@example.com","Male",,"41","Basic","Monthly","Card",,"19106","42","4","18","19","58","225.84","Excellent issue resolution and friendly support team","0","Service Issue","No"
"CUST-02554","customer02554@example.com","Female","59","36","Basic","Annual","NetBanking","317","11412","91","3","9","60","73","135.49","The plan cost feels high compared with competitors","0","Pricing Issue","Yes"
"CUST-02555","customer02555@example.com","Female","41","67","Basic","Annual","Card","428","28676","46","6","19","14","70","240.83","Excellent issue resolution and friendly support team","0","Service Issue","Yes"
"CUST-02556","customer02556@example.com","Female","27","16","Standard","Quarterly","UPI","683","10928","47","5","3","84","35","331.31","Smooth onboarding and very helpful account manager","0.857","Service Issue","Yes"
"CUST-02557","customer02557@example.com","Female","35","45","Standard","Annual","AutoPay","593","26685","95","1","1","47","81","187.71","Support response is slow and issue resolution takes too long","-0.9","Service Issue","No"
"CUST-02558","customer02558@example.com","Female","69","16","Basic","Annual","UPI","471","7536","87","2","6","26","72","168.72","Great support and reliable network experience","0","Network Issue","No"
"CUST-02559","customer02559@example.com","Male","41","6","Premium","Monthly","UPI","1063","6378","34","3","21","44","35","440.71","Smooth onboarding and very helpful account manager","0.857","Service Issue","Yes"
"CUST-02560","customer02560@example.com","Female","25","52","Basic","Quarterly","AutoPay","412","21424","43","2","10","36","58","167.60","Excellent issue resolution and friendly support team","0","Service Issue","Yes"
"CUST-02561","customer02561@example.com","male","32","57","Standard","Quarterly","NetBanking","710","40470","83","5","5","66","74","312.43","Customer service quality dropped after onboarding","-0.5","Service Issue","Yes"
"CUST-02562","customer02562@example.com","Female","50","48","Basic","Quarterly","NetBanking","537","25776","36","2","10","51","49","220.42","Customer service quality dropped after onboarding","-0.5","Service Issue","No"
"CUST-02563","customer02563@example.com","Female","44","45","Basic","Monthly","Card","425","19125","84","3","12","83","66","183.42","Price increase without enough added features","0","Pricing Issue","Yes"
"CUST-02564","customer02564@example.com","Female","51","68","Basic","Quarterly","AutoPay","282","19176","77","1","11","56","77","88.27","The plan cost feels high compared with competitors","0","Pricing Issue","No"
"CUST-02565","customer02565@example.com","Female","59","48","Premium","Annual","AutoPay","1025","49200","60","4","16","79","55","430.12",,"-1","Service Issue","Yes"
"CUST-02566","customer02566@example.com","Female","47","24","Basic","Monthly","UPI","401","9624","30","5","21","85","29","246.99","Smooth onboarding and very helpful account manager","0.857","Service Issue","Yes"
"CUST-02567","customer02567@example.com","Female","60","11","platinum","Monthly","Card","1322","14542","78","3","21","67","55","516.57","Billing feels expensive for the value received","-0.857","Pricing Issue","Yes"
"CUST-02568","customer02568@example.com","Female","33","10","Premium","Quarterly","UPI","1108","11080","81","7","5","54","60","498.29","Support response is slow and issue resolution takes too long","-0.9","Service Issue","Yes"
"CUST-02569","customer02569@example.com","Male","25","43","Standard","Monthly","AutoPay","676","29068","62","5","12","57","60","314.90","Frequent network outages and unstable connectivity","-0.5","Network Issue","Yes"
"CUST-02570","customer02570@example.com","Male","23","62","Enterprise","Quarterly","NetBanking","1237","76694","42","4","30","15","66","505.26","Too many disconnects and latency problems","0","Network Issue","Yes"
"CUST-02571","customer02571@example.com","Female","66","56","Standard","Monthly","UPI","765","42840","31","0","3","89","39","272.83","Monthly charges are too high and pricing is confusing","0","Pricing Issue","Yes"
"CUST-02572","customer02572@example.com","Male","44","6","Standard","Monthly","Card","610","3660","64","6","26","52","49","321.30","Great support and reliable network experience","0","Network Issue","Yes"
"CUST-02573","customer02573@example.com","Female","23","25","Premium","Quarterly","AutoPay","922","23050","48","0",,"78","41","325.44","Excellent issue resolution and friendly support team","0","Service Issue","No"
"CUST-02574","customer02574@example.com","female","59","37","Basic","Annual","UPI","300","11100","51","0","8","68","49","96.56","Happy with the service quality and quick response","0.75","Service Issue","No"
"CUST-02575","customer02575@example.com","Male","60","57","Basic","Monthly","AutoPay","271","15447","85","0","29","18","87","65.07","Satisfied with pricing and product value","0.5","Pricing Issue","No"
"CUST-02576","customer02576@example.com","Female","51","67","Basic","Monthly","Card",,"34505","68","5","24","61","71","257.18","Frequent network outages and unstable connectivity","-0.5","Network Issue","No"
"CUST-02577","customer02577@example.com","Male","35","61","Premium","Quarterly","AutoPay","1041","63501","28","1","9","4","61","373.69","Internet speed dropped and network quality is poor","-1","Network Issue","Yes"
"CUST-02578","customer02578@example.com","Female","47","14","Standard","Annual","NetBanking","587","8218","43","3","30","14","50","261.16","Satisfied with pricing and product value","0.5","Pricing Issue","No"
"CUST-02579","customer02579@example.com","Female","47","50","Enterprise","Monthly","Card","1352","67600","71","4","8","33","73","526.54","Great support and reliable network experience","0","Network Issue","No"
"CUST-02580","customer02580@example.com","Male","65","1","Standard","Monthly","NetBanking","666","666","86","3","0","57","58","264.26","Customer service quality dropped after onboarding","-0.5","Service Issue","Yes"
"CUST-02581","customer02581@example.com","Female","59","25","Premium","Quarterly","UPI","914","22850",,"6","7","73","53","419.41","The plan cost feels high compared with competitors","0","Pricing Issue","Yes"
"CUST-02582","customer02582@example.com","Male","24","53","Standard","Monthly","NetBanking","763","40439","73","3","21","10","81","296.59","Customer service quality dropped after onboarding","-0.5","Service Issue","Yes"
"CUST-02583","customer02583@example.com","Female","54","55","Basic","Annual","NetBanking","426",,"21","3","10","20","51","197.26","Too many disconnects and latency problems","0","Network Issue","No"
"CUST-02584","customer02584@example.com","Female","41","42","gold","Monthly","Card","1119","46998","56","5","22","50","58","481.38",,"0.857","Service Issue","No"
"CUST-02585","customer02585@example.com","Female","25","58","Enterprise","Quarterly","UPI","1260","73080","100","3","17","8","98","458.43","Great support and reliable network experience","0","Network Issue","No"
"CUST-02586","customer02586@example.com","Female","51","23","Premium","Annual","AutoPay","947","21781","35","5","28","34","44","432.84","Smooth onboarding and very helpful account manager","0.857","Service Issue","No"
"CUST-02587","customer02587@example.com","male","39","28","Standard","Annual","NetBanking","713","19964","68","6","7","7","70","331.17","The plan cost feels high compared with competitors","0","Pricing Issue","No"
"CUST-02588","customer02588@example.com","Male","34","56","Premium","Annual","NetBanking","1114","62384","23","7","21","26","51","523.25","Agents are not proactive and service follow-up is poor","-0.333","Service Issue","Yes"
"CUST-02589","customer02589@example.com","Male","54","56","Standard","Annual","NetBanking","814","45584","37","3","3","41","55","329.95","Frequent network outages and unstable connectivity","-0.5","Network Issue","No"
"CUST-02590","customer02590@example.com","Male",,"72","Premium","Monthly","Card","923","66456","73","0","6","62","75","301.00","The plan cost feels high compared with competitors","0","Pricing Issue","No"
"CUST-02591","customer02591@example.com","Male","41","48","Premium","Quarterly","AutoPay","1120","53760","88","5","20","52","77","464.04","Smooth onboarding and very helpful account manager","0.857","Service Issue","No"
"CUST-02592","customer02592@example.com","Male","58","65","Standard","Annual","NetBanking","824","53560","84","5","20","22","88","349.22","Customer service quality dropped after onboarding","-0.5","Service Issue","Yes"
"CUST-02593","customer02593@example.com","Female","52","12","Basic","Annual","Card","280","3360","83","2","12","14","71","103.10","Frequent network outages and unstable connectivity","-0.5","Network Issue","No"
"CUST-02594","customer02594@example.com","Male","65","56","Standard","Quarterly","AutoPay","634","35504","85","0","14","23","86","188.88","Smooth onboarding and very helpful account manager","0.857","Service Issue","No"
"CUST-02595","customer02595@example.com","Female","26","50","Standard","Annual","AutoPay","569","28450","30","3","28","27","52","256.72","Internet speed dropped and network quality is poor","-1","Network Issue","No"
"CUST-02596","customer02596@example.com","Female","33","42","Standard","Quarterly","AutoPay","624","26208","13","2","2","7","45","249.36","Monthly charges are too high and pricing is confusing","0","Pricing Issue","No"
"CUST-02597","customer02597@example.com","Female","32","53","Basic","Annual","AutoPay","390","20670","8","1","26","14","44","162.52","Billing feels expensive for the value received","-0.857","Pricing Issue","Yes"
"CUST-02598","customer02598@example.com","Female","66","37","Premium","Annual","Card","924","34188","90","2","28","89","65","353.74","Great support and reliable network experience","0","Network Issue","Yes"
"CUST-02599","customer02599@example.com","Female","43","42","Standard","Quarterly","Card",,"28392","77","4","27","3","81","284.87","The plan cost feels high compared with competitors","0","Pricing Issue","Yes"
"CUST-02600","customer02600@example.com","male","52","15","Basic","Monthly","AutoPay","457","6855","81","3","4","41","65","187.36","Support response is slow and issue resolution takes too long","-0.9","Service Issue","Yes"
"CUST-02601","customer02601@example.com","Female","45","3","gold","Quarterly","UPI","981","2943","61","0","26","23","54","341.94","Happy with the service quality and quick response","0.75","Service Issue","No"
"CUST-02602","customer02602@example.com","Male","45","1","Premium","Annual","NetBanking","952","952","85","5","22","49","60","413.90","Too many disconnects and latency problems","0","Network Issue","Yes"
"CUST-02603","customer02603@example.com","Male","68","30","Premium","Monthly","NetBanking","826","24780","57","3","5","49","55","331.97",,"-1","Network Issue","No"
"CUST-02604","customer02604@example.com","Female","23","24","Enterprise","Quarterly","Card","1389","33336","68","0",,"27","64","473.15","Frequent network outages and unstable connectivity","-0.5","Network Issue","Yes"
"CUST-02605","customer02605@example.com","Male","35","45","Standard","Quarterly","NetBanking","737","33165","41","7","1","19","59","367.83","Satisfied with pricing and product value","0.5","Pricing Issue","No"
"CUST-02606","customer02606@example.com","Male","38","29","Premium","Quarterly","Card","922","26738","47","1","10","57","47","340.38","Excellent issue resolution and friendly support team","0","Service Issue","No"
"CUST-02607","customer02607@example.com","Male","23","41","Basic","Quarterly","UPI","277","11357","54","0","19","2","69","76.27","Monthly charges are too high and pricing is confusing","0","Pricing Issue","No"
"CUST-02608","customer02608@example.com","Male","37","39","Basic","Quarterly","Card","362","14118","97","7","9","11","89","208.39","Satisfied with pricing and product value","0.5","Pricing Issue","Yes"
"CUST-02609","customer02609@example.com","Female","21","53","Basic","Monthly","NetBanking","514","27242","61","4","12","77","58","242.08","Great support and reliable network experience","0","Network Issue","No"
"CUST-02610","customer02610@example.com","Female","62","55","Basic","Annual","UPI","509","27995",,"0","29","69","40","193.85","Frequent network outages and unstable connectivity","-0.5","Network Issue","Yes"
"CUST-02611","customer02611@example.com","Male","70","55","Premium","Quarterly","Card","974","53570","28","3","1","39","50","390.65","Excellent issue resolution and friendly support team","0","Service Issue","Yes"
"CUST-02612","customer02612@example.com","Male","61","43","Premium","Annual","UPI","950","40850","39","5","15","47","50","424.29","Happy with the service quality and quick response","0.75","Service Issue","No"
"CUST-02613","customer02613@example.com","male","28","2","Premium","Quarterly","UPI","1122","2244","100","5","1","64","65","459.47","Happy with the service quality and quick response","0.75","Service Issue","Yes"
"CUST-02614","customer02614@example.com","Female","46","65","Basic","Monthly","NetBanking","479","31135","62","5","24","13","79","236.06","Smooth onboarding and very helpful account manager","0.857","Service Issue","No"
"CUST-02615","customer02615@example.com","Male","50","70","Standard","Quarterly","AutoPay","593","41510","71","5","23","77","69","286.51","Support response is slow and issue resolution takes too long","-0.9","Service Issue","Yes"
"CUST-02616","customer02616@example.com","Male","48","31","Standard","Quarterly","UPI","657","20367","82","7","13","66","64","338.93","Frustrated with repeated support delays","-1","Service Issue","Yes"
"CUST-02617","customer02617@example.com","Male","51","12","Standard","Quarterly","AutoPay","700","8400","64","0","6","44","53","231.70","Frustrated with repeated support delays","-1","Service Issue","Yes"
"CUST-02618","customer02618@example.com","Male","64","60","gold","Annual","Card","869","52140","92","4","14","20","92","340.54","Too many disconnects and latency problems","0","Network Issue","No"
"CUST-02619","customer02619@example.com","Female","57","64","Basic","Monthly","UPI","438","28032","61","5","12","81","61","231.70","Happy with the service quality and quick response","0.75","Service Issue","Yes"
"CUST-02620","customer02620@example.com","Female","57","5","Enterprise","Monthly","Card","1518","7590","74","4","12","60","52","601.58","Happy with the service quality and quick response","0.75","Service Issue","Yes"
"CUST-02621","customer02621@example.com","Male","28","34","Premium","Monthly","UPI","984","33456","26","7","16","56","37","483.36","Great support and reliable network experience","0","Network Issue","Yes"
"CUST-02622","customer02622@example.com","Male","31","16","Standard","Quarterly","UPI",,"11808","23","0","20","46","32","273.34",,"0.75","Service Issue","Yes"
"CUST-02623","customer02623@example.com","Male","28","33","Enterprise","Annual","NetBanking","1462","48246","33","7","18","12","52","642.66","Frustrated with repeated support delays","-1","Service Issue","Yes"
"CUST-02624","customer02624@example.com","Male","27","34","Standard","Annual","UPI","593",,"63","2","27","19","67","231.27","Price increase without enough added features","0","Pricing Issue","No"
"CUST-02625","customer02625@example.com","Female","63","72","Basic","Quarterly","AutoPay","467","33624","10","7","5","67","39","294.99","Happy with the service quality and quick response","0.75","Service Issue","No"
"CUST-02626","customer02626@example.com","female","34","47","Basic","Monthly","AutoPay","329","15463","83","6","16","75","68","203.28","The plan cost feels high compared with competitors","0","Pricing Issue","Yes"
"CUST-02627","customer02627@example.com","Female",,"15","Standard","Quarterly","Card","655","9825","64","1","14","31","58","234.24","Satisfied with pricing and product value","0.5","Pricing Issue","No"
"CUST-02628","customer02628@example.com","Male","41","3","Premium","Annual","UPI","983","2949","84","3","18","7","70","376.92","Too many disconnects and latency problems","0","Network Issue","Yes"
"CUST-02629","customer02629@example.com","Male","60","22","Basic","Annual","NetBanking","350","7700","29","0","27","45","37","133.19","Price increase without enough added features","0","Pricing Issue","No"
"CUST-02630","customer02630@example.com","Male","69","60","Standard","Monthly","UPI","532","31920","68","2","15","70","66","207.77","Smooth onboarding and very helpful account manager","0.857","Service Issue","No"
"CUST-02631","customer02631@example.com","Male","53","68","Standard","Quarterly","AutoPay","781","53108","26","6","14","37","54","380.50","Monthly charges are too high and pricing is confusing","0","Pricing Issue","Yes"
"CUST-02632","customer02632@example.com","Female","70","30","Premium","Annual","Card","1061","31830","88","1","26","85","63","385.26","Too many disconnects and latency problems","0","Network Issue","No"
"CUST-02633","customer02633@example.com","Female","70","53","Basic","Monthly","AutoPay","526","27878","25","2","2","27","51","210.90","Billing feels expensive for the value received","-0.857","Pricing Issue","No"
"CUST-02634","customer02634@example.com","Male","44","52","Premium","Annual","Card","924","48048","31","0","16","74","42","334.34","Support response is slow and issue resolution takes too long","-0.9","Service Issue","No"
"CUST-02635","customer02635@example.com","Female","65","24","starter","Monthly","NetBanking","343","8232","13","3",,"87","19","187.54","Great support and reliable network experience","0","Network Issue","Yes"
"CUST-02636","customer02636@example.com","Male","34","33","Premium","Monthly","UPI","996","32868","79","3","27","37","71","390.85","Smooth onboarding and very helpful account manager","0.857","Service Issue","No"
"CUST-02637","customer02637@example.com","Female","66","30","Basic","Annual","Card","398","11940","27","1","26","3","50","157.40","Great support and reliable network experience","0","Network Issue","No"
"CUST-02638","customer02638@example.com","Female","38","69","Enterprise","Monthly","AutoPay","1337","92253","81","0","10","49","81","445.66","Satisfied with pricing and product value","0.5","Pricing Issue","No"
"CUST-02639","customer02639@example.com","male","57","17","Basic","Annual","NetBanking","540","9180",,"4","26","70","34","275.44","Frustrated with repeated support delays","-1","Service Issue","Yes"
"CUST-02640","customer02640@example.com","Male","21","46","Enterprise","Quarterly","AutoPay","1462","67252","85","3","1","60","73","544.49","Excellent issue resolution and friendly support team","0","Service Issue","No"
"CUST-02641","customer02641@example.com","Female","59","63","Standard","Quarterly","AutoPay","630","39690","36","4","28","73","49","302.38",,"-0.5","Network Issue","Yes"
"CUST-02642","customer02642@example.com","Male","43","68","Basic","Monthly","AutoPay","264","17952","19","1","26","64","43","120.96","Billing feels expensive for the value received","-0.857","Pricing Issue","Yes"
"CUST-02643","customer02643@example.com","Male","25","25","Standard","Quarterly","UPI","607","15175","30","4","20","69","33","298.58","Support response is slow and issue resolution takes too long","-0.9","Service Issue","Yes"
"CUST-02644","customer02644@example.com","Male","37","62","Enterprise","Monthly","AutoPay","1518","94116","63","6","19","43","71","632.59","The plan cost feels high compared with competitors","0","Pricing Issue","Yes"
"CUST-02645","customer02645@example.com","Male","33","3","Premium","Monthly","AutoPay",,"3072","19","4","13","22","31","443.03","Agents are not proactive and service follow-up is poor","-0.333","Service Issue","Yes"
"CUST-02646","customer02646@example.com","Male","69","60","Standard","Quarterly","Card","785","47100","70","1","5","55","71","270.75","Signal issues keep affecting daily usage","-0.5","Network Issue","No"
"CUST-02647","customer02647@example.com","Male","39","7","Premium","Quarterly","AutoPay","927","6489","26","2","25","42","31","379.29","Monthly charges are too high and pricing is confusing","0","Pricing Issue","No"
"CUST-02648","customer02648@example.com","Male","54","44","Standard","Annual","UPI","617","27148","64","2","30","11","73","237.34","Frustrated with repeated support delays","-1","Service Issue","Yes"
"CUST-02649","customer02649@example.com","Female","66","41","Standard","Annual","Card","606","24846","49","3","18","83","46","270.10","Satisfied with pricing and product value","0.5","Pricing Issue","Yes"
"CUST-02650","customer02650@example.com","Male","55","32","Standard","Monthly","UPI","547","17504","73","5","29","21","71","265.65","Frustrated with repeated support delays","-1","Service Issue","Yes"
"CUST-02651","customer02651@example.com","Female","23","10","Premium","Quarterly","UPI","881","8810","45","7","16","36","44","436.30","Customer service quality dropped after onboarding","-0.5","Service Issue","Yes"
"CUST-02652","customer02652@example.com","male","39","8","pro","Quarterly","NetBanking","713","5704","52","6","6","40","46","350.14","The plan cost feels high compared with competitors","0","Pricing Issue","Yes"
"CUST-02653","customer02653@example.com","Female","36","3","Enterprise","Annual","AutoPay","1468","4404","25","2","8","29","33","562.80","Billing feels expensive for the value received","-0.857","Pricing Issue","Yes"
"CUST-02654","customer02654@example.com","Male","62","23","Standard","Annual","NetBanking","500","11500","60","0","25","5","65","160.81","Smooth onboarding and very helpful account manager","0.857","Service Issue","No"
"CUST-02655","customer02655@example.com","Male","60","50","Standard","Monthly","AutoPay","585","29250","25","2","14","79","36","251.76","Billing feels expensive for the value received","-0.857","Pricing Issue","No"
"CUST-02656","customer02656@example.com","Male","47","23","Premium","Quarterly","NetBanking","1029","23667","93","5","21","72","66","438.63","Frustrated with repeated support delays","-1","Service Issue","Yes"
"CUST-02657","customer02657@example.com","Male","28","36","Basic","Quarterly","UPI","422","15192","76","6","6","35","71","227.14","Frustrated with repeated support delays","-1","Service Issue","Yes"
"CUST-02658","customer02658@example.com","Male","37","30","Standard","Annual","UPI","527","15810","24","0","5","11","46","177.71","Excellent issue resolution and friendly support team","0","Service Issue","No"
"CUST-02659","customer02659@example.com","Female","39","28","Basic","Quarterly","AutoPay","511","14308","50","4","17","78","43","253.99","Signal issues keep affecting daily usage","-0.5","Network Issue","Yes"
"CUST-02660","customer02660@example.com","Male","57","25","Enterprise","Annual","NetBanking","1215","30375","78","2","10","62","61","450.28",,"0","Pricing Issue","No"
"CUST-02661","customer02661@example.com","Male","62","14","Basic","Annual","AutoPay","450","6300","28","7","29","80","25","306.63","Agents are not proactive and service follow-up is poor","-0.333","Service Issue","Yes"
"CUST-02662","customer02662@example.com","Female","54","27","Premium","Quarterly","Card","922","24894","56","1","6","66","49","336.20","Smooth onboarding and very helpful account manager","0.857","Service Issue","No"
"CUST-02663","customer02663@example.com","Male","61","70","Basic","Monthly","UPI","384","26880","51","6","6","33","69","219.36","Satisfied with pricing and product value","0.5","Pricing Issue","No"
"CUST-02664","customer02664@example.com","Male",,"51","Premium","Annual","AutoPay","1023","52173","44","0","19","9","65","349.71","Customer service quality dropped after onboarding","-0.5","Service Issue","No"
"CUST-02665","customer02665@example.com","female","48","5","Basic","Annual","Card","534",,"32","4","3","12","41","251.87","Customer service quality dropped after onboarding","-0.5","Service Issue","No"
"CUST-02666","customer02666@example.com","Female","66","37","Basic","Quarterly","UPI","507","18759","57","4",,"32","61","241.34","Too many disconnects and latency problems","0","Network Issue","Yes"
"CUST-02667","customer02667@example.com","Male","26","15","Premium","Quarterly","UPI","939","14085","58","3","16","23","56","374.66","Agents are not proactive and service follow-up is poor","-0.333","Service Issue","Yes"
"CUST-02668","customer02668@example.com","Male","46","53","Standard","Quarterly","NetBanking",,"28408",,"4","29","83","33","281.79","Billing feels expensive for the value received","-0.857","Pricing Issue","Yes"
"CUST-02669","customer02669@example.com","Female","32","72","gold","Quarterly","Card","866","62352","86","1","1","27","91","280.83","Smooth onboarding and very helpful account manager","0.857","Service Issue","No"
"CUST-02670","customer02670@example.com","Female","46","65","Standard","Quarterly","UPI","663","43095","74","4","30","23","83","284.00","Satisfied with pricing and product value","0.5","Pricing Issue","No"
"CUST-02671","customer02671@example.com","Female","59","7","Basic","Annual","NetBanking","330","2310","11","4","0","9","31","186.20","Happy with the service quality and quick response","0.75","Service Issue","Yes"
"CUST-02672","customer02672@example.com","Female","52","59","Enterprise","Quarterly","AutoPay","1366","80594","68","0","10","37","74","461.52","Price increase without enough added features","0","Pricing Issue","No"
"CUST-02673","customer02673@example.com","Female","22","14","Standard","Annual","UPI","567","7938","43","1","28","61","38","228.14","Smooth onboarding and very helpful account manager","0.857","Service Issue","Yes"
"CUST-02674","customer02674@example.com","Male","67","66","Basic","Quarterly","UPI","317","20922","90","1","21","56","84","100.23","Agents are not proactive and service follow-up is poor","-0.333","Service Issue","No"
"CUST-02675","customer02675@example.com","Male","52","38","Standard","Monthly","NetBanking","641","24358","63","1","10","17","69","220.00","Customer service quality dropped after onboarding","-0.5","Service Issue","Yes"
"CUST-02676","customer02676@example.com","Male","50","3","Enterprise","Annual","AutoPay","1426","4278","34","1","25","61","30","542.21","Frequent network outages and unstable connectivity","-0.5","Network Issue","Yes"
"CUST-02677","customer02677@example.com","Female","58","38","Premium","Monthly","NetBanking","1141","43358","100","6","3","68","76","479.89","Billing feels expensive for the value received","-0.857","Pricing Issue","Yes"
"CUST-02678","customer02678@example.com","female","57","61","Standard","Quarterly","UPI","521","31781","71","0","18","64","69","166.34","Agents are not proactive and service follow-up is poor","-0.333","Service Issue","No"
"CUST-02679","customer02679@example.com","Female","37","18","Premium","Monthly","AutoPay","788","14184","74","0","9","60","57","262.79",,"0.75","Service Issue","No"
"CUST-02680","customer02680@example.com","Male","36","58","Standard","Annual","UPI","563","32654","85","1","6","74","74","188.80","Billing feels expensive for the value received","-0.857","Pricing Issue","No"
"CUST-02681","customer02681@example.com","Male","44","67","Basic","Annual","AutoPay","382","25594","18","0","3","0","58","118.11","Happy with the service quality and quick response","0.75","Service Issue","No"
"CUST-02682","customer02682@example.com","Female","45","35","Basic","Annual","UPI","388","13580","77","1","26","79","60","146.14","The plan cost feels high compared with competitors","0","Pricing Issue","Yes"
"CUST-02683","customer02683@example.com","Female","47","51","Enterprise","Annual","NetBanking","1396","71196","66","6","19","24","73","584.59","Price increase without enough added features","0","Pricing Issue","Yes"
"CUST-02684","customer02684@example.com","Male","34","5","Basic","Quarterly","NetBanking","469","2345","24","2","30","66","23","224.28","Price increase without enough added features","0","Pricing Issue","Yes"
"CUST-02685","customer02685@example.com","Female","62","9","Basic","Monthly","AutoPay","466","4194","50","3","20","26","49","212.38","Smooth onboarding and very helpful account manager","0.857","Service Issue","Yes"
"CUST-02686","customer02686@example.com","Female","51","39","starter","Quarterly","Card","321","12519","52","7","18","51","54","230.68","Satisfied with pricing and product value","0.5","Pricing Issue","No"
"CUST-02687","customer02687@example.com","Female","69","67","Enterprise","Monthly","AutoPay","1527","102309","31","7","25","42","55","671.99","Smooth onboarding and very helpful account manager","0.857","Service Issue","Yes"
"CUST-02688","customer02688@example.com","Male","32","19","Standard","Quarterly","Card","724","13756","60","0","0","19","60","231.78","Happy with the service quality and quick response","0.75","Service Issue","No"
"CUST-02689","customer02689@example.com","Female","66","42","Standard","Monthly","Card","741","31122","29","6","28","8","54","370.02","Billing feels expensive for the value received","-0.857","Pricing Issue","Yes"
"CUST-02690","customer02690@example.com","Female","40","42","Premium","Monthly","Card","884","37128","66","1","11","80","56","320.93","Frustrated with repeated support delays","-1","Service Issue","Yes"
"CUST-02691","customer02691@example.com","female","58","31","Basic","Monthly","Card",,"14973","31","3","8","32","45","218.88","Happy with the service quality and quick response","0.75","Service Issue","No"
"CUST-02692","customer02692@example.com","Male","36","51","Standard","Monthly","Card","660","33660","94","6","7","28","88","299.99","The plan cost feels high compared with competitors","0","Pricing Issue","No"
"CUST-02693","customer02693@example.com","Male","69","49","Premium","Quarterly","Card","1082","53018","76","2","4","72","66","398.18","Smooth onboarding and very helpful account manager","0.857","Service Issue","No"
"CUST-02694","customer02694@example.com","Female","45","47","Premium","Monthly","Card","877","41219","62","5","9","8","74","373.13","Frequent network outages and unstable connectivity","-0.5","Network Issue","No"
"CUST-02695","customer02695@example.com","Female","41","1","Premium","Monthly","AutoPay","1009","1009","49","3","9","77","33","415.99","Happy with the service quality and quick response","0.75","Service Issue","Yes"
"CUST-02696","customer02696@example.com","Male","27","13","Premium","Quarterly","NetBanking","929","12077","79","7","19","2","72","429.53","Support response is slow and issue resolution takes too long","-0.9","Service Issue","Yes"
"CUST-02697","customer02697@example.com","Male","32","9","Standard","Monthly","UPI","633","5697",,"2",,"85","27","266.86","Too many disconnects and latency problems","0","Network Issue","Yes"
"CUST-02698","customer02698@example.com","Male","27","67","Basic","Monthly","UPI","394","26398","32","1","21","70","49","160.13",,"0","Pricing Issue","No"
"CUST-02699","customer02699@example.com","Male","34","44","Basic","Monthly","UPI","395","17380","90","6","5","87","68","220.91","Frequent network outages and unstable connectivity","-0.5","Network Issue","Yes"
"CUST-02700","customer02700@example.com","Male","62","68","Standard","Quarterly","Card","523","35564","76","3","6","5","89","196.54","Great support and reliable network experience","0","Network Issue","No"
"CUST-02701","customer02701@example.com","Female",,"49","Enterprise","Quarterly","UPI","1258","61642","46","5","5","73","49","531.33","Price increase without enough added features","0","Pricing Issue","No"
"CUST-02702","customer02702@example.com","Male","32","70","Basic","Monthly","NetBanking","306","21420","20","5","18","74","42","205.22","Great support and reliable network experience","0","Network Issue","No"
"CUST-02703","customer02703@example.com","Male","30","18","starter","Quarterly","UPI","332","5976","78","7","12","80","54","229.08","Satisfied with pricing and product value","0.5","Pricing Issue","Yes"
"CUST-02704","customer02704@example.com","female","32","48","Enterprise","Monthly","UPI","1240","59520","44","5","19","39","56","525.57","Satisfied with pricing and product value","0.5","Pricing Issue","No"
"CUST-02705","customer02705@example.com","Female","33","17","Standard","Monthly","UPI","720","12240","76","4","23","59","58","316.95","Billing feels expensive for the value received","-0.857","Pricing Issue","No"
"CUST-02706","customer02706@example.com","Male","70","31","Standard","Monthly","UPI","582",,"87","6","11","47","72","285.77","Price increase without enough added features","0","Pricing Issue","Yes"
"CUST-02707","customer02707@example.com","Male","55","21","Standard","Quarterly","AutoPay","737","15477","48","4","29","48","47","337.01","Excellent issue resolution and friendly support team","0","Service Issue","Yes"
"CUST-02708","customer02708@example.com","Male","70","55","Basic","Quarterly","AutoPay","399","21945","77","3","10","68","70","171.06","Excellent issue resolution and friendly support team","0","Service Issue","No"
"CUST-02709","customer02709@example.com","Female","49","50","Enterprise","Monthly","UPI","1366","68300","44","7","2","27","60","594.34","Price increase without enough added features","0","Pricing Issue","Yes"
"CUST-02710","customer02710@example.com","Male","52","21","Basic","Annual","UPI","376","7896","32","4","23","18","45","204.55","Price increase without enough added features","0","Pricing Issue","No"
"CUST-02711","customer02711@example.com","Male","26","60","Premium","Monthly","NetBanking","899","53940","90","6","26","12","92","393.02","Smooth onboarding and very helpful account manager","0.857","Service Issue","No"
"CUST-02712","customer02712@example.com","Female","35","49","Basic","Annual","Card","423","20727","49","6","11","24","63","238.77","Signal issues keep affecting daily usage","-0.5","Network Issue","No"
"CUST-02713","customer02713@example.com","Female","33","40","Standard","Monthly","UPI","637","25480","58","7","11","17","67","329.25","Great support and reliable network experience","0","Network Issue","No"
"CUST-02714","customer02714@example.com","Female","50","63","Basic","Monthly","AutoPay",,"21798","72","4","24","61","71","177.06","Too many disconnects and latency problems","0","Network Issue","No"
"CUST-02715","customer02715@example.com","Female","50","52","Premium","Quarterly","Card","1054","54808","69","5","18","50","69","447.48","Frustrated with repeated support delays","-1","Service Issue","Yes"
"CUST-02716","customer02716@example.com","Female","49","69","Standard","Quarterly","Card","720","49680","26","7","12","1","63","366.62","Great support and reliable network experience","0","Network Issue","Yes"
"CUST-02717","customer02717@example.com","female","54","60","Basic","Monthly","AutoPay","374","22440","64","5","28","10","79","199.64",,"-1","Service Issue","Yes"
"CUST-02718","customer02718@example.com","Female","22","55","Standard","Quarterly","NetBanking","718","39490","53","5","13","55","60","332.43","Frequent network outages and unstable connectivity","-0.5","Network Issue","Yes"
"CUST-02719","customer02719@example.com","Male","29","22","Standard","Quarterly","NetBanking","858","18876","44","7","29","61","42","439.51","Happy with the service quality and quick response","0.75","Service Issue","No"
"CUST-02720","customer02720@example.com","Female","60","28","platinum","Annual","Card","1531","42868","79","5","13","24","72","609.53","Signal issues keep affecting daily usage","-0.5","Network Issue","Yes"
"CUST-02721","customer02721@example.com","Male","30","65","Basic","Annual","NetBanking","536","34840","47","1","15","41","63","193.85","Happy with the service quality and quick response","0.75","Service Issue","No"
"CUST-02722","customer02722@example.com","Male","66","50","Standard","Annual","Card","772","38600","79","4","8","77","67","324.30","The plan cost feels high compared with competitors","0","Pricing Issue","Yes"
"CUST-02723","customer02723@example.com","Female","55","6","Premium","Quarterly","UPI","950","5700","91","4","30","44","66","394.48","Agents are not proactive and service follow-up is poor","-0.333","Service Issue","Yes"
"CUST-02724","customer02724@example.com","Male","24","43","Basic","Quarterly","Card","601","25843","79","7","3","31","76","304.21","Customer service quality dropped after onboarding","-0.5","Service Issue","Yes"
"CUST-02725","customer02725@example.com","Female","35","22","Premium","Monthly","AutoPay","885","19470","86","5","30","83","59","398.06","Price increase without enough added features","0","Pricing Issue","Yes"
"CUST-02726","customer02726@example.com","Male","36","50","Basic","Monthly","NetBanking","549","27450",,"7","0","7","79","281.82","Internet speed dropped and network quality is poor","-1","Network Issue","Yes"
"CUST-02727","customer02727@example.com","Female","50","58","Standard","Annual","AutoPay","551","31958","45","2","6","0","70","204.72","Satisfied with pricing and product value","0.5","Pricing Issue","No"
"CUST-02728","customer02728@example.com","Female","27","54","Basic","Annual","AutoPay","452","24408","76","1",,"16","82","151.14","Satisfied with pricing and product value","0.5","Pricing Issue","No"
"CUST-02729","customer02729@example.com","Female","61","27","Standard","Quarterly","AutoPay","769","20763","100","5","20","8","87","324.90","Frustrated with repeated support delays","-1","Service Issue","No"
"CUST-02730","customer02730@example.com","male","34","5","Premium","Annual","AutoPay","1009","5045","100","0","18","59","67","336.40","Price increase without enough added features","0","Pricing Issue","No"
"CUST-02731","customer02731@example.com","Female","43","23","Standard","Quarterly","Card","591","13593","78","6","19","76","57","306.31","Monthly charges are too high and pricing is confusing","0","Pricing Issue","Yes"
"CUST-02732","customer02732@example.com","Male","65","26","Premium","Quarterly","NetBanking","978","25428","44","5","8","46","47","430.84","Excellent issue resolution and friendly support team","0","Service Issue","Yes"
"CUST-02733","customer02733@example.com","Male","47","71","Standard","Monthly","AutoPay","657","46647","58","7","13","40","72","337.49","Monthly charges are too high and pricing is confusing","0","Pricing Issue","No"
"CUST-02734","customer02734@example.com","Female","57","35","Basic","Annual","Card","422","14770","85","6","2","4","83","213.18","Happy with the service quality and quick response","0.75","Service Issue","No"
"CUST-02735","customer02735@example.com","Female","64","3","Basic","Quarterly","AutoPay","420","1260","72","4","23","35","57","207.71","Support response is slow and issue resolution takes too long","-0.9","Service Issue","Yes"
"CUST-02736","customer02736@example.com","Male","35","18","Standard","Monthly","AutoPay","707","12726","10","5","0","60","22","350.68",,"-0.333","Service Issue","No"
"CUST-02737","customer02737@example.com","Female","49","71","pro","Quarterly","Card",,"44801","77","2","23","68","75","240.85","Excellent issue resolution and friendly support team","0","Service Issue","Yes"
"CUST-02738","customer02738@example.com","Female",,"23","Standard","Annual","AutoPay","784","18032","42","5","15","0","56","355.35","Customer service quality dropped after onboarding","-0.5","Service Issue","Yes"
"CUST-02739","customer02739@example.com","Male","45","26","Standard","Annual","Card","677","17602","84","3","16","17","76","263.92","Customer service quality dropped after onboarding","-0.5","Service Issue","No"
"CUST-02740","customer02740@example.com","Male","49","27","Enterprise","Annual","Card","1303","35181","50","7","11","85","41","591.67","Support response is slow and issue resolution takes too long","-0.9","Service Issue","Yes"
"CUST-02741","customer02741@example.com","Female","23","68","Standard","Monthly","NetBanking","776","52768","37","2","15","69","52","309.43","Excellent issue resolution and friendly support team","0","Service Issue","No"
"CUST-02742","customer02742@example.com","Female","32","54","Standard","Annual","Card","760","41040","73","1","20","10","82","258.78","Too many disconnects and latency problems","0","Network Issue","No"
"CUST-02743","customer02743@example.com","female","41","58","Standard","Quarterly","Card","716","41528","90","0","17","60","80","226.07","Smooth onboarding and very helpful account manager","0.857","Service Issue","No"
"CUST-02744","customer02744@example.com","Female","26","18","Standard","Quarterly","UPI","621","11178","97","0","20","22","79","188.10","Internet speed dropped and network quality is poor","-1","Network Issue","No"
"CUST-02745","customer02745@example.com","Male","49","16","Premium","Quarterly","UPI","1118","17888","43","4","8","33","46","462.42","Price increase without enough added features","0","Pricing Issue","No"
"CUST-02746","customer02746@example.com","Female","65","26","Basic","Quarterly","Card","456","11856","90","7","23","42","73","263.21","Signal issues keep affecting daily usage","-0.5","Network Issue","No"
"CUST-02747","customer02747@example.com","Female","57","58","Standard","Annual","NetBanking","687",,"83","2","3","67","74","249.11","Customer service quality dropped after onboarding","-0.5","Service Issue","Yes"
"CUST-02748","customer02748@example.com","Male","47","5","Basic","Annual","NetBanking","483","2415","34","1","18","64","29","199.24","Internet speed dropped and network quality is poor","-1","Network Issue","Yes"
"CUST-02749","customer02749@example.com","Female","53","10","Standard","Quarterly","AutoPay","612","6120","82","6","15","51","61","306.01","Frustrated with repeated support delays","-1","Service Issue","Yes"
"CUST-02750","customer02750@example.com","Female","55","39","Basic","Annual","NetBanking","357","13923","54","4","26","47","57","192.08","Internet speed dropped and network quality is poor","-1","Network Issue","Yes"
"CUST-02751","customer02751@example.com","Female","47","37","Premium","Monthly","AutoPay","987","36519","87","2","15","49","74","361.17","Monthly charges are too high and pricing is confusing","0","Pricing Issue","No"
"CUST-02752","customer02752@example.com","Male","56","45","Standard","Annual","NetBanking","851","38295","81","6","1","63","70","381.43","Great support and reliable network experience","0","Network Issue","No"
"CUST-02753","customer02753@example.com","Male","22","5","Premium","Monthly","AutoPay","903","4515","95","3","14","48","67","349.90","Price increase without enough added features","0","Pricing Issue","No"
"CUST-02754","customer02754@example.com","Female","35","63","gold","Quarterly","AutoPay","814","51282","31","0","8","1","64","270.84","Satisfied with pricing and product value","0.5","Pricing Issue","No"
"CUST-02755","customer02755@example.com","Female","66","51","Standard","Annual","UPI","732","37332",,"7","24","72","52","385.82",,"0","Pricing Issue","Yes"
"CUST-02756","customer02756@example.com","female","30","15","Basic","Monthly","UPI","329","4935","58","1","27","40","52","129.19","Price increase without enough added features","0","Pricing Issue","Yes"
"CUST-02757","customer02757@example.com","Male","38","32","Premium","Monthly","NetBanking","1093","34976","46","6","24","61","46","500.56","Satisfied with pricing and product value","0.5","Pricing Issue","Yes"
"CUST-02758","customer02758@example.com","Male","31","31","Standard","Monthly","Card","566","17546","40","2","0","51","45","226.42","Signal issues keep affecting daily usage","-0.5","Network Issue","No"
"CUST-02759","customer02759@example.com","Female","36","42","Standard","Annual","NetBanking","623","26166","58","1",,"27","65","214.40","Signal issues keep affecting daily usage","-0.5","Network Issue","No"
"CUST-02760","customer02760@example.com","Female","70","26","Basic","Annual","AutoPay",,"6968","21","2","6","54","32","133.56","Excellent issue resolution and friendly support team","0","Service Issue","No"
"CUST-02761","customer02761@example.com","Male","36","13","Basic","Monthly","Card","329","4277","44","7","29","73","36","253.57","Agents are not proactive and service follow-up is poor","-0.333","Service Issue","Yes"
"CUST-02762","customer02762@example.com","Female","46","50","Premium","Annual","NetBanking","864","43200","36","5","14","11","60","384.38","Great support and reliable network experience","0","Network Issue","No"
"CUST-02763","customer02763@example.com","Female","40","52","Basic","Annual","AutoPay","335","17420","52","3","1","74","53","157.55","Billing feels expensive for the value received","-0.857","Pricing Issue","Yes"
"CUST-02764","customer02764@example.com","Male","35","25","Basic","Quarterly","Card","281","7025","92","2","24","14","81","103.22","Price increase without enough added features","0","Pricing Issue","No"
"CUST-02765","customer02765@example.com","Male","21","44","Basic","Quarterly","Card","529","23276","33","4","23","1","58","250.91","The plan cost feels high compared with competitors","0","Pricing Issue","Yes"
"CUST-02766","customer02766@example.com","Female","68","42","Standard","Annual","UPI","683","28686","63","1","1","21","69","230.41","Agents are not proactive and service follow-up is poor","-0.333","Service Issue","No"
"CUST-02767","customer02767@example.com","Male","43","54","Premium","Monthly","Card","1039","56106","13","2","28","52","38","421.70","Internet speed dropped and network quality is poor","-1","Network Issue","Yes"
"CUST-02768","customer02768@example.com","Male","45","21","Enterprise","Annual","UPI","1376","28896","73","4","24","57","58","553.96","Smooth onboarding and very helpful account manager","0.857","Service Issue","Yes"
"CUST-02769","customer02769@example.com","female","66","42","Enterprise","Quarterly","UPI","1292","54264","36","5","11","5","58","536.81","Frustrated with repeated support delays","-1","Service Issue","Yes"
"CUST-02770","customer02770@example.com","Male","56","22","Basic","Monthly","NetBanking","498","10956","37","2","3","72","35","211.75","Customer service quality dropped after onboarding","-0.5","Service Issue","No"
"CUST-02771","customer02771@example.com","Male","21","64","starter","Quarterly","NetBanking","291","18624","75","3","27","38","79","133.71","Customer service quality dropped after onboarding","-0.5","Service Issue","Yes"
"CUST-02772","customer02772@example.com","Male","32","61","Premium","Monthly","UPI","911","55571","30","7","23","88","41","461.75","Agents are not proactive and service follow-up is poor","-0.333","Service Issue","Yes"
"CUST-02773","customer02773@example.com","Male","25","33","Standard","Monthly","NetBanking","672","22176","8","2","28","88","19","304.50","Agents are not proactive and service follow-up is poor","-0.333","Service Issue","Yes"
"CUST-02774","customer02774@example.com","Female","52","62","Standard","Monthly","NetBanking","704","43648","88","6","19","22","90","322.01",,"0.857","Service Issue","No"
"CUST-02775","customer02775@example.com","Female",,"67","Standard","Monthly","UPI","719","48173","96","1","19","81","81","246.67","Frustrated with repeated support delays","-1","Service Issue","No"
"CUST-02776","customer02776@example.com","Female","36","17","Basic","Annual","AutoPay","395","6715","26","3","23","51","32","205.03","Excellent issue resolution and friendly support team","0","Service Issue","Yes"
"CUST-02777","customer02777@example.com","Male","51","32","Standard","Annual","UPI","762","24384","80","1","22","3","79","259.38","Too many disconnects and latency problems","0","Network Issue","Yes"
"CUST-02778","customer02778@example.com","Male","22","43","Basic","Quarterly","AutoPay","487","20941","36","5","22","64","44","267.04","Billing feels expensive for the value received","-0.857","Pricing Issue","Yes"
"CUST-02779","customer02779@example.com","Female","65","47","Basic","Monthly","AutoPay","539","25333","76","7","2","40","73","284.28","The plan cost feels high compared with competitors","0","Pricing Issue","Yes"
"CUST-02780","customer02780@example.com","Male","42","31","Basic","Monthly","AutoPay","433","13423","58","7","10","10","65","255.20","Internet speed dropped and network quality is poor","-1","Network Issue","Yes"
"CUST-02781","customer02781@example.com","Male","54","40","Premium","Monthly","UPI","980","39200","28","2","3","44","43","379.81","The plan cost feels high compared with competitors","0","Pricing Issue","No"
"CUST-02782","customer02782@example.com","female","52","39","Basic","Quarterly","Card","498","19422","29","4","8","18","50","238.48","Support response is slow and issue resolution takes too long","-0.9","Service Issue","No"
"CUST-02783","customer02783@example.com","Female","50","15","Basic","Annual","UPI",,"6015","36","5","0","15","46","217.26","Satisfied with pricing and product value","0.5","Pricing Issue","No"
"CUST-02784","customer02784@example.com","Male","30","72","Basic","Annual","UPI","510","36720",,"3","13","21","93","193.33","Billing feels expensive for the value received","-0.857","Pricing Issue","No"
"CUST-02785","customer02785@example.com","Male","40","7","Standard","Annual","AutoPay","606","4242","45","5","3","61","37","300.69","Customer service quality dropped after onboarding","-0.5","Service Issue","No"
"CUST-02786","customer02786@example.com","Male","67","32","Basic","Quarterly","NetBanking","544","17408","100","5","30","55","77","259.78","Happy with the service quality and quick response","0.75","Service Issue","Yes"
"CUST-02787","customer02787@example.com","Female","36","41","Premium","Quarterly","NetBanking","934","38294","69","5","20","23","72","400.88","Internet speed dropped and network quality is poor","-1","Network Issue","No"
"CUST-02788","customer02788@example.com","Female","66","66","platinum","Annual","Card","1386",,"44","0","3","87","51","487.61","Agents are not proactive and service follow-up is poor","-0.333","Service Issue","No"
"CUST-02789","customer02789@example.com","Male","53","48","Enterprise","Quarterly","AutoPay","1238","59424","35","3","29","12","58","492.37","Price increase without enough added features","0","Pricing Issue","Yes"
"CUST-02790","customer02790@example.com","Male","54","46","Basic","Quarterly","AutoPay","428","19688","35","7",,"6","59","269.49","Price increase without enough added features","0","Pricing Issue","Yes"
"CUST-02791","customer02791@example.com","Female","38","32","Basic","Quarterly","Card","321","10272","48","0","22","79","43","116.86","Frustrated with repeated support delays","-1","Service Issue","Yes"
"CUST-02792","customer02792@example.com","Male","31","16","Basic","Monthly","UPI","529","8464","38","7","9","53","38","312.23","Customer service quality dropped after onboarding","-0.5","Service Issue","Yes"
"CUST-02793","customer02793@example.com","Male","27","47","Basic","Annual","UPI","419","19693","94","5","5","18","89","192.45",,"0.5","Pricing Issue","No"
"CUST-02794","customer02794@example.com","Male","25","63","Premium","Monthly","UPI","991","62433","55","6","25","3","77","440.39","Happy with the service quality and quick response","0.75","Service Issue","Yes"
"CUST-02795","customer02795@example.com","female","47","51","Basic","Quarterly","UPI","266","13566","38","2","6","2","63","107.36","Support response is slow and issue resolution takes too long","-0.9","Service Issue","No"
"CUST-02796","customer02796@example.com","Male","27","65","Enterprise","Monthly","Card","1515","98475","89","7","15","32","89","631.13","Happy with the service quality and quick response","0.75","Service Issue","Yes"
"CUST-02797","customer02797@example.com","Male","62","61","Enterprise","Quarterly","Card","1310","79910","55","4","3","65","60","522.37","Too many disconnects and latency problems","0","Network Issue","No"
"CUST-02798","customer02798@example.com","Male","54","19","Premium","Quarterly","NetBanking","913","17347","69","4","16","12","67","374.44","Too many disconnects and latency problems","0","Network Issue","No"
"CUST-02799","customer02799@example.com","Male","51","68","Enterprise","Quarterly","AutoPay","1376","93568","64","3","21","48","72","528.19","Frustrated with repeated support delays","-1","Service Issue","Yes"
"CUST-02800","customer02800@example.com","Female","49","30","Basic","Annual","Card","396","11880","17","1","9","11","42","154.25","Support response is slow and issue resolution takes too long","-0.9","Service Issue","No"
"CUST-02801","customer02801@example.com","Female","29","9","Standard","Annual","NetBanking","763","6867","77","3","27","78","51","322.13","Internet speed dropped and network quality is poor","-1","Network Issue","Yes"
"CUST-02802","customer02802@example.com","Male","53","8","Basic","Monthly","AutoPay","488","3904","26","5","1","73","24","269.31","Excellent issue resolution and friendly support team","0","Service Issue","No"
"CUST-02803","customer02803@example.com","Male","30","63","Basic","Quarterly","AutoPay","371","23373","27","0","4","77","43","129.40","Monthly charges are too high and pricing is confusing","0","Pricing Issue","Yes"
"CUST-02804","customer02804@example.com","Male","63","13","Basic","Monthly","UPI","374","4862","35","2","8","49","37","166.96","Support response is slow and issue resolution takes too long","-0.9","Service Issue","No"
"CUST-02805","customer02805@example.com","Male","48","8","starter","Monthly","Card","392","3136","69","1","10","0","66","128.68","Frustrated with repeated support delays","-1","Service Issue","No"
"CUST-02806","customer02806@example.com","Female","29","29","Basic","Annual","NetBanking",,"12412","60","1","20","17","64","151.94","Great support and reliable network experience","0","Network Issue","No"
"CUST-02807","customer02807@example.com","Female","45","27","Basic","Annual","Card","434","11718","10","1","7","53","27","180.95","Billing feels expensive for the value received","-0.857","Pricing Issue","Yes"
"CUST-02808","customer02808@example.com","female","45","37","Standard","Annual","UPI","658","24346","48","4","20","20","59","294.02","Excellent issue resolution and friendly support team","0","Service Issue","No"
"CUST-02809","customer02809@example.com","Female","66","59","Basic","Annual","AutoPay","483","28497","78","5","22","78","69","245.08","Smooth onboarding and very helpful account manager","0.857","Service Issue","Yes"
"CUST-02810","customer02810@example.com","Male","45","54","Premium","Annual","AutoPay","897","48438","86","3","16","23","85","338.52","Price increase without enough added features","0","Pricing Issue","No"
"CUST-02811","customer02811@example.com","Female","30","19","Premium","Quarterly","Card","1117","21223","25","6","25","18","41","512.27","Customer service quality dropped after onboarding","-0.5","Service Issue","Yes"
"CUST-02812","customer02812@example.com","Female",,"20","Basic","Annual","NetBanking","409","8180","58","4","3","12","61","191.17",,"0.75","Service Issue","No"
"CUST-02813","customer02813@example.com","Female","61","50","Enterprise","Monthly","UPI","1269","63450",,"5","28","71","52","545.78","Great support and reliable network experience","0","Network Issue","Yes"
"CUST-02814","customer02814@example.com","Female","26","4","Premium","Monthly","UPI","1070","4280","35","2","13","2","45","410.61","Customer service quality dropped after onboarding","-0.5","Service Issue","No"
"CUST-02815","customer02815@example.com","Female","26","40","Enterprise","Annual","AutoPay","1451","58040","67","7","20","61","61","633.30","The plan cost feels high compared with competitors","0","Pricing Issue","Yes"
"CUST-02816","customer02816@example.com","Male","28","53","Standard","Annual","AutoPay","775","41075","36","4","10","77","44","347.44","Happy with the service quality and quick response","0.75","Service Issue","No"
"CUST-02817","customer02817@example.com","Male","23","2","Standard","Quarterly","AutoPay","833","1666","22","5","19","36","29","397.61","Price increase without enough added features","0","Pricing Issue","No"
"CUST-02818","customer02818@example.com","Male","27","20","Basic","Annual","NetBanking","409","8180","31","7","26","27","42","274.92","Agents are not proactive and service follow-up is poor","-0.333","Service Issue","Yes"
"CUST-02819","customer02819@example.com","Male","31","30","Standard","Monthly","NetBanking","610","18300","48","4","23","24","56","280.61","Internet speed dropped and network quality is poor","-1","Network Issue","Yes"
"CUST-02820","customer02820@example.com","Male","30","1","Standard","Annual","UPI","803","803","22","4","8","19","33","358.86","Too many disconnects and latency problems","0","Network Issue","No"
"CUST-02821","customer02821@example.com","female","26","70","Basic","Monthly","AutoPay","384","26880","54","1",,"78","60","137.01","Great support and reliable network experience","0","Network Issue","No"
"CUST-02822","customer02822@example.com","Female","39","38","starter","Monthly","AutoPay","377","14326","25","6","12","60","37","245.38","The plan cost feels high compared with competitors","0","Pricing Issue","No"
"CUST-02823","customer02823@example.com","Female","51","43","Basic","Monthly","AutoPay","409","17587","65","7","17","20","71","247.15","Frequent network outages and unstable connectivity","-0.5","Network Issue","Yes"
"CUST-02824","customer02824@example.com","Male","64","41","Standard","Annual","AutoPay","745","30545","46","2","3","75","46","293.47","Billing feels expensive for the value received","-0.857","Pricing Issue","Yes"
"CUST-02825","customer02825@example.com","Female","50","47","Standard","Annual","Card","483","22701","34","0","21","35","51","168.37","Customer service quality dropped after onboarding","-0.5","Service Issue","No"
"CUST-02826","customer02826@example.com","Male","49","41","Basic","Monthly","UPI","338","13858","99","1","4","35","85","93.40","The plan cost feels high compared with competitors","0","Pricing Issue","No"
"CUST-02827","customer02827@example.com","Male","64","18","Standard","Monthly","UPI","662","11916","57","3","17","8","61","271.85","Smooth onboarding and very helpful account manager","0.857","Service Issue","No"
"CUST-02828","customer02828@example.com","Male","33","36","Enterprise","Monthly","AutoPay","1400","50400","76","6","0","64","63","582.88","Internet speed dropped and network quality is poor","-1","Network Issue","Yes"
"CUST-02829","customer02829@example.com","Female","43","59","Basic","Annual","UPI",,,"100","5","18","62","85","169.72","The plan cost feels high compared with competitors","0","Pricing Issue","Yes"
"CUST-02830","customer02830@example.com","Female","35","68","Basic","Quarterly","UPI","327","22236","56","1","7","53","66","112.05","Smooth onboarding and very helpful account manager","0.857","Service Issue","No"
"CUST-02831","customer02831@example.com","Female","57","52","Premium","Quarterly","NetBanking","938","48776","88","0","12","47","80","302.20",,"0","Service Issue","No"
"CUST-02832","customer02832@example.com","Female","70","42","Basic","Monthly","UPI","480","20160","25","1","14","53","40","191.16","Happy with the service quality and quick response","0.75","Service Issue","No"
"CUST-02833","customer02833@example.com","Female","41","10","Premium","Annual","Card","986","9860","54","3","10","72","40","402.94","Customer service quality dropped after onboarding","-0.5","Service Issue","Yes"
"CUST-02834","customer02834@example.com","female","53","55","Premium","Annual","UPI","995","54725","86","0","22","31","84","324.84","Too many disconnects and latency problems","0","Network Issue","No"
"CUST-02835","customer02835@example.com","Female","35","34","Basic","Quarterly","Card","376","12784","84","0","25","71","65","118.03","Billing feels expensive for the value received","-0.857","Pricing Issue","Yes"
"CUST-02836","customer02836@example.com","Male","51","44","Basic","Annual","Card","583","25652","70","5","15","22","73","270.49","Frequent network outages and unstable connectivity","-0.5","Network Issue","Yes"
"CUST-02837","customer02837@example.com","Female","21","68","Basic","Quarterly","UPI","507","34476","24","7","22","6","60","297.82","Too many disconnects and latency problems","0","Network Issue","No"
"CUST-02838","customer02838@example.com","Male","69","32","Basic","Quarterly","NetBanking","437","13984","83","6","22","13","79","233.28","Agents are not proactive and service follow-up is poor","-0.333","Service Issue","Yes"
"CUST-02839","customer02839@example.com","Female","31","14","starter","Quarterly","UPI","305","4270","18","3","21","34","31","171.99","Price increase without enough added features","0","Pricing Issue","No"
"CUST-02840","customer02840@example.com","Female","65","54","Basic","Annual","NetBanking","340","18360","37","6","20","19","60","217.74","Too many disconnects and latency problems","0","Network Issue","No"
"CUST-02841","customer02841@example.com","Female","23","72","Basic","Quarterly","AutoPay","279","20088","88","2","25","18","94","97.55","Internet speed dropped and network quality is poor","-1","Network Issue","No"
"CUST-02842","customer02842@example.com","Female","55","61","Enterprise","Quarterly","Card","1464","89304",,"4","1","47","87","552.39","Monthly charges are too high and pricing is confusing","0","Pricing Issue","No"
"CUST-02843","customer02843@example.com","Male","34","59","Premium","Monthly","UPI","960","56640","85","7","3","17","88","424.21","Agents are not proactive and service follow-up is poor","-0.333","Service Issue","Yes"
"CUST-02844","customer02844@example.com","Female","56","9","Enterprise","Quarterly","Card","1277","11493","91","4","0","69","61","501.16","Internet speed dropped and network quality is poor","-1","Network Issue","Yes"
"CUST-02845","customer02845@example.com","Male","21","41","Enterprise","Monthly","Card","1252","51332","92","3","9","58","75","470.21","Customer service quality dropped after onboarding","-0.5","Service Issue","Yes"
"CUST-02846","customer02846@example.com","Female","25","4","Standard","Quarterly","NetBanking","645","2580","26","2","8","81","20","278.32","Billing feels expensive for the value received","-0.857","Pricing Issue","Yes"
"CUST-02847","customer02847@example.com","male","59","15","Premium","Annual","Card","825","12375","76","0","1","81","52","276.29","Excellent issue resolution and friendly support team","0","Service Issue","No"
"CUST-02848","customer02848@example.com","Male","45","36","Standard","Monthly","NetBanking","696","25056","82","7","16","38","73","347.00","Happy with the service quality and quick response","0.75","Service Issue","Yes"
"CUST-02849","customer02849@example.com","Male",,"43","Basic","Quarterly","NetBanking","507","21801","41","3","17","1","62","217.87","Support response is slow and issue resolution takes too long","-0.9","Service Issue","Yes"
"CUST-02850","customer02850@example.com","Male","69","56","Standard","Annual","UPI","497","27832","76","0","26","90","64","166.74",,"0","Service Issue","No"
"CUST-02851","customer02851@example.com","Male","57","26","Basic","Monthly","Card","313","8138","22","5","24","46","35","211.24","Internet speed dropped and network quality is poor","-1","Network Issue","Yes"
"CUST-02852","customer02852@example.com","Male","61","40","Enterprise","Annual","Card",,"60880","51","7",,"51","54","661.71","Too many disconnects and latency problems","0","Network Issue","No"
"CUST-02853","customer02853@example.com","Female","47","8","Premium","Annual","NetBanking","960","7680","58","0","30","27","53","338.14","Happy with the service quality and quick response","0.75","Service Issue","Yes"
"CUST-02854","customer02854@example.com","Female","63","27","Premium","Monthly","Card","1108","29916","34","3","29","78","34","465.69","Satisfied with pricing and product value","0.5","Pricing Issue","No"
"CUST-02855","customer02855@example.com","Male","24","21","Premium","Quarterly","Card","917","19257","95","4","16","22","79","364.92","Internet speed dropped and network quality is poor","-1","Network Issue","Yes"
"CUST-02856","customer02856@example.com","Male","21","67","pro","Monthly","Card","598","40066","82","3","22","18","89","232.64","Frustrated with repeated support delays","-1","Service Issue","No"
"CUST-02857","customer02857@example.com","Male","22","58","Basic","Monthly","AutoPay","583","33814","79","7","25","60","74","314.09","Excellent issue resolution and friendly support team","0","Service Issue","No"
"CUST-02858","customer02858@example.com","Male","22","72","Premium","Monthly","Card","1083","77976","62","4","25","44","73","442.23","Satisfied with pricing and product value","0.5","Pricing Issue","No"
"CUST-02859","customer02859@example.com","Female","61","4","Premium","Quarterly","UPI","843","3372","88","2","20","49","63","317.52","Frustrated with repeated support delays","-1","Service Issue","Yes"
"CUST-02860","customer02860@example.com","female","21","46","Premium","Annual","Card","1063","48898","81","1","12","8","84","360.42","Customer service quality dropped after onboarding","-0.5","Service Issue","No"
"CUST-02861","customer02861@example.com","Male","57","31","Basic","Quarterly","AutoPay","526","16306","82","1","12","5","80","168.58","Signal issues keep affecting daily usage","-0.5","Network Issue","No"
"CUST-02862","customer02862@example.com","Female","68","58","Basic","Annual","NetBanking","344","19952","35","3","25","79","45","182.61","Happy with the service quality and quick response","0.75","Service Issue","No"
"CUST-02863","customer02863@example.com","Male","31","67","Enterprise","Monthly","NetBanking","1484","99428","77","7","8","19","86","618.64","Agents are not proactive and service follow-up is poor","-0.333","Service Issue","No"
"CUST-02864","customer02864@example.com","Male","45","38","Basic","Quarterly","AutoPay","468","17784","39","4","7","71","42","235.03","Monthly charges are too high and pricing is confusing","0","Pricing Issue","No"
"CUST-02865","customer02865@example.com","Female","47","19","Standard","Quarterly","Card","658","12502","14","3","7","65","23","299.91","Customer service quality dropped after onboarding","-0.5","Service Issue","Yes"
"CUST-02866","customer02866@example.com","Female","47","41","Standard","Quarterly","UPI","811","33251","94","4","14","69","74","333.84","Excellent issue resolution and friendly support team","0","Service Issue","Yes"
"CUST-02867","customer02867@example.com","Female","66","46","Standard","Quarterly","Card","603","27738","92","0","23","24","86","181.21","Agents are not proactive and service follow-up is poor","-0.333","Service Issue","No"
"CUST-02868","customer02868@example.com","Female","32","33","Premium","Annual","Card","968","31944","31","4","7","66","37","418.73","Agents are not proactive and service follow-up is poor","-0.333","Service Issue","Yes"
"CUST-02869","customer02869@example.com","Female","23","63","Premium","Monthly","NetBanking","1133","71379","47","7","2","7","71","501.82",,"0.5","Pricing Issue","No"
"CUST-02870","customer02870@example.com","Female","56","22","Standard","Monthly","Card","479",,"72","0","20","39","63","152.84","Signal issues keep affecting daily usage","-0.5","Network Issue","Yes"
"CUST-02871","customer02871@example.com","Male","54","58","Premium","Annual","NetBanking","870","50460",,"2","11","28","66","326.53","Excellent issue resolution and friendly support team","0","Service Issue","No"
"CUST-02872","customer02872@example.com","Male","70","19","Premium","Quarterly","UPI","992","18848","47","4","10","61","42","422.34","Frustrated with repeated support delays","-1","Service Issue","Yes"
"CUST-02873","customer02873@example.com","female","64","32","pro","Annual","NetBanking","613","19616","20","4","27","33","39","299.69","Billing feels expensive for the value received","-0.857","Pricing Issue","Yes"
"CUST-02874","customer02874@example.com","Female","57","1","Standard","Quarterly","Card","572","572","30","1","19","48","30","230.71","Frustrated with repeated support delays","-1","Service Issue","No"
"CUST-02875","customer02875@example.com","Male","33","5","Premium","Annual","UPI",,"4350","51","4","3","23","49","365.97","Excellent issue resolution and friendly support team","0","Service Issue","No"
"CUST-02876","customer02876@example.com","Female","63","23","Premium","Quarterly","Card","1052","24196","63","1","2","82","47","381.86","Support response is slow and issue resolution takes too long","-0.9","Service Issue","Yes"
"CUST-02877","customer02877@example.com","Male","58","68","Basic","Annual","UPI","539","36652","71","6","13","67","71","277.53","Support response is slow and issue resolution takes too long","-0.9","Service Issue","No"
"CUST-02878","customer02878@example.com","Male","51","17","Standard","Quarterly","UPI","717","12189","93","3","4","18","78","269.08","Excellent issue resolution and friendly support team","0","Service Issue","Yes"
"CUST-02879","customer02879@example.com","Male","60","21","Enterprise","Annual","UPI","1372","28812","83","2","22","81","58","516.18","Great support and reliable network experience","0","Network Issue","Yes"
"CUST-02880","customer02880@example.com","Male","50","4","Standard","Monthly","UPI","838","3352","52","6","5","57","41","399.39","Agents are not proactive and service follow-up is poor","-0.333","Service Issue","Yes"
"CUST-02881","customer02881@example.com","Male","24","71","Basic","Quarterly","UPI","494","35074","90","4","3","21","94","198.75","The plan cost feels high compared with competitors","0","Pricing Issue","No"
"CUST-02882","customer02882@example.com","Male","47","24","Basic","Annual","Card","508","12192","100","3","25","33","80","204.23","Billing feels expensive for the value received","-0.857","Pricing Issue","No"
"CUST-02883","customer02883@example.com","Female","53","64","Basic","Quarterly","AutoPay","393","25152","100","1",,"25","96","105.61","Frequent network outages and unstable connectivity","-0.5","Network Issue","Yes"
"CUST-02884","customer02884@example.com","Female","41","26","Premium","Annual","Card","843","21918","96","3","13","79","67","330.91","Support response is slow and issue resolution takes too long","-0.9","Service Issue","Yes"
"CUST-02885","customer02885@example.com","Male","56","55","Premium","Quarterly","UPI","992","54560","47","4","1","7","68","397.95","Customer service quality dropped after onboarding","-0.5","Service Issue","Yes"
"CUST-02886","customer02886@example.com","female",,"55","Basic","Monthly","AutoPay","601","33055","50","7","19","31","64","325.35","The plan cost feels high compared with competitors","0","Pricing Issue","No"
"CUST-02887","customer02887@example.com","Male","69","53","Standard","Annual","NetBanking","627","33231","14","4","20","5","50","293.38","Satisfied with pricing and product value","0.5","Pricing Issue","No"
"CUST-02888","customer02888@example.com","Male","42","49","Premium","Annual","NetBanking","1023","50127","38","3","30","26","57","417.20",,"-0.333","Service Issue","Yes"
"CUST-02889","customer02889@example.com","Male","61","43","Enterprise","Annual","AutoPay","1535","66005","29","7","3","76","37","676.25","Internet speed dropped and network quality is poor","-1","Network Issue","Yes"
"CUST-02890","customer02890@example.com","Male","36","33","platinum","Monthly","Card","1498","49434","70","6","10","5","74","613.04","Frequent network outages and unstable connectivity","-0.5","Network Issue","Yes"
"CUST-02891","customer02891@example.com","Female","47","27","Basic","Quarterly","AutoPay","526","14202","44","1","19","62","43","205.83","Frustrated with repeated support delays","-1","Service Issue","Yes"
"CUST-02892","customer02892@example.com","Male","37","33","Enterprise","Monthly","NetBanking","1318","43494","57","0","22","82","47","471.82","Smooth onboarding and very helpful account manager","0.857","Service Issue","No"
"CUST-02893","customer02893@example.com","Female","34","61","Enterprise","Monthly","NetBanking","1349","82289","44","4","28","49","58","551.82","Customer service quality dropped after onboarding","-0.5","Service Issue","Yes"
"CUST-02894","customer02894@example.com","Male","64","4","Basic","Quarterly","NetBanking","261","1044","23","2","25","49","27","143.25","Billing feels expensive for the value received","-0.857","Pricing Issue","Yes"
"CUST-02895","customer02895@example.com","Male","53","50","Standard","Quarterly","AutoPay","491","24550","83","1","13","65","72","167.01","Monthly charges are too high and pricing is confusing","0","Pricing Issue","No"
"CUST-02896","customer02896@example.com","Female","45","24","Basic","Quarterly","NetBanking","445","10680","45","3","8","32","50","199.46","Great support and reliable network experience","0","Network Issue","Yes"
"CUST-02897","customer02897@example.com","Male","68","41","Basic","Annual","AutoPay","514","21074","63","0","10","63","58","166.78","Internet speed dropped and network quality is poor","-1","Network Issue","No"
"CUST-02898","customer02898@example.com","Female","68","24","Basic","Annual","Card",,"10752","65","1","25","51","56","168.45","Happy with the service quality and quick response","0.75","Service Issue","No"
"CUST-02899","customer02899@example.com","female","22","62","Standard","Monthly","Card","764","47368","56","3","28","77","58","323.76","Agents are not proactive and service follow-up is poor","-0.333","Service Issue","Yes"
"CUST-02900","customer02900@example.com","Male","52","15","Basic","Quarterly","UPI","449","6735",,"1","29","7","68","159.07","Billing feels expensive for the value received","-0.857","Pricing Issue","No"
"CUST-02901","customer02901@example.com","Female","43","15","Basic","Quarterly","UPI","503","7545","42","7","1","28","46","290.65","Great support and reliable network experience","0","Network Issue","Yes"
"CUST-02902","customer02902@example.com","Female","65","68","Premium","Quarterly","AutoPay","988","67184","11","2","27","75","36","406.79","Smooth onboarding and very helpful account manager","0.857","Service Issue","Yes"
"CUST-02903","customer02903@example.com","Female","56","15","Standard","Quarterly","UPI","666","9990","27","3","17","14","42","290.27","Satisfied with pricing and product value","0.5","Pricing Issue","No"
"CUST-02904","customer02904@example.com","Male","68","60","Basic","Monthly","UPI","508","30480","28","6","17","89","39","296.79","Agents are not proactive and service follow-up is poor","-0.333","Service Issue","Yes"
"CUST-02905","customer02905@example.com","Female","33","11","Standard","Monthly","Card","482","5302","100","0","28","63","68","152.06","Customer service quality dropped after onboarding","-0.5","Service Issue","Yes"
"CUST-02906","customer02906@example.com","Female","61","56","Premium","Monthly","AutoPay","880","49280","48","2","29","42","60","344.75","Internet speed dropped and network quality is poor","-1","Network Issue","Yes"
"CUST-02907","customer02907@example.com","Female","48","52","starter","Annual","AutoPay","365","18980","67","6","14","35","71","212.64",,"0","Pricing Issue","Yes"
"CUST-02908","customer02908@example.com","Female","52","21","Standard","Quarterly","AutoPay","830","17430","76","7","8","65","58","403.02","Billing feels expensive for the value received","-0.857","Pricing Issue","Yes"
"CUST-02909","customer02909@example.com","Female","42","22","Standard","Quarterly","AutoPay","811","17842","17","5","8","52","29","386.38","Great support and reliable network experience","0","Network Issue","Yes"
"CUST-02910","customer02910@example.com","Male","37","31","Enterprise","Quarterly","Card","1463","45353","22","5","5","76","29","621.09","Support response is slow and issue resolution takes too long","-0.9","Service Issue","Yes"
"CUST-02911","customer02911@example.com","Female","63","69","Basic","Quarterly","UPI","478",,"42","3","17","72","54","219.29","Signal issues keep affecting daily usage","-0.5","Network Issue","Yes"
"CUST-02912","customer02912@example.com","male","57","45","Enterprise","Monthly","UPI","1342","60390","59","3","15","11","70","510.41","Happy with the service quality and quick response","0.75","Service Issue","No"
"CUST-02913","customer02913@example.com","Female","57","16","Basic","Quarterly","NetBanking","481","7696","87","7","23","55","65","278.63","Smooth onboarding and very helpful account manager","0.857","Service Issue","Yes"
"CUST-02914","customer02914@example.com","Male","31","69","Basic","Monthly","UPI","558","38502","58","4",,"54","68","252.67","Great support and reliable network experience","0","Network Issue","Yes"
"CUST-02915","customer02915@example.com","Male","38","40","Standard","Annual","AutoPay","690","27600","24","2","11","79","32","290.21","The plan cost feels high compared with competitors","0","Pricing Issue","Yes"
"CUST-02916","customer02916@example.com","Female","54","8","Basic","Quarterly","Card","425","3400","81","7","29","74","54","270.77","Satisfied with pricing and product value","0.5","Pricing Issue","Yes"
"CUST-02917","customer02917@example.com","Female","52","43","Basic","Monthly","NetBanking","493","21199","74","2","30","59","66","199.40","Internet speed dropped and network quality is poor","-1","Network Issue","Yes"
"CUST-02918","customer02918@example.com","Male","45","37","Standard","Quarterly","UPI","588","21756","89","0","10","2","86","166.50","Smooth onboarding and very helpful account manager","0.857","Service Issue","No"
"CUST-02919","customer02919@example.com","Male","41","22","Enterprise","Quarterly","Card","1303","28666","80","3","28","6","75","495.96","Too many disconnects and latency problems","0","Network Issue","No"
"CUST-02920","customer02920@example.com","Female","21","37","Standard","Quarterly","AutoPay","629","23273","44","7","29","19","57","344.29","Support response is slow and issue resolution takes too long","-0.9","Service Issue","Yes"
"CUST-02921","customer02921@example.com","Female","60","27","Basic","Quarterly","AutoPay",,"10530","94","0","10","5","85","95.24","Internet speed dropped and network quality is poor","-1","Network Issue","No"
"CUST-02922","customer02922@example.com","Male","38","60","Basic","Monthly","UPI","361","21660","18","3","22","14","52","179.62","Excellent issue resolution and friendly support team","0","Service Issue","No"
"CUST-02923","customer02923@example.com","Female",,"15","Basic","Annual","UPI","565","8475","80","4","28","2","74","248.58","Billing feels expensive for the value received","-0.857","Pricing Issue","Yes"
"CUST-02924","customer02924@example.com","Female","47","63","pro","Quarterly","Card","579","36477","60","3","16","3","79","230.62","Price increase without enough added features","0","Pricing Issue","No"
"CUST-02925","customer02925@example.com","male","45","69","Basic","Annual","Card","381","26289","68","7","8","72","69","238.42","Agents are not proactive and service follow-up is poor","-0.333","Service Issue","No"
"CUST-02926","customer02926@example.com","Male","35","47","Enterprise","Monthly","UPI","1379","64813","97","3","6","75","76","514.78",,"0","Network Issue","Yes"
"CUST-02927","customer02927@example.com","Male","68","28","Standard","Monthly","Card","737","20636","77","5","12","22","72","323.66","Price increase without enough added features","0","Pricing Issue","No"
"CUST-02928","customer02928@example.com","Female","32","35","Enterprise","Annual","NetBanking","1384","48440","47","5","8","36","54","571.48","Smooth onboarding and very helpful account manager","0.857","Service Issue","Yes"
"CUST-02929","customer02929@example.com","Female","35","20","Premium","Quarterly","AutoPay","863","17260",,"4","29","83","51","378.45","Customer service quality dropped after onboarding","-0.5","Service Issue","Yes"
"CUST-02930","customer02930@example.com","Male","57","11","Basic","Annual","NetBanking","534","5874","100","7","2","74","65","285.12","Support response is slow and issue resolution takes too long","-0.9","Service Issue","Yes"
"CUST-02931","customer02931@example.com","Female","57","6","Premium","Monthly","Card","1025","6150","43","4","6","40","41","431.32","Billing feels expensive for the value received","-0.857","Pricing Issue","Yes"
"CUST-02932","customer02932@example.com","Female","66","16","Basic","Annual","Card","468","7488","30","3","26","25","41","224.90","The plan cost feels high compared with competitors","0","Pricing Issue","Yes"
"CUST-02933","customer02933@example.com","Female","52","34","Standard","Annual","AutoPay","755","25670","22","6","15","54","36","383.89","Agents are not proactive and service follow-up is poor","-0.333","Service Issue","Yes"
"CUST-02934","customer02934@example.com","Male","50","51","Basic","Quarterly","Card","468","23868","64","1","18","2","78","155.68","Excellent issue resolution and friendly support team","0","Service Issue","No"
"CUST-02935","customer02935@example.com","Male","23","63","Standard","Monthly","Card","606","38178","11","0","15","11","50","212.21","Happy with the service quality and quick response","0.75","Service Issue","No"
"CUST-02936","customer02936@example.com","Female","38","20","Basic","Quarterly","NetBanking","420","8400","59","7","13","81","44","270.69","Too many disconnects and latency problems","0","Network Issue","Yes"
"CUST-02937","customer02937@example.com","Female","69","22","Standard","Annual","AutoPay","794","17468","40","5","2","64","39","368.34","Happy with the service quality and quick response","0.75","Service Issue","No"
"CUST-02938","customer02938@example.com","male","36","59","Standard","Monthly","UPI","715","42185","34","7","6","34","56","367.24","Support response is slow and issue resolution takes too long","-0.9","Service Issue","Yes"
"CUST-02939","customer02939@example.com","Female","43","56","Premium","Annual","UPI","952","53312","63","1","10","39","70","334.00","Price increase without enough added features","0","Pricing Issue","No"
"CUST-02940","customer02940@example.com","Male","54","43","Standard","Annual","UPI","761","32723","23","5","0","49","40","356.48","Great support and reliable network experience","0","Network Issue","Yes"
"CUST-02941","customer02941@example.com","Male","62","36","platinum","Monthly","UPI","1457","52452","78","1","6","34","72","508.50","Smooth onboarding and very helpful account manager","0.857","Service Issue","No"
"CUST-02942","customer02942@example.com","Female","56","37","Basic","Monthly","AutoPay","588","21756","79","5","14","66","65","279.06","Great support and reliable network experience","0","Network Issue","No"
"CUST-02943","customer02943@example.com","Female","45","5","Standard","Monthly","NetBanking","674","3370","41","7","12","30","42","361.04","The plan cost feels high compared with competitors","0","Pricing Issue","Yes"
"CUST-02944","customer02944@example.com","Female","51","68","Basic","Quarterly","AutoPay",,"25976","54","0","25","25","72","118.03","Monthly charges are too high and pricing is confusing","0","Pricing Issue","No"
"CUST-02945","customer02945@example.com","Male","55","36","Premium","Monthly","UPI","827","29772","20","2",,"15","45","334.04",,"0.857","Service Issue","No"
"CUST-02946","customer02946@example.com","Female","50","33","Premium","Monthly","Card","844","27852","86","3","18","58","69","332.72","Billing feels expensive for the value received","-0.857","Pricing Issue","No"
"CUST-02947","customer02947@example.com","Male","27","38","Standard","Quarterly","Card","525","19950","80","1","6","69","65","180.02","Smooth onboarding and very helpful account manager","0.857","Service Issue","No"
"CUST-02948","customer02948@example.com","Female","26","14","Basic","Monthly","Card","481","6734","30","3","0","37","37","218.52","The plan cost feels high compared with competitors","0","Pricing Issue","Yes"
"CUST-02949","customer02949@example.com","Male","38","16","Basic","Quarterly","Card","523","8368","44","7","10","19","50","299.46","Agents are not proactive and service follow-up is poor","-0.333","Service Issue","Yes"
"CUST-02950","customer02950@example.com","Female","55","16","Standard","Annual","Card","749","11984","100","1","24","52","73","260.44","Too many disconnects and latency problems","0","Network Issue","No"
"CUST-02951","customer02951@example.com","female","39","61","Enterprise","Annual","AutoPay","1491","90951","42","1","0","56","55","536.22","Happy with the service quality and quick response","0.75","Service Issue","No"
"CUST-02952","customer02952@example.com","Male","48","34","Standard","Annual","Card","805",,"70","5","21","26","69","356.47","Billing feels expensive for the value received","-0.857","Pricing Issue","Yes"
"CUST-02953","customer02953@example.com","Male","62","37","Standard","Monthly","UPI","548","20276","88","3","1","39","77","210.53","Internet speed dropped and network quality is poor","-1","Network Issue","Yes"
"CUST-02954","customer02954@example.com","Male","44","60","Standard","Monthly","UPI","664","39840","49","4","28","19","68","295.70","Too many disconnects and latency problems","0","Network Issue","No"
"CUST-02955","customer02955@example.com","Female","24","45","Premium","Monthly","NetBanking","1014","45630","66","1","3","34","69","351.75","Agents are not proactive and service follow-up is poor","-0.333","Service Issue","No"
"CUST-02956","customer02956@example.com","Male","36","37","Standard","Monthly","UPI","523","19351","81","3","6","90","60","220.02","Excellent issue resolution and friendly support team","0","Service Issue","Yes"
"CUST-02957","customer02957@example.com","Male","39","1","Basic","Annual","UPI","497","497","27","1","24","46","29","207.48","Customer service quality dropped after onboarding","-0.5","Service Issue","No"
"CUST-02958","customer02958@example.com","Male","68","56","starter","Annual","AutoPay","550","30800",,"4","3","6","61","247.01","Smooth onboarding and very helpful account manager","0.857","Service Issue","No"
"CUST-02959","customer02959@example.com","Male","23","31","Premium","Quarterly","Card","888","27528","26","7","14","27","43","441.28","Frustrated with repeated support delays","-1","Service Issue","Yes"
"CUST-02960","customer02960@example.com","Female",,"6","Standard","Annual","UPI","521","3126","65","1","1","52","50","185.01","Too many disconnects and latency problems","0","Network Issue","Yes"
"CUST-02961","customer02961@example.com","Male","55","41","Standard","Annual","AutoPay","851","34891","49","6","5","80","46","404.43","Monthly charges are too high and pricing is confusing","0","Pricing Issue","Yes"
"CUST-02962","customer02962@example.com","Male","70","61","Enterprise","Annual","AutoPay","1304","79544","32","0","28","80","44","477.06","Agents are not proactive and service follow-up is poor","-0.333","Service Issue","Yes"
"CUST-02963","customer02963@example.com","Male","36","4","Premium","Monthly","Card","879","3516","14","4","15","40","24","398.57","Support response is slow and issue resolution takes too long","-0.9","Service Issue","No"
"CUST-02964","customer02964@example.com","male","62","16","Premium","Quarterly","AutoPay","962","15392","96","2","21","15","80","346.59",,"-0.333","Service Issue","Yes"
"CUST-02965","customer02965@example.com","Male","40","15","Basic","Quarterly","UPI","392","5880","23","5","3","61","28","233.21","The plan cost feels high compared with competitors","0","Pricing Issue","Yes"
"CUST-02966","customer02966@example.com","Male","38","34","Premium","Annual","AutoPay","1038","35292","59","5","15","43","59","446.63","Price increase without enough added features","0","Pricing Issue","No"
"CUST-02967","customer02967@example.com","Female","65","30","Standard","Quarterly","UPI",,"18870","23","2","6","30","41","256.04","Smooth onboarding and very helpful account manager","0.857","Service Issue","No"
"CUST-02968","customer02968@example.com","Male","37","28","Premium","Monthly","UPI","1020","28560","48","7","2","49","49","477.02","Agents are not proactive and service follow-up is poor","-0.333","Service Issue","No"
"CUST-02969","customer02969@example.com","Female","65","62","Basic","Monthly","AutoPay","504","31248","40","7","12","43","58","293.20","Internet speed dropped and network quality is poor","-1","Network Issue","No"
"CUST-02970","customer02970@example.com","Male","61","23","Standard","Quarterly","UPI","641","14743","39","6","6","89","32","339.78","The plan cost feels high compared with competitors","0","Pricing Issue","Yes"
"CUST-02971","customer02971@example.com","Female","48","2","Basic","Annual","AutoPay","293","586","18","5","22","22","30","203.50","Frequent network outages and unstable connectivity","-0.5","Network Issue","Yes"
"CUST-02972","customer02972@example.com","Female","42","10","Enterprise","Quarterly","NetBanking","1336","13360","69","2","16","62","51","504.34","Satisfied with pricing and product value","0.5","Pricing Issue","Yes"
"CUST-02973","customer02973@example.com","Male","50","65","Basic","Annual","AutoPay","493","32045","100","3","9","55","89","187.93","The plan cost feels high compared with competitors","0","Pricing Issue","Yes"
"CUST-02974","customer02974@example.com","Female","69","65","Premium","Quarterly","NetBanking","928","60320","59","0","3","75","61","312.53","Billing feels expensive for the value received","-0.857","Pricing Issue","No"
"CUST-02975","customer02975@example.com","Female","42","45","gold","Monthly","Card","997","44865","45","3","9","75","47","405.27","Great support and reliable network experience","0","Network Issue","No"
"CUST-02976","customer02976@example.com","Female","60","1","Premium","Annual","Card","833","833","100","2",,"39","71","297.81","Billing feels expensive for the value received","-0.857","Pricing Issue","Yes"
"CUST-02977","customer02977@example.com","male","34","61","Basic","Quarterly","Card","331","20191","76","0","24","40","78","92.98","Smooth onboarding and very helpful account manager","0.857","Service Issue","No"
"CUST-02978","customer02978@example.com","Male","38","32","Standard","Monthly","UPI","826","26432","22","6","7","34","40","400.61","Monthly charges are too high and pricing is confusing","0","Pricing Issue","Yes"
"CUST-02979","customer02979@example.com","Male","64","54","Basic","Monthly","UPI","476","25704","88","6","3","5","91","228.49","Customer service quality dropped after onboarding","-0.5","Service Issue","Yes"
"CUST-02980","customer02980@example.com","Male","58","10","Premium","Annual","AutoPay","941","9410","100","5","11","0","84","383.01","Internet speed dropped and network quality is poor","-1","Network Issue","No"
"CUST-02981","customer02981@example.com","Female","60","28","Standard","Quarterly","NetBanking","636","17808","54","4","8","36","56","281.96","Billing feels expensive for the value received","-0.857","Pricing Issue","Yes"
"CUST-02982","customer02982@example.com","Male","52","72","Premium","Monthly","NetBanking","1119","80568","40","7","14","24","66","509.34","Frustrated with repeated support delays","-1","Service Issue","No"
"CUST-02983","customer02983@example.com","Male","40","39","Premium","Quarterly","NetBanking","1012","39468","12","5","11","28","38","454.07",,"-1","Network Issue","Yes"
"CUST-02984","customer02984@example.com","Male","21","16","Basic","Monthly","UPI","244","3904","89","1","22","58","65","84.48","Agents are not proactive and service follow-up is poor","-0.333","Service Issue","No"
"CUST-02985","customer02985@example.com","Female","25","66","Standard","Annual","UPI","676","44616","70","7","25","46","75","347.27","Frequent network outages and unstable connectivity","-0.5","Network Issue","Yes"
"CUST-02986","customer02986@example.com","Female","32","46","Premium","Annual","Card","952","43792","91","1","5","54","78","322.65","Smooth onboarding and very helpful account manager","0.857","Service Issue","No"
"CUST-02987","customer02987@example.com","Male","51","39","Basic","Quarterly","NetBanking","323","12597",,"2","15","52","62","132.49","Customer service quality dropped after onboarding","-0.5","Service Issue","Yes"
"CUST-02988","customer02988@example.com","Female","40","37","Enterprise","Quarterly","UPI","1326","49062","62","7","18","80","52","594.80","Too many disconnects and latency problems","0","Network Issue","Yes"
"CUST-02989","customer02989@example.com","Female","66","34","Standard","Monthly","NetBanking","710","24140","69","4","6","59","60","304.44","The plan cost feels high compared with competitors","0","Pricing Issue","Yes"
"CUST-02990","customer02990@example.com","female","33","54","Basic","Annual","UPI",,"24732","73","5","3","16","80","214.15","Happy with the service quality and quick response","0.75","Service Issue","No"
"CUST-02991","customer02991@example.com","Male","37","1","Premium","Monthly","AutoPay","879","879","31","1","29","9","40","336.87","Smooth onboarding and very helpful account manager","0.857","Service Issue","Yes"
"CUST-02992","customer02992@example.com","Male","62","43","starter","Annual","NetBanking","522","22446","74","7","29","15","77","288.73","Signal issues keep affecting daily usage","-0.5","Network Issue","Yes"
"CUST-02993","customer02993@example.com","Male","30","16","Premium","Quarterly","UPI","802",,"24","1","23","85","23","324.89","Smooth onboarding and very helpful account manager","0.857","Service Issue","Yes"
"CUST-02994","customer02994@example.com","Male","37","31","Standard","Annual","NetBanking","654","20274","55","3","16","76","47","283.40","Price increase without enough added features","0","Pricing Issue","No"
"CUST-02995","customer02995@example.com","Male","34","24","Basic","Quarterly","NetBanking","534","12816","84","3","26","65","63","229.82","The plan cost feels high compared with competitors","0","Pricing Issue","Yes"
"CUST-02996","customer02996@example.com","Male","48","30","Basic","Monthly","Card","333","9990","88","6","4","55","70","193.88","Customer service quality dropped after onboarding","-0.5","Service Issue","No"
"CUST-02997","customer02997@example.com","Male",,"55","Premium","Monthly","NetBanking","1114","61270","17","4","30","61","38","485.78","Smooth onboarding and very helpful account manager","0.857","Service Issue","Yes"
"CUST-02998","customer02998@example.com","Female","49","48","Basic","Quarterly","UPI","315","15120","77","6","28","86","63","210.30","Frustrated with repeated support delays","-1","Service Issue","Yes"
"CUST-02999","customer02999@example.com","Male","34","35","Standard","Monthly","Card","659","23065","31","7","26","61","39","370.38","Frustrated with repeated support delays","-1","Service Issue","No"
"CUST-03000","customer03000@example.com","Male","45","51","Basic","Annual","NetBanking","442","22542","68","4","26","27","74","208.72","Agents are not proactive and service follow-up is poor","-0.333","Service Issue","Yes"
