"CustomerID","Count","Country","State","City","Zip Code","Latitude","Longitude","Lat Long","Gender","Senior Citizen","Partner","Dependents","Tenure","Phone Service","Multiple Lines","Internet Service","Online Security","Online Backup","Device Protection","Tech Support","StreamingTV","StreamingMovies","Contract","PaperlessBilling","PaymentMethod","Monthly Charges","Total Charges","Feedback","Sentiment","Issue Category","Churn Label","Churn Value","Churn Score","CLTV"
"CUST-00001","1","United States","California","Los Angeles","90001","25","-124","25, -124","Male","0","Yes","Yes","8","Yes","Yes","DSL","Yes","No","Yes","No","No","Yes","Monthly","Yes","AutoPay","367","2936","Monthly charges are too high and pricing is confusing","0","Pricing Issue","Yes","1","29","4139.6"
"CUST-00002","1","United States","Texas","Houston","90002","25.7","-122.9","25.7, -122.9","Female","1","No","No","51","Yes","Yes","DSL","No","Yes","No","Yes","No","No","Quarterly","Yes","Card","541","27591","Excellent issue resolution and friendly support team","0","Service Issue","Yes","1","32","15106.85"
"CUST-00003","1","United States","Florida","Miami","90003","26.4","-121.8","26.4, -121.8","Male","1","No","No","27","Yes","No","DSL","No","No","No","No","Yes","Yes","Monthly","No","UPI","503","13581","The plan cost feels high compared with competitors","0","Pricing Issue","No","0","35","9371.35"
"CUST-00004","1","United States","New York","New York","90004","27.1","-120.7","27.1, -120.7","Female","0","Yes","No","26","Yes","No","Fiber optic","No","No","No","No","No","No","Monthly","No","UPI","1369","35594","Monthly charges are too high and pricing is confusing","0","Pricing Issue","Yes","1","47","23981.9"
"CUST-00005","1","United States","Illinois","Chicago","90005","27.8","-119.6","27.8, -119.6","Male","0","No","Yes","23","Yes","No","Cable","Yes","Yes","No","No","No","Yes","Annual","Yes","AutoPay","747","17181","Smooth onboarding and very helpful account manager","0.857","Service Issue","No","0","33","12495.35"
"CUST-00006","1","United States","California","Los Angeles","90006","28.5","-118.5","28.5, -118.5","Female","0","No","No","1","Yes","Yes","Cable","No","No","Yes","Yes","Yes","No","Quarterly","Yes","AutoPay","1111","1111","Frequent network outages and unstable connectivity","-0.5","Network Issue","Yes","1","51","9298.85"
"CUST-00007","1","United States","Texas","Houston","90007","29.2","-117.4","29.2, -117.4","Male","0","Yes","No","64","Yes","Yes","Cable","No","No","No","No","No","Yes","Quarterly","No","UPI","537","34368","Great support and reliable network experience","0","Network Issue","No","0","27","17732.8"
"CUST-00008","1","United States","Florida","Miami","90008","29.9","-116.3","29.9, -116.3","Male","0","No","No","28","Yes","No","DSL","No","Yes","No","No","No","No","Quarterly","No","NetBanking","429","12012","Too many disconnects and latency problems","0","Network Issue","No","0","26","8252.2"
"CUST-00009","1","United States","New York","New York","90009","30.6","-115.2","30.6, -115.2","Female","0","No","Yes","49","Yes","No","Cable","Yes","No","No","No","Yes","Yes","Quarterly","Yes","AutoPay","521","25529","Satisfied with pricing and product value","0.5","Pricing Issue","No","0","26","14181.15"
"CUST-00010","1","United States","Illinois","Chicago","90010","31.3","-114.1","31.3, -114.1","Female","0","Yes","No","44","Yes","No","Cable","No","No","No","Yes","No","No","Quarterly","Yes","Card","794","34936","Price increase without enough added features","0","Pricing Issue","Yes","1","37","19547.6"
"CUST-00011","1","United States","California","Los Angeles","90011","32","-113","32, -113","Female","1","No","No","31","Yes","Yes","Cable","No","Yes","Yes","No","No","Yes","Monthly","Yes","AutoPay","1116","34596","Satisfied with pricing and product value","0.5","Pricing Issue","Yes","1","50","21718.6"
"CUST-00012","1","United States","Texas","Houston","90012","32.7","-111.9","32.7, -111.9","Male","0","No","No","59","Yes","Yes","DSL","No","No","No","No","Yes","No","Monthly","Yes","Card","524","30916","Satisfied with pricing and product value","0.5","Pricing Issue","No","0","33","16310.6"
"CUST-00013","1","United States","Florida","Miami","90013","33.4","-110.8","33.4, -110.8","Male","0","Yes","Yes","8","Yes","No","Cable","Yes","No","No","No","No","Yes","Annual","Yes","Card","1001","8008","Frustrated with repeated support delays","-1","Service Issue","Yes","1","46","10986.8"
"CUST-00014","1","United States","New York","New York","90014","34.1","-109.7","34.1, -109.7","Male","1","No","No","50","Yes","No","Cable","No","Yes","No","Yes","No","No","Quarterly","No","UPI","688","34400","Great support and reliable network experience","0","Network Issue","No","0","23","18644"
"CUST-00015","1","United States","Illinois","Chicago","90015","34.8","-108.6","34.8, -108.6","Female","0","No","No","42","Yes","No","Cable","No","No","No","No","Yes","Yes","Quarterly","Yes","AutoPay","982","41244","Monthly charges are too high and pricing is confusing","0","Pricing Issue","Yes","1","44","23215.4"
"CUST-00016","1","United States","California","Los Angeles","90016","35.5","-107.5","35.5, -107.5","Male","0","Yes","No","72","Yes","Yes","DSL","No","No","Yes","No","No","No","Quarterly","Yes","Card","397","28584","Support response is slow and issue resolution takes too long","-0.9","Service Issue","No","0","16","14764.4"
"CUST-00017","1","United States","Texas","Houston","90017","36.2","-106.4","36.2, -106.4","Male","0","No","Yes","15","Yes","Yes","Cable","Yes","Yes","No","No","No","Yes","Annual","Yes","AutoPay","729","10935","Satisfied with pricing and product value","0.5","Pricing Issue","No","0","35","9989.25"
"CUST-00018","1","United States","Florida","Miami","90018","36.9","-105.3","36.9, -105.3","Female","0","No","No","25","Yes","No","DSL","No","No","No","Yes","Yes","No","Quarterly","Yes","AutoPay","514","12850","Frustrated with repeated support delays","-1","Service Issue","Yes","1","34","9159.5"
"CUST-00019","1","United States","New York","New York","90019","37.6","-104.2","37.6, -104.2","Female","0","Yes","No","71","Yes","No","Cable","No","No","No","No","No","Yes","Monthly","Yes","AutoPay","713","50623","Customer reported average experience with no detailed feedback.","0","Network Issue","Yes","1","25","24984.05"
"CUST-00020","1","United States","Illinois","Chicago","90020","38.3","-103.1","38.3, -103.1","Male","0","No","No","3","Yes","No","DSL","No","Yes","No","No","No","No","Monthly","No","NetBanking","478","1434","The plan cost feels high compared with competitors","0","Pricing Issue","Yes","1","30","4391.9"
"CUST-00021","1","United States","California","Los Angeles","90021","39","-102","39, -102","Male","0","No","Yes","26","Yes","Yes","DSL","Yes","No","Yes","No","Yes","Yes","Annual","No","UPI","443","11518","Smooth onboarding and very helpful account manager","0.857","Service Issue","No","0","23","8147.3"
"CUST-00022","1","United States","Texas","Houston","90022","39.7","-100.9","39.7, -100.9","Male","0","Yes","No","66","Yes","Yes","Fiber optic","No","No","No","Yes","No","No","Monthly","Yes","AutoPay","1495","98670","Smooth onboarding and very helpful account manager","0.857","Service Issue","Yes","1","51","47946.5"
"CUST-00023","1","United States","Florida","Miami","90023","40.4","-99.8","40.4, -99.8","Female","0","No","No","33","Yes","No","Cable","No","Yes","No","No","No","Yes","Quarterly","No","UPI","649","19173","Frustrated with repeated support delays","-1","Service Issue","Yes","1","25","12628.55"
"CUST-00024","1","United States","New York","New York","90024","41.1","-98.7","41.1, -98.7","Male","0","No","No","45","Yes","No","Cable","No","No","No","No","Yes","No","Annual","No","NetBanking","539","24255","Excellent issue resolution and friendly support team","0","Service Issue","No","0","16","13791.25"
"CUST-00025","1","United States","Illinois","Chicago","90025","41.8","-97.6","41.8, -97.6","Male","0","Yes","Yes","12","Yes","No","DSL","Yes","No","No","No","No","Yes","Monthly","No","UPI","490","5880","Happy with the service quality and quick response","0.75","Service Issue","No","0","19","6242"
"CUST-00026","1","United States","California","Los Angeles","90026","42.5","-96.5","42.5, -96.5","Male","1","No","No","2","Yes","Yes","Fiber optic","No","Yes","Yes","Yes","No","No","Quarterly","Yes","Card","1331","2662","Internet speed dropped and network quality is poor","-1","Network Issue","Yes","1","42","11623.7"
"CUST-00027","1","United States","Texas","Houston","90027","43.2","-95.4","43.2, -95.4","Female","0","No","No","66","Yes","Yes","DSL","No","No","No","No","Yes","Yes","Quarterly","Yes","AutoPay","486","32076","Excellent issue resolution and friendly support team","0","Service Issue","No","0","20","16566.6"
"CUST-00028","1","United States","Florida","Miami","90028","43.9","-94.3","43.9, -94.3","Female","0","Yes","No","4","Yes","No","Cable","No","No","No","No","No","No","Monthly","No","UPI","540","2160","Too many disconnects and latency problems","0","Network Issue","Yes","1","26","5164"
"CUST-00029","1","United States","New York","New York","90029","44.6","-93.2","44.6, -93.2","Male","0","No","Yes","50","Yes","No","Cable","Yes","Yes","No","No","No","Yes","Monthly","Yes","Card","817","40850","Frustrated with repeated support delays","-1","Service Issue","No","0","36","21933.5"
"CUST-00030","1","United States","Illinois","Chicago","90030","45.3","-92.1","45.3, -92.1","Female","1","No","No","72","Yes","No","Cable","No","No","No","Yes","Yes","No","Quarterly","No","NetBanking","513","36936","Satisfied with pricing and product value","0.5","Pricing Issue","No","0","22","18615.6"
"CUST-00031","1","United States","California","Los Angeles","90031","46","-91","46, -91","Male","0","Yes","No","34","Yes","Yes","DSL","No","No","Yes","No","No","Yes","Quarterly","Yes","Card","340","11560","Internet speed dropped and network quality is poor","-1","Network Issue","Yes","1","26","7514"
"CUST-00032","1","United States","Texas","Houston","90032","46.7","-89.9","46.7, -89.9","Female","0","No","No","53","Yes","Yes","Cable","No","Yes","No","No","No","No","Monthly","No","UPI","769","40757","Frustrated with repeated support delays","-1","Service Issue","No","0","35","21582.95"
"CUST-00033","1","United States","Florida","Miami","90033","47.4","-88.8","47.4, -88.8","Male","0","No","Yes","18","Yes","No","Fiber optic","Yes","No","No","No","Yes","Yes","Quarterly","No","NetBanking","1297","23346","Too many disconnects and latency problems","0","Network Issue","Yes","1","50","18943.1"
"CUST-00034","1","United States","New York","New York","90034","48.1","-87.7","48.1, -87.7","Male","0","Yes","No","11","Yes","No","Fiber optic","No","No","No","Yes","No","No","Quarterly","No","NetBanking","1441","15851","Internet speed dropped and network quality is poor","-1","Network Issue","No","0","49","17317.85"
"CUST-00035","1","United States","Illinois","Chicago","90035","48.8","-86.6","48.8, -86.6","Female","0","No","No","23","Yes","No","DSL","No","Yes","No","No","No","Yes","Monthly","No","NetBanking","408","9384","Too many disconnects and latency problems","0","Network Issue","No","0","12","7054.4"
"CUST-00036","1","United States","California","Los Angeles","90036","25.5","-85.5","25.5, -85.5","Male","0","No","No","51","Yes","Yes","Cable","No","No","Yes","No","Yes","No","Monthly","Yes","AutoPay","660","33660","Monthly charges are too high and pricing is confusing","0","Pricing Issue","Yes","1","37","18183"
"CUST-00037","1","United States","Texas","Houston","90037","26.2","-84.4","26.2, -84.4","Male","0","Yes","Yes","3","Yes","Yes","Cable","Yes","No","No","No","No","Yes","Monthly","No","UPI","1087","3261","Frustrated with repeated support delays","-1","Service Issue","Yes","1","45","9903.35"
"CUST-00038","1","United States","Florida","Miami","90038","26.9","-83.3","26.9, -83.3","Female","0","No","No","8","Yes","No","Fiber optic","No","Yes","No","Yes","No","No","Annual","Yes","AutoPay","1436","11488","Customer reported average experience with no detailed feedback.","0","Service Issue","No","0","54","15684.8"
"CUST-00039","1","United States","New York","New York","90039","27.6","-82.2","27.6, -82.2","Male","0","No","No","7","Yes","No","Cable","No","No","No","No","Yes","Yes","Quarterly","Yes","AutoPay","956","6692","Too many disconnects and latency problems","0","Network Issue","No","0","38","10144.2"
"CUST-00040","1","United States","Illinois","Chicago","90040","28.3","-81.1","28.3, -81.1","Male","0","Yes","No","23","Yes","No","Cable","No","No","No","No","No","No","Monthly","No","UPI","841","19343","Happy with the service quality and quick response","0.75","Service Issue","Yes","1","29","14004.05"
"CUST-00041","1","United States","California","Los Angeles","90041","29","-80","29, -80","Female","1","No","Yes","51","Yes","Yes","Cable","Yes","Yes","Yes","No","No","Yes","Annual","No","NetBanking","759","38709","Excellent issue resolution and friendly support team","0","Service Issue","No","0","41","20742.15"
"CUST-00042","1","United States","Texas","Houston","90042","29.7","-78.9","29.7, -78.9","Female","1","No","No","31","Yes","Yes","Cable","No","No","No","Yes","Yes","No","Monthly","No","UPI","859","26629","Support response is slow and issue resolution takes too long","-0.9","Service Issue","Yes","1","39","16874.15"
"CUST-00043","1","United States","Florida","Miami","90043","30.4","-77.8","30.4, -77.8","Male","0","Yes","No","68","Yes","No","DSL","No","No","No","No","No","Yes","Quarterly","Yes","AutoPay","533","36244","Support response is slow and issue resolution takes too long","-0.9","Service Issue","No","0","29","18445.4"
"CUST-00044","1","United States","New York","New York","90044","31.1","-76.7","31.1, -76.7","Female","0","No","No","57","Yes","No","DSL","No","Yes","No","No","No","No","Annual","No","UPI","309","17613","Excellent issue resolution and friendly support team","0","Service Issue","No","0","24","9890.55"
"CUST-00045","1","United States","Illinois","Chicago","90045","31.8","-75.6","31.8, -75.6","Female","1","No","Yes","34","Yes","No","DSL","Yes","No","No","No","Yes","Yes","Monthly","No","UPI","518","17612","Signal issues keep affecting daily usage","-0.5","Network Issue","Yes","1","38","11056.2"
"CUST-00046","1","United States","California","Los Angeles","90046","32.5","-74.5","32.5, -74.5","Female","0","Yes","No","61","Yes","Yes","Cable","No","No","Yes","Yes","No","No","Monthly","Yes","AutoPay","649","50813","Billing feels expensive for the value received","-0.857","Pricing Issue","Yes","1","25","24318.55"
"CUST-00047","1","United States","Texas","Houston","90047","33.2","-73.4","33.2, -73.4","Female","0","No","No","66","Yes","Yes","DSL","No","Yes","No","No","No","Yes","Monthly","Yes","AutoPay","550","36300","Too many disconnects and latency problems","0","Network Issue","No","0","22","18557"
"CUST-00048","1","United States","Florida","Miami","90048","33.9","-72.3","33.9, -72.3","Female","0","No","No","1","Yes","No","DSL","No","No","No","No","Yes","No","Monthly","Yes","AutoPay","511","511","Satisfied with pricing and product value","0.5","Pricing Issue","No","0","21","4288.85"
"CUST-00049","1","United States","New York","New York","90049","34.6","-71.2","34.6, -71.2","Male","1","Yes","Yes","22","Yes","No","Cable","Yes","No","No","No","No","Yes","Quarterly","Yes","Card","600","13200","Great support and reliable network experience","0","Network Issue","Yes","1","41","9904"
"CUST-00050","1","United States","Illinois","Chicago","90050","35.3","-70.1","35.3, -70.1","Female","0","No","No","22","Yes","No","Cable","No","Yes","No","Yes","No","No","Monthly","No","UPI","722","15884","Happy with the service quality and quick response","0.75","Service Issue","No","0","41","11819.4"
"CUST-00051","1","United States","California","Los Angeles","90051","36","-69","36, -69","Female","1","No","No","72","Yes","Yes","Fiber optic","No","No","Yes","No","Yes","Yes","Quarterly","No","NetBanking","1492","107424","The plan cost feels high compared with competitors","0","Pricing Issue","No","0","52","51118.4"
"CUST-00052","1","United States","Texas","Houston","90052","36.7","-67.9","36.7, -67.9","Male","0","Yes","No","65","Yes","Yes","Fiber optic","No","No","No","No","No","No","Quarterly","No","UPI","1293","84045","Frequent network outages and unstable connectivity","-0.5","Network Issue","Yes","1","44","41189.75"
"CUST-00053","1","United States","Florida","Miami","90053","37.4","-123.8","37.4, -123.8","Female","0","No","Yes","18","Yes","No","Cable","Yes","Yes","No","No","No","Yes","Quarterly","No","UPI","714","12852","Customer service quality dropped after onboarding","-0.5","Service Issue","No","0","30","10606.2"
"CUST-00054","1","United States","New York","New York","90054","38.1","-122.7","38.1, -122.7","Male","0","No","No","2","Yes","No","Cable","No","No","No","Yes","Yes","No","Monthly","Yes","Card","1076","2152","Agents are not proactive and service follow-up is poor","-0.333","Service Issue","Yes","1","35","9405.2"
"CUST-00055","1","United States","Illinois","Chicago","90055","38.8","-121.6","38.8, -121.6","Male","0","Yes","No","25","Yes","No","Cable","No","No","No","No","No","Yes","Quarterly","Yes","Card","768","19200","Great support and reliable network experience","0","Network Issue","Yes","1","34","13414"
"CUST-00056","1","United States","California","Los Angeles","90056","39.5","-120.5","39.5, -120.5","Male","1","No","No","43","Yes","Yes","Fiber optic","No","Yes","Yes","No","No","No","Quarterly","Yes","Card","1306","56158","Smooth onboarding and very helpful account manager","0.857","Service Issue","Yes","1","48","31049.3"
"CUST-00057","1","United States","Texas","Houston","90057","40.2","-119.4","40.2, -119.4","Female","0","No","Yes","25","Yes","Yes","Cable","Yes","No","No","No","Yes","Yes","Annual","No","NetBanking","801","20025","Customer reported average experience with no detailed feedback.","-0.5","Network Issue","Yes","1","40","13966.75"
"CUST-00058","1","United States","Florida","Miami","90058","40.9","-118.3","40.9, -118.3","Male","0","Yes","No","57","Yes","No","DSL","No","No","No","Yes","No","No","Annual","No","NetBanking","472","26904","Excellent issue resolution and friendly support team","0","Service Issue","No","0","14","14446.4"
"CUST-00059","1","United States","New York","New York","90059","41.6","-117.2","41.6, -117.2","Male","1","No","No","32","Yes","No","Cable","No","Yes","No","No","No","Yes","Annual","No","UPI","777","24864","Monthly charges are too high and pricing is confusing","0","Pricing Issue","Yes","1","29","15622.4"
"CUST-00060","1","United States","Illinois","Chicago","90060","42.3","-116.1","42.3, -116.1","Male","0","No","No","28","Yes","No","DSL","No","No","No","No","Yes","No","Quarterly","No","NetBanking","297","8316","Internet speed dropped and network quality is poor","-1","Network Issue","Yes","1","22","5902.6"
"CUST-00061","1","United States","California","Los Angeles","90061","43","-115","43, -115","Female","0","Yes","Yes","16","Yes","Yes","Fiber optic","Yes","No","Yes","No","No","Yes","Annual","No","NetBanking","1459","23344","Billing feels expensive for the value received","-0.857","Pricing Issue","Yes","1","47","20194.4"
"CUST-00062","1","United States","Texas","Houston","90062","43.7","-113.9","43.7, -113.9","Male","0","No","No","60","Yes","Yes","Cable","No","Yes","No","Yes","No","No","Annual","No","NetBanking","670","40200","Satisfied with pricing and product value","0.5","Pricing Issue","No","0","26","20750"
"CUST-00063","1","United States","Florida","Miami","90063","44.4","-112.8","44.4, -112.8","Female","0","No","No","72","Yes","No","Fiber optic","No","No","No","No","Yes","Yes","Quarterly","Yes","AutoPay","1466","105552","Customer service quality dropped after onboarding","-0.5","Service Issue","Yes","1","51","50255.2"
"CUST-00064","1","United States","New York","New York","90064","45.1","-111.7","45.1, -111.7","Female","1","Yes","No","32","Yes","No","DSL","No","No","No","No","No","No","Quarterly","No","UPI","490","15680","Great support and reliable network experience","0","Network Issue","Yes","1","30","10112"
"CUST-00065","1","United States","Illinois","Chicago","90065","45.8","-110.6","45.8, -110.6","Female","0","No","Yes","22","Yes","No","DSL","Yes","Yes","No","No","No","Yes","Quarterly","Yes","AutoPay","408","8976","Customer service quality dropped after onboarding","-0.5","Service Issue","Yes","1","15","6889.6"
"CUST-00066","1","United States","California","Los Angeles","90066","46.5","-109.5","46.5, -109.5","Female","0","No","No","4","Yes","Yes","DSL","No","No","Yes","Yes","Yes","No","Monthly","No","UPI","329","1316","Smooth onboarding and very helpful account manager","0.857","Service Issue","Yes","1","30","3180.6"
"CUST-00067","1","United States","Texas","Houston","90067","47.2","-108.4","47.2, -108.4","Male","0","Yes","No","5","Yes","Yes","Cable","No","No","No","No","No","Yes","Quarterly","Yes","AutoPay","1085","5425","Support response is slow and issue resolution takes too long","-0.9","Service Issue","Yes","1","42","10688.75"
"CUST-00068","1","United States","Florida","Miami","90068","47.9","-107.3","47.9, -107.3","Female","0","No","No","17","Yes","No","Fiber optic","No","Yes","No","No","No","No","Monthly","Yes","Card","1378","23426","Agents are not proactive and service follow-up is poor","-0.333","Service Issue","Yes","1","57","19597.1"
"CUST-00069","1","United States","New York","New York","90069","48.6","-106.2","48.6, -106.2","Female","0","No","Yes","51","Yes","No","Cable","Yes","No","No","No","Yes","Yes","Annual","No","NetBanking","649","33099","Happy with the service quality and quick response","0.75","Service Issue","Yes","1","31","17898.65"
"CUST-00070","1","United States","Illinois","Chicago","90070","25.3","-105.1","25.3, -105.1","Female","0","Yes","No","30","Yes","No","Cable","No","No","No","Yes","No","No","Annual","Yes","Card","1092","32760","Customer service quality dropped after onboarding","-0.5","Service Issue","Yes","1","43","20862"
"CUST-00071","1","United States","California","Los Angeles","90071","26","-104","26, -104","Female","1","No","No","65","Yes","Yes","Cable","No","Yes","Yes","No","No","Yes","Annual","No","NetBanking","894","58110","Support response is slow and issue resolution takes too long","-0.9","Service Issue","No","0","38","28920.5"
"CUST-00072","1","United States","Texas","Houston","90072","26.7","-102.9","26.7, -102.9","Female","0","No","No","16","Yes","Yes","Cable","No","No","No","No","Yes","No","Quarterly","Yes","AutoPay","1007","16112","The plan cost feels high compared with competitors","0","Pricing Issue","No","0","40","14047.2"
"CUST-00073","1","United States","Florida","Miami","90073","27.4","-101.8","27.4, -101.8","Female","0","Yes","Yes","7","Yes","No","Cable","Yes","No","No","No","No","Yes","Annual","No","NetBanking","766","5362","Internet speed dropped and network quality is poor","-1","Network Issue","Yes","1","31","8158.7"
"CUST-00074","1","United States","New York","New York","90074","28.1","-100.7","28.1, -100.7","Male","0","No","No","53","Yes","No","Cable","No","Yes","No","Yes","No","No","Quarterly","No","NetBanking","963","51039","The plan cost feels high compared with competitors","0","Pricing Issue","Yes","1","39","26733.65"
"CUST-00075","1","United States","Illinois","Chicago","90075","28.8","-99.6","28.8, -99.6","Female","1","No","No","35","Yes","No","Fiber optic","No","No","No","No","Yes","Yes","Monthly","No","UPI","1408","49280","Monthly charges are too high and pricing is confusing","0","Pricing Issue","Yes","1","50","29282"
"CUST-00076","1","United States","California","Los Angeles","90076","29.5","-98.5","29.5, -98.5","Female","0","Yes","No","26","Yes","Yes","Cable","No","No","Yes","No","No","No","Quarterly","No","NetBanking","938","24388","Customer reported average experience with no detailed feedback.","0","Service Issue","Yes","1","35","16611.8"
"CUST-00077","1","United States","Texas","Houston","90077","30.2","-97.4","30.2, -97.4","Male","1","No","Yes","31","Yes","Yes","Cable","Yes","Yes","No","No","No","Yes","Annual","Yes","Card","630","19530","Frequent network outages and unstable connectivity","-0.5","Network Issue","No","0","28","12557.5"
"CUST-00078","1","United States","Florida","Miami","90078","30.9","-96.3","30.9, -96.3","Male","1","No","No","27","Yes","No","Cable","No","No","No","Yes","Yes","No","Annual","Yes","AutoPay","694","18738","Monthly charges are too high and pricing is confusing","0","Pricing Issue","Yes","1","33","12704.3"
"CUST-00079","1","United States","New York","New York","90079","31.6","-95.2","31.6, -95.2","Female","0","Yes","No","48","Yes","No","Fiber optic","No","No","No","No","No","Yes","Monthly","Yes","AutoPay","1537","73776","Customer service quality dropped after onboarding","-0.5","Service Issue","Yes","1","60","39173.6"
"CUST-00080","1","United States","Illinois","Chicago","90080","32.3","-94.1","32.3, -94.1","Female","1","No","No","16","Yes","No","Cable","No","Yes","No","No","No","No","Annual","Yes","AutoPay","539","8624","Support response is slow and issue resolution takes too long","-0.9","Service Issue","Yes","1","29","7682.4"
"CUST-00081","1","United States","California","Los Angeles","90081","33","-93","33, -93","Female","0","No","Yes","71","Yes","Yes","Cable","Yes","No","Yes","No","Yes","Yes","Quarterly","No","UPI","528","37488","Great support and reliable network experience","0","Network Issue","No","0","23","18906.8"
"CUST-00082","1","United States","Texas","Houston","90082","33.7","-91.9","33.7, -91.9","Male","0","Yes","No","51","Yes","Yes","Cable","No","No","No","Yes","No","No","Quarterly","No","UPI","635","32385","The plan cost feels high compared with competitors","0","Pricing Issue","No","0","41","17536.75"
"CUST-00083","1","United States","Florida","Miami","90083","34.4","-90.8","34.4, -90.8","Female","0","No","No","28","Yes","No","DSL","No","Yes","No","No","No","Yes","Annual","No","UPI","372","10416","Excellent issue resolution and friendly support team","0","Service Issue","Yes","1","26","7237.6"
"CUST-00084","1","United States","New York","New York","90084","35.1","-89.7","35.1, -89.7","Female","0","No","No","24","Yes","No","Fiber optic","No","No","No","No","Yes","No","Monthly","Yes","Card","1400","33600","Too many disconnects and latency problems","0","Network Issue","Yes","1","48","23488"
"CUST-00085","1","United States","Illinois","Chicago","90085","35.8","-88.6","35.8, -88.6","Female","0","Yes","Yes","53","Yes","No","Cable","Yes","No","No","No","No","Yes","Monthly","Yes","AutoPay","948","50244","Customer service quality dropped after onboarding","-0.5","Service Issue","Yes","1","46","26335.4"
"CUST-00086","1","United States","California","Los Angeles","90086","36.5","-87.5","36.5, -87.5","Male","0","No","No","43","Yes","Yes","DSL","No","Yes","Yes","Yes","No","No","Monthly","Yes","Card","323","13889","Customer service quality dropped after onboarding","-0.5","Service Issue","Yes","1","19","8391.15"
"CUST-00087","1","United States","Texas","Houston","90087","37.2","-86.4","37.2, -86.4","Male","0","No","No","62","Yes","Yes","DSL","No","No","No","No","Yes","Yes","Annual","No","UPI","477","29574","Frequent network outages and unstable connectivity","-0.5","Network Issue","No","0","12","15530.9"
"CUST-00088","1","United States","Florida","Miami","90088","37.9","-85.3","37.9, -85.3","Male","1","Yes","No","24","Yes","No","DSL","No","No","No","No","No","No","Quarterly","Yes","AutoPay","425","10200","Signal issues keep affecting daily usage","-0.5","Network Issue","Yes","1","29","7498"
"CUST-00089","1","United States","New York","New York","90089","38.6","-84.2","38.6, -84.2","Male","0","No","Yes","64","Yes","No","DSL","Yes","Yes","No","No","No","Yes","Quarterly","No","NetBanking","316","20224","Great support and reliable network experience","0","Network Issue","Yes","1","19","11014.4"
"CUST-00090","1","United States","Illinois","Chicago","90090","39.3","-83.1","39.3, -83.1","Male","0","No","No","7","Yes","No","Fiber optic","No","No","No","Yes","Yes","No","Monthly","No","UPI","1404","9828","Great support and reliable network experience","0","Network Issue","No","0","55","14825.8"
"CUST-00091","1","United States","California","Los Angeles","90091","40","-82","40, -82","Male","1","Yes","No","12","Yes","Yes","DSL","No","No","Yes","No","No","Yes","Monthly","Yes","Card","282","3384","Excellent issue resolution and friendly support team","0","Service Issue","No","0","17","3704.4"
"CUST-00092","1","United States","Texas","Houston","90092","40.7","-80.9","40.7, -80.9","Female","0","No","No","4","Yes","Yes","Fiber optic","No","Yes","No","No","No","No","Annual","Yes","AutoPay","649","5968","Price increase without enough added features","0","Pricing Issue","Yes","1","28","7368.8"
"CUST-00093","1","United States","Florida","Miami","90093","41.4","-79.8","41.4, -79.8","Female","1","No","Yes","13","Yes","No","Fiber optic","Yes","No","No","No","Yes","Yes","Monthly","Yes","Card","1459","18967","Agents are not proactive and service follow-up is poor","-0.333","Service Issue","Yes","1","55","18596.45"
"CUST-00094","1","United States","New York","New York","90094","42.1","-78.7","42.1, -78.7","Female","1","Yes","No","31","Yes","No","Cable","No","No","No","Yes","No","No","Quarterly","No","UPI","1073","33263","Agents are not proactive and service follow-up is poor","-0.333","Service Issue","Yes","1","51","20908.05"
"CUST-00095","1","United States","Illinois","Chicago","90095","42.8","-77.6","42.8, -77.6","Female","0","No","No","29","Yes","No","Cable","No","Yes","No","No","No","Yes","Quarterly","No","NetBanking","1021","29609","Customer reported average experience with no detailed feedback.","0.5","Pricing Issue","Yes","1","49","19169.15"
"CUST-00096","1","United States","California","Los Angeles","90096","43.5","-76.5","43.5, -76.5","Male","0","No","No","1","Yes","Yes","Fiber optic","No","No","Yes","No","Yes","No","Quarterly","No","NetBanking","1475","1475","Happy with the service quality and quick response","0.75","Service Issue","No","0","59","12338.25"
"CUST-00097","1","United States","Texas","Houston","90097","44.2","-75.4","44.2, -75.4","Male","0","Yes","Yes","66","Yes","Yes","Cable","Yes","No","No","No","No","Yes","Quarterly","No","NetBanking","828","54648","Frequent network outages and unstable connectivity","-0.5","Network Issue","Yes","1","35","27202.8"
"CUST-00098","1","United States","Florida","Miami","90098","44.9","-74.3","44.9, -74.3","Male","0","No","No","71","Yes","No","Cable","No","Yes","No","Yes","No","No","Annual","Yes","Card","1093","77603","Excellent issue resolution and friendly support team","0","Service Issue","Yes","1","43","37467.05"
"CUST-00099","1","United States","New York","New York","90099","45.6","-73.2","45.6, -73.2","Male","0","No","No","32","Yes","No","Cable","No","No","No","No","Yes","Yes","Quarterly","No","NetBanking","743","23776","Smooth onboarding and very helpful account manager","0.857","Service Issue","Yes","1","46","14969.6"
"CUST-00100","1","United States","Illinois","Chicago","90100","46.3","-72.1","46.3, -72.1","Female","0","Yes","No","20","Yes","No","DSL","No","No","No","No","No","No","Monthly","Yes","AutoPay","467","9340","Frustrated with repeated support delays","-1","Service Issue","Yes","1","29","7445"
"CUST-00101","1","United States","California","Los Angeles","90101","47","-71","47, -71","Male","0","No","Yes","70","Yes","Yes","Fiber optic","Yes","Yes","Yes","No","No","Yes","Monthly","No","NetBanking","1265","88550","Price increase without enough added features","0","Pricing Issue","No","0","42","42652.5"
"CUST-00102","1","United States","Texas","Houston","90102","47.7","-69.9","47.7, -69.9","Female","1","No","No","5","Yes","Yes","Cable","No","No","No","Yes","Yes","No","Annual","No","NetBanking","849","4245","Satisfied with pricing and product value","0.5","Pricing Issue","No","0","33","8387.75"
"CUST-00103","1","United States","Florida","Miami","90103","48.4","-68.8","48.4, -68.8","Male","0","Yes","No","15","Yes","No","Cable","No","No","No","No","No","Yes","Annual","No","UPI","726","10890","Satisfied with pricing and product value","0.5","Pricing Issue","No","0","38","9949.5"
"CUST-00104","1","United States","New York","New York","90104","25.1","-67.7","25.1, -67.7","Male","0","No","No","65","Yes","No","DSL","No","Yes","No","No","No","No","Quarterly","No","UPI","307","19955","Price increase without enough added features","0","Pricing Issue","No","0","21","10870.25"
"CUST-00105","1","United States","Illinois","Chicago","90105","25.8","-123.6","25.8, -123.6","Male","0","No","Yes","16","Yes","No","DSL","Yes","No","No","No","Yes","Yes","Quarterly","Yes","Card","483","7728","Frequent network outages and unstable connectivity","-0.5","Network Issue","Yes","1","29","6920.8"
"CUST-00106","1","United States","California","Los Angeles","90106","26.5","-122.5","26.5, -122.5","Female","0","Yes","No","13","Yes","Yes","DSL","No","No","Yes","Yes","No","No","Quarterly","No","NetBanking","321","4173","Frustrated with repeated support delays","-1","Service Issue","No","0","7","4314.55"
"CUST-00107","1","United States","Texas","Houston","90107","27.2","-121.4","27.2, -121.4","Female","0","No","No","11","Yes","Yes","DSL","No","Yes","No","No","No","Yes","Annual","Yes","AutoPay","386","4246","Frustrated with repeated support delays","-1","Service Issue","Yes","1","23","4816.1"
"CUST-00108","1","United States","Florida","Miami","90108","27.9","-120.3","27.9, -120.3","Male","0","No","No","56","Yes","No","Cable","No","No","No","No","Yes","No","Monthly","Yes","Card","574","32144","Happy with the service quality and quick response","0.75","Service Issue","No","0","30","17074.4"
"CUST-00109","1","United States","New York","New York","90109","28.6","-119.2","28.6, -119.2","Female","0","Yes","Yes","71","Yes","No","DSL","Yes","No","No","No","No","Yes","Quarterly","No","NetBanking","430","30530","Customer service quality dropped after onboarding","-0.5","Service Issue","Yes","1","27","15687.5"
"CUST-00110","1","United States","Illinois","Chicago","90110","29.3","-118.1","29.3, -118.1","Female","0","No","No","16","Yes","No","DSL","No","Yes","No","Yes","No","No","Monthly","No","UPI","419","6704","Happy with the service quality and quick response","0.75","Service Issue","Yes","1","29","6050.4"
"CUST-00111","1","United States","California","Los Angeles","90111","30","-117","30, -117","Male","0","No","No","8","Yes","Yes","DSL","No","No","Yes","No","Yes","Yes","Annual","No","UPI","293","2344","Smooth onboarding and very helpful account manager","0.857","Service Issue","Yes","1","20","3340.4"
"CUST-00112","1","United States","Texas","Houston","90112","30.7","-115.9","30.7, -115.9","Female","0","Yes","No","59","Yes","Yes","DSL","No","No","No","No","No","No","Monthly","Yes","Card","414","24426","Satisfied with pricing and product value","0.5","Pricing Issue","No","0","25","13159.1"
"CUST-00113","1","United States","Florida","Miami","90113","31.4","-114.8","31.4, -114.8","Male","0","No","Yes","26","Yes","No","DSL","Yes","Yes","No","No","No","Yes","Monthly","Yes","Card","442","11492","Excellent issue resolution and friendly support team","0","Service Issue","No","0","26","8130.2"
"CUST-00114","1","United States","New York","New York","90114","32.1","-113.7","32.1, -113.7","Male","1","No","No","39","Yes","No","DSL","No","No","No","Yes","Yes","No","Monthly","No","UPI","557","21723","Customer reported average experience with no detailed feedback.","0","Network Issue","Yes","1","24","12917.05"
"CUST-00115","1","United States","Illinois","Chicago","90115","32.8","-112.6","32.8, -112.6","Female","0","Yes","No","25","Yes","No","DSL","No","No","No","No","No","Yes","Monthly","Yes","Card","649","11750","Price increase without enough added features","0","Pricing Issue","Yes","1","32","9854.5"
"CUST-00116","1","United States","California","Los Angeles","90116","33.5","-111.5","33.5, -111.5","Male","1","No","No","25","Yes","Yes","DSL","No","Yes","Yes","No","No","No","Quarterly","No","NetBanking","308","7700","Excellent issue resolution and friendly support team","0","Service Issue","Yes","1","14","5709"
"CUST-00117","1","United States","Texas","Houston","90117","34.2","-110.4","34.2, -110.4","Female","1","No","Yes","25","Yes","Yes","Cable","Yes","No","No","No","Yes","Yes","Annual","No","NetBanking","931","23275","Support response is slow and issue resolution takes too long","-0.9","Service Issue","Yes","1","49","16144.25"
"CUST-00118","1","United States","Florida","Miami","90118","34.9","-109.3","34.9, -109.3","Female","0","Yes","No","61","Yes","No","Cable","No","No","No","Yes","No","No","Quarterly","No","UPI","729","44469","Great support and reliable network experience","0","Network Issue","Yes","1","34","22738.15"
"CUST-00119","1","United States","New York","New York","90119","35.6","-108.2","35.6, -108.2","Female","0","No","No","43","Yes","No","Fiber optic","No","Yes","No","No","No","Yes","Monthly","No","NetBanking","1265","54395","Satisfied with pricing and product value","0.5","Pricing Issue","No","0","39","30104.25"
"CUST-00120","1","United States","Illinois","Chicago","90120","36.3","-107.1","36.3, -107.1","Male","0","No","No","65","Yes","No","Cable","No","No","No","No","Yes","No","Monthly","Yes","Card","930","60450","Support response is slow and issue resolution takes too long","-0.9","Service Issue","Yes","1","31","30027.5"
"CUST-00121","1","United States","California","Los Angeles","90121","37","-106","37, -106","Male","1","Yes","Yes","29","Yes","Yes","Cable","Yes","No","Yes","No","No","Yes","Quarterly","Yes","Card","894","25926","Customer service quality dropped after onboarding","-0.5","Service Issue","No","0","41","16864.1"
"CUST-00122","1","United States","Texas","Houston","90122","37.7","-104.9","37.7, -104.9","Male","0","No","No","14","Yes","Yes","Cable","No","Yes","No","Yes","No","No","Annual","Yes","Card","562","7868","Excellent issue resolution and friendly support team","0","Service Issue","Yes","1","26","7557.8"
"CUST-00123","1","United States","Florida","Miami","90123","38.4","-103.8","38.4, -103.8","Female","0","No","No","67","Yes","No","Cable","No","No","No","No","Yes","Yes","Monthly","Yes","AutoPay","736","49312","Price increase without enough added features","0","Pricing Issue","No","0","25","24621.2"
"CUST-00124","1","United States","New York","New York","90124","39.1","-102.7","39.1, -102.7","Female","0","Yes","No","29","Yes","No","DSL","No","No","No","No","No","No","Annual","Yes","AutoPay","493","14297","Billing feels expensive for the value received","-0.857","Pricing Issue","Yes","1","19","9585.95"
"CUST-00125","1","United States","Illinois","Chicago","90125","39.8","-101.6","39.8, -101.6","Female","1","No","Yes","20","Yes","No","Fiber optic","Yes","Yes","No","No","No","Yes","Annual","Yes","Card","1413","28260","The plan cost feels high compared with competitors","0","Pricing Issue","No","0","41","21635"
"CUST-00126","1","United States","California","Los Angeles","90126","40.5","-100.5","40.5, -100.5","Male","1","No","No","21","Yes","Yes","Cable","No","No","Yes","Yes","Yes","No","Quarterly","No","UPI","666","13986","Frustrated with repeated support delays","-1","Service Issue","Yes","1","29","10685.1"
"CUST-00127","1","United States","Texas","Houston","90127","41.2","-99.4","41.2, -99.4","Male","0","Yes","No","18","Yes","Yes","DSL","No","No","No","No","No","Yes","Annual","Yes","Card","488","8784","Smooth onboarding and very helpful account manager","0.857","Service Issue","No","0","24","7374.4"
"CUST-00128","1","United States","Florida","Miami","90128","41.9","-98.3","41.9, -98.3","Female","0","No","No","68","Yes","No","DSL","No","Yes","No","No","No","No","Monthly","No","UPI","557","37876","Customer service quality dropped after onboarding","-0.5","Service Issue","No","0","17","19208.6"
"CUST-00129","1","United States","New York","New York","90129","42.6","-97.2","42.6, -97.2","Female","0","No","Yes","41","Yes","No","DSL","Yes","No","No","No","Yes","Yes","Quarterly","Yes","AutoPay","334","13694","Price increase without enough added features","0","Pricing Issue","No","0","16","8366.9"
"CUST-00130","1","United States","Illinois","Chicago","90130","43.3","-96.1","43.3, -96.1","Male","1","Yes","No","1","Yes","No","DSL","No","No","No","Yes","No","No","Monthly","No","NetBanking","325","325","Happy with the service quality and quick response","0.75","Service Issue","No","0","22","2735.75"
"CUST-00131","1","United States","California","Los Angeles","90131","44","-95","44, -95","Female","0","No","No","49","Yes","Yes","Cable","No","Yes","Yes","No","No","Yes","Monthly","No","UPI","590","28910","Happy with the service quality and quick response","0.75","Service Issue","No","0","25","15916.5"
"CUST-00132","1","United States","Texas","Houston","90132","44.7","-93.9","44.7, -93.9","Male","0","No","No","41","Yes","Yes","Cable","No","No","No","No","Yes","No","Annual","Yes","AutoPay","754","30914","Happy with the service quality and quick response","0.75","Service Issue","Yes","1","23","17753.9"
"CUST-00133","1","United States","Florida","Miami","90133","45.4","-92.8","45.4, -92.8","Female","0","Yes","Yes","23","Yes","No","DSL","Yes","No","No","No","No","Yes","Monthly","Yes","AutoPay","327","7521","Customer reported average experience with no detailed feedback.","0","Network Issue","No","0","18","5754.35"
"CUST-00134","1","United States","New York","New York","90134","46.1","-91.7","46.1, -91.7","Male","0","No","No","29","Yes","No","Cable","No","Yes","No","Yes","No","No","Monthly","Yes","AutoPay","763","22127","Price increase without enough added features","0","Pricing Issue","Yes","1","27","14486.45"
"CUST-00135","1","United States","Illinois","Chicago","90135","46.8","-90.6","46.8, -90.6","Female","0","No","No","32","Yes","No","Cable","No","No","No","No","Yes","Yes","Quarterly","No","NetBanking","913","29216","Happy with the service quality and quick response","0.75","Service Issue","No","0","30","18233.6"
"CUST-00136","1","United States","California","Los Angeles","90136","47.5","-89.5","47.5, -89.5","Male","0","Yes","No","43","Yes","Yes","Cable","No","No","Yes","No","No","No","Quarterly","Yes","AutoPay","1040","44720","Frequent network outages and unstable connectivity","-0.5","Network Issue","Yes","1","48","24918"
"CUST-00137","1","United States","Texas","Houston","90137","48.2","-88.4","48.2, -88.4","Female","0","No","Yes","27","Yes","Yes","DSL","Yes","Yes","No","No","No","Yes","Quarterly","No","NetBanking","318","8586","Internet speed dropped and network quality is poor","-1","Network Issue","Yes","1","20","6143.1"
"CUST-00138","1","United States","Florida","Miami","90138","48.9","-87.3","48.9, -87.3","Male","1","No","No","19","Yes","No","Fiber optic","No","No","No","Yes","Yes","No","Quarterly","No","UPI","649","28405","Support response is slow and issue resolution takes too long","-0.9","Service Issue","Yes","1","29","15551.75"
"CUST-00139","1","United States","New York","New York","90139","25.6","-86.2","25.6, -86.2","Female","0","Yes","No","32","Yes","No","DSL","No","No","No","No","No","Yes","Annual","Yes","AutoPay","395","12640","Too many disconnects and latency problems","0","Network Issue","No","0","22","8288"
"CUST-00140","1","United States","Illinois","Chicago","90140","26.3","-85.1","26.3, -85.1","Male","0","No","No","54","Yes","No","DSL","No","Yes","No","No","No","No","Annual","Yes","Card","379","20466","Great support and reliable network experience","0","Network Issue","No","0","14","11383.1"
"CUST-00141","1","United States","California","Los Angeles","90141","27","-84","27, -84","Male","1","No","Yes","1","Yes","Yes","Fiber optic","Yes","No","Yes","No","Yes","Yes","Annual","No","NetBanking","1227","1227","Great support and reliable network experience","0","Network Issue","Yes","1","43","10267.45"
"CUST-00142","1","United States","Texas","Houston","90142","27.7","-82.9","27.7, -82.9","Female","0","Yes","No","6","Yes","Yes","DSL","No","No","No","Yes","No","No","Monthly","No","NetBanking","412","2472","Satisfied with pricing and product value","0.5","Pricing Issue","Yes","1","18","4293.2"
"CUST-00143","1","United States","Florida","Miami","90143","28.4","-81.8","28.4, -81.8","Female","0","No","No","26","Yes","No","Cable","No","Yes","No","No","No","Yes","Quarterly","Yes","Card","1011","26286","Price increase without enough added features","0","Pricing Issue","Yes","1","41","17860.1"
"CUST-00144","1","United States","New York","New York","90144","29.1","-80.7","29.1, -80.7","Female","1","No","No","62","Yes","No","Fiber optic","No","No","No","No","Yes","No","Annual","No","NetBanking","1433","88846","Customer service quality dropped after onboarding","-0.5","Service Issue","No","0","50","43924.1"
"CUST-00145","1","United States","Illinois","Chicago","90145","29.8","-79.6","29.8, -79.6","Female","0","Yes","Yes","27","Yes","No","Cable","Yes","No","No","No","No","Yes","Quarterly","Yes","AutoPay","1052","28404","Support response is slow and issue resolution takes too long","-0.9","Service Issue","Yes","1","53","18951.4"
"CUST-00146","1","United States","California","Los Angeles","90146","30.5","-78.5","30.5, -78.5","Female","0","No","No","5","Yes","Yes","DSL","No","Yes","Yes","Yes","No","No","Monthly","Yes","AutoPay","491","2455","Happy with the service quality and quick response","0.75","Service Issue","No","0","24","4897.25"
"CUST-00147","1","United States","Texas","Houston","90147","31.2","-77.4","31.2, -77.4","Male","1","No","No","38","Yes","Yes","DSL","No","No","No","No","Yes","Yes","Quarterly","Yes","Card","343","13034","The plan cost feels high compared with competitors","0","Pricing Issue","No","0","13","8141.9"
"CUST-00148","1","United States","Florida","Miami","90148","31.9","-76.3","31.9, -76.3","Female","0","Yes","No","33","Yes","No","Fiber optic","No","No","No","No","No","No","Annual","Yes","Card","1464","48312","Smooth onboarding and very helpful account manager","0.857","Service Issue","Yes","1","51","29347.2"
"CUST-00149","1","United States","New York","New York","90149","32.6","-75.2","32.6, -75.2","Male","1","No","Yes","68","Yes","No","DSL","Yes","Yes","No","No","No","Yes","Quarterly","No","UPI","462","31416","Support response is slow and issue resolution takes too long","-0.9","Service Issue","No","0","20","16187.6"
"CUST-00150","1","United States","Illinois","Chicago","90150","33.3","-74.1","33.3, -74.1","Male","0","No","No","67","Yes","No","Cable","No","No","No","Yes","Yes","No","Quarterly","No","UPI","564","37788","Agents are not proactive and service follow-up is poor","-0.333","Service Issue","Yes","1","24","19211.8"
"CUST-00151","1","United States","California","Los Angeles","90151","34","-73","34, -73","Female","0","Yes","No","69","Yes","Yes","Cable","No","No","Yes","No","No","Yes","Quarterly","Yes","AutoPay","680","46920","Happy with the service quality and quick response","0.75","Service Issue","No","0","23","23380"
"CUST-00152","1","United States","Texas","Houston","90152","34.7","-71.9","34.7, -71.9","Male","0","No","No","23","Yes","Yes","Fiber optic","No","Yes","No","No","No","No","Monthly","Yes","Card","1280","29440","Customer reported average experience with no detailed feedback.","0.75","Service Issue","No","0","49","21050"
"CUST-00153","1","United States","Florida","Miami","90153","35.4","-70.8","35.4, -70.8","Male","0","No","Yes","8","Yes","No","Fiber optic","Yes","No","No","No","Yes","Yes","Quarterly","No","NetBanking","1390","11120","Frustrated with repeated support delays","-1","Service Issue","No","0","47","15188"
"CUST-00154","1","United States","New York","New York","90154","36.1","-69.7","36.1, -69.7","Female","0","Yes","No","56","Yes","No","Cable","No","No","No","Yes","No","No","Annual","No","UPI","569","31864","Great support and reliable network experience","0","Network Issue","Yes","1","20","16936.4"
"CUST-00155","1","United States","Illinois","Chicago","90155","36.8","-68.6","36.8, -68.6","Male","1","No","No","46","Yes","No","Cable","No","Yes","No","No","No","Yes","Annual","Yes","AutoPay","566","26036","Agents are not proactive and service follow-up is poor","-0.333","Service Issue","No","0","15","14652.6"
"CUST-00156","1","United States","California","Los Angeles","90156","37.5","-67.5","37.5, -67.5","Female","0","No","No","48","Yes","Yes","DSL","No","No","Yes","No","Yes","No","Quarterly","Yes","Card","489","23472","Great support and reliable network experience","0","Network Issue","No","0","11","13183.2"
"CUST-00157","1","United States","Texas","Houston","90157","38.2","-123.4","38.2, -123.4","Female","0","Yes","Yes","28","Yes","Yes","DSL","Yes","No","No","No","No","Yes","Monthly","Yes","AutoPay","557","15596","Price increase without enough added features","0","Pricing Issue","Yes","1","25","10530.6"
"CUST-00158","1","United States","Florida","Miami","90158","38.9","-122.3","38.9, -122.3","Female","0","No","No","63","Yes","No","Cable","No","Yes","No","Yes","No","No","Annual","No","UPI","645","40635","Signal issues keep affecting daily usage","-0.5","Network Issue","Yes","1","39","20768.25"
"CUST-00159","1","United States","New York","New York","90159","39.6","-121.2","39.6, -121.2","Male","1","No","No","49","Yes","No","Cable","No","No","No","No","Yes","Yes","Quarterly","Yes","AutoPay","987","48363","The plan cost feels high compared with competitors","0","Pricing Issue","Yes","1","42","25901.05"
"CUST-00160","1","United States","Illinois","Chicago","90160","40.3","-120.1","40.3, -120.1","Female","0","Yes","No","24","Yes","No","Cable","No","No","No","No","No","No","Annual","No","UPI","753","18072","Happy with the service quality and quick response","0.75","Service Issue","No","0","30","12877.2"
"CUST-00161","1","United States","California","Los Angeles","90161","41","-119","41, -119","Female","0","No","Yes","72","Yes","Yes","Cable","Yes","Yes","Yes","No","No","Yes","Quarterly","No","NetBanking","649","67032","The plan cost feels high compared with competitors","0","Pricing Issue","Yes","1","18","30237.2"
"CUST-00162","1","United States","Texas","Houston","90162","41.7","-117.9","41.7, -117.9","Female","0","No","No","19","Yes","Yes","DSL","No","No","No","Yes","Yes","No","Quarterly","No","UPI","296","5624","Frustrated with repeated support delays","-1","Service Issue","No","0","13","4754.4"
"CUST-00163","1","United States","Florida","Miami","90163","42.4","-116.8","42.4, -116.8","Male","0","Yes","No","65","Yes","No","Cable","No","No","No","No","No","Yes","Monthly","Yes","AutoPay","532","34580","The plan cost feels high compared with competitors","0","Pricing Issue","Yes","1","30","17789"
"CUST-00164","1","United States","New York","New York","90164","43.1","-115.7","43.1, -115.7","Male","0","No","No","60","Yes","No","DSL","No","Yes","No","No","No","No","Monthly","Yes","Card","383","22980","The plan cost feels high compared with competitors","0","Pricing Issue","No","0","31","12427"
"CUST-00165","1","United States","Illinois","Chicago","90165","43.8","-114.6","43.8, -114.6","Female","0","No","Yes","29","Yes","No","Fiber optic","Yes","No","No","No","Yes","Yes","Monthly","No","NetBanking","1394","40426","Support response is slow and issue resolution takes too long","-0.9","Service Issue","Yes","1","53","25939.1"
"CUST-00166","1","United States","California","Los Angeles","90166","44.5","-113.5","44.5, -113.5","Male","0","Yes","No","31","Yes","Yes","DSL","No","No","Yes","Yes","No","No","Annual","Yes","Card","268","8308","Agents are not proactive and service follow-up is poor","-0.333","Service Issue","No","0","25","5733.8"
"CUST-00167","1","United States","Texas","Houston","90167","45.2","-112.4","45.2, -112.4","Male","0","No","No","38","Yes","Yes","Cable","No","Yes","No","No","No","Yes","Monthly","No","NetBanking","815","30970","Satisfied with pricing and product value","0.5","Pricing Issue","No","0","27","18195.5"
"CUST-00168","1","United States","Florida","Miami","90168","45.9","-111.3","45.9, -111.3","Male","0","No","No","44","Yes","No","DSL","No","No","No","No","Yes","No","Monthly","No","UPI","348","15312","Frustrated with repeated support delays","-1","Service Issue","No","0","24","9111.2"
"CUST-00169","1","United States","New York","New York","90169","46.6","-110.2","46.6, -110.2","Male","0","Yes","Yes","44","Yes","No","Cable","Yes","No","No","No","No","Yes","Annual","No","NetBanking","1011","44484","Internet speed dropped and network quality is poor","-1","Network Issue","Yes","1","46","24625.4"
"CUST-00170","1","United States","Illinois","Chicago","90170","47.3","-109.1","47.3, -109.1","Female","0","No","No","39","Yes","No","Cable","No","Yes","No","Yes","No","No","Monthly","No","UPI","721","28119","Too many disconnects and latency problems","0","Network Issue","No","0","21","16467.65"
"CUST-00171","1","United States","California","Los Angeles","90171","48","-108","48, -108","Female","0","No","No","21","Yes","Yes","Cable","No","No","Yes","No","Yes","Yes","Monthly","No","UPI","708","14868","Customer reported average experience with no detailed feedback.","0","Service Issue","No","0","32","11329.8"
"CUST-00172","1","United States","Texas","Houston","90172","48.7","-106.9","48.7, -106.9","Male","0","Yes","No","68","Yes","Yes","Fiber optic","No","No","No","No","No","No","Annual","Yes","Card","1416","96288","Frustrated with repeated support delays","-1","Service Issue","No","0","47","46524.8"
"CUST-00173","1","United States","Florida","Miami","90173","25.4","-105.8","25.4, -105.8","Male","0","No","Yes","26","Yes","No","DSL","Yes","Yes","No","No","No","Yes","Monthly","Yes","Card","574","14924","Excellent issue resolution and friendly support team","0","Service Issue","Yes","1","32","10387.4"
"CUST-00174","1","United States","New York","New York","90174","26.1","-104.7","26.1, -104.7","Female","0","No","No","38","Yes","No","DSL","No","No","No","Yes","Yes","No","Quarterly","No","UPI","453","17214","Great support and reliable network experience","0","Network Issue","No","0","27","10484.9"
"CUST-00175","1","United States","Illinois","Chicago","90175","26.8","-103.6","26.8, -103.6","Male","1","Yes","No","69","Yes","No","Cable","No","No","No","No","No","Yes","Monthly","No","UPI","590","40710","Internet speed dropped and network quality is poor","-1","Network Issue","No","0","23","20486.5"
"CUST-00176","1","United States","California","Los Angeles","90176","27.5","-102.5","27.5, -102.5","Female","0","No","No","71","Yes","Yes","Cable","No","Yes","Yes","No","No","No","Quarterly","Yes","AutoPay","543","38553","Smooth onboarding and very helpful account manager","0.857","Service Issue","No","0","19","19399.55"
"CUST-00177","1","United States","Texas","Houston","90177","28.2","-101.4","28.2, -101.4","Female","0","No","Yes","66","Yes","Yes","Fiber optic","Yes","No","No","No","Yes","Yes","Quarterly","Yes","AutoPay","1339","88374","Excellent issue resolution and friendly support team","0","Service Issue","No","0","49","43094.9"
"CUST-00178","1","United States","Florida","Miami","90178","28.9","-100.3","28.9, -100.3","Female","1","Yes","No","19","Yes","No","Cable","No","No","No","Yes","No","No","Annual","No","NetBanking","1139","21641","Satisfied with pricing and product value","0.5","Pricing Issue","No","0","41","17104.35"
"CUST-00179","1","United States","New York","New York","90179","29.6","-99.2","29.6, -99.2","Female","0","No","No","34","Yes","No","DSL","No","Yes","No","No","No","Yes","Annual","No","NetBanking","291","9894","Signal issues keep affecting daily usage","-0.5","Network Issue","Yes","1","23","6538.9"
"CUST-00180","1","United States","Illinois","Chicago","90180","30.3","-98.1","30.3, -98.1","Female","0","No","No","15","Yes","No","DSL","No","No","No","No","Yes","No","Annual","No","NetBanking","456","6840","Smooth onboarding and very helpful account manager","0.857","Service Issue","No","0","24","6372"
"CUST-00181","1","United States","California","Los Angeles","90181","31","-97","31, -97","Female","1","Yes","Yes","16","Yes","Yes","Cable","Yes","No","Yes","No","No","Yes","Annual","Yes","Card","616","9856","Happy with the service quality and quick response","0.75","Service Issue","Yes","1","39","8729.6"
"CUST-00182","1","United States","Texas","Houston","90182","31.7","-95.9","31.7, -95.9","Female","0","No","No","43","Yes","Yes","Cable","No","Yes","No","Yes","No","No","Monthly","Yes","Card","722","31046","Frustrated with repeated support delays","-1","Service Issue","Yes","1","24","17588.1"
"CUST-00183","1","United States","Florida","Miami","90183","32.4","-94.8","32.4, -94.8","Female","1","No","No","69","Yes","No","Cable","No","No","No","No","Yes","Yes","Monthly","Yes","AutoPay","562","38778","Frustrated with repeated support delays","-1","Service Issue","No","0","23","19586.3"
"CUST-00184","1","United States","New York","New York","90184","33.1","-93.7","33.1, -93.7","Male","0","Yes","No","51","Yes","No","Cable","No","No","No","No","No","No","Quarterly","Yes","Card","649","52224","Billing feels expensive for the value received","-0.857","Pricing Issue","Yes","1","30","24592.4"
"CUST-00185","1","United States","Illinois","Chicago","90185","33.8","-92.6","33.8, -92.6","Female","0","No","Yes","1","Yes","No","Cable","Yes","Yes","No","No","No","Yes","Monthly","No","NetBanking","631","631","Frustrated with repeated support delays","-1","Service Issue","Yes","1","38","5290.85"
"CUST-00186","1","United States","California","Los Angeles","90186","34.5","-91.5","34.5, -91.5","Female","0","No","No","26","Yes","Yes","DSL","No","No","Yes","Yes","Yes","No","Annual","No","NetBanking","419","10894","Satisfied with pricing and product value","0.5","Pricing Issue","No","0","18","7736.9"
"CUST-00187","1","United States","Texas","Houston","90187","35.2","-90.4","35.2, -90.4","Female","0","Yes","No","46","Yes","Yes","DSL","No","No","No","No","No","Yes","Quarterly","Yes","Card","295","13570","Customer service quality dropped after onboarding","-0.5","Service Issue","No","0","12","8121.5"
"CUST-00188","1","United States","Florida","Miami","90188","35.9","-89.3","35.9, -89.3","Male","1","No","No","4","Yes","No","DSL","No","Yes","No","No","No","No","Monthly","Yes","AutoPay","508","2032","Internet speed dropped and network quality is poor","-1","Network Issue","No","0","27","4863.2"
"CUST-00189","1","United States","New York","New York","90189","36.6","-88.2","36.6, -88.2","Female","0","No","Yes","1","Yes","No","Cable","Yes","No","No","No","Yes","Yes","Monthly","Yes","Card","575","575","Excellent issue resolution and friendly support team","0","Service Issue","Yes","1","31","4823.25"
"CUST-00190","1","United States","Illinois","Chicago","90190","37.3","-87.1","37.3, -87.1","Female","0","Yes","No","13","Yes","No","Fiber optic","No","No","No","Yes","No","No","Quarterly","No","NetBanking","1404","18252","Customer reported average experience with no detailed feedback.","-1","Service Issue","Yes","1","48","17906.2"
"CUST-00191","1","United States","California","Los Angeles","90191","38","-86","38, -86","Male","0","No","No","18","Yes","Yes","DSL","No","Yes","Yes","No","No","Yes","Annual","No","UPI","330","5940","Signal issues keep affecting daily usage","-0.5","Network Issue","No","0","21","5115"
"CUST-00192","1","United States","Texas","Houston","90192","38.7","-84.9","38.7, -84.9","Male","1","No","No","8","Yes","Yes","Cable","No","No","No","No","Yes","No","Monthly","Yes","AutoPay","781","6248","The plan cost feels high compared with competitors","0","Pricing Issue","Yes","1","29","8610.8"
"CUST-00193","1","United States","Florida","Miami","90193","39.4","-83.8","39.4, -83.8","Female","0","Yes","Yes","42","Yes","No","DSL","Yes","No","No","No","No","Yes","Annual","No","UPI","527","22134","Smooth onboarding and very helpful account manager","0.857","Service Issue","No","0","26","12886.9"
"CUST-00194","1","United States","New York","New York","90194","40.1","-82.7","40.1, -82.7","Female","0","No","No","7","Yes","No","Cable","No","Yes","No","Yes","No","No","Monthly","Yes","Card","729","5103","Smooth onboarding and very helpful account manager","0.857","Service Issue","Yes","1","33","7772.05"
"CUST-00195","1","United States","Illinois","Chicago","90195","40.8","-81.6","40.8, -81.6","Male","0","No","No","68","Yes","No","Cable","No","No","No","No","Yes","Yes","Monthly","No","UPI","584","39712","Frustrated with repeated support delays","-1","Service Issue","Yes","1","33","20067.2"
"CUST-00196","1","United States","California","Los Angeles","90196","41.5","-80.5","41.5, -80.5","Male","0","Yes","No","60","Yes","Yes","DSL","No","No","Yes","No","No","No","Annual","Yes","AutoPay","582","34920","Agents are not proactive and service follow-up is poor","-0.333","Service Issue","Yes","1","32","18198"
"CUST-00197","1","United States","Texas","Houston","90197","42.2","-79.4","42.2, -79.4","Male","1","No","Yes","36","Yes","Yes","Cable","Yes","Yes","No","No","No","Yes","Quarterly","No","UPI","761","27396","Customer service quality dropped after onboarding","-0.5","Service Issue","Yes","1","32","16468.6"
"CUST-00198","1","United States","Florida","Miami","90198","42.9","-78.3","42.9, -78.3","Female","0","No","No","44","Yes","No","DSL","No","No","No","Yes","Yes","No","Monthly","No","UPI","337","14828","Agents are not proactive and service follow-up is poor","-0.333","Service Issue","No","0","21","8853.8"
"CUST-00199","1","United States","New York","New York","90199","43.6","-77.2","43.6, -77.2","Male","0","Yes","No","19","Yes","No","Cable","No","No","No","No","No","Yes","Monthly","Yes","AutoPay","1051","19969","Satisfied with pricing and product value","0.5","Pricing Issue","No","0","34","15815.15"
"CUST-00200","1","United States","Illinois","Chicago","90200","44.3","-76.1","44.3, -76.1","Female","0","No","No","39","Yes","No","Cable","No","Yes","No","No","No","No","Annual","Yes","Card","926","36114","Great support and reliable network experience","0","Network Issue","Yes","1","43","20905.9"
"CUST-00201","1","United States","California","Los Angeles","90201","45","-75","45, -75","Female","0","No","Yes","38","Yes","Yes","Fiber optic","Yes","No","Yes","No","Yes","Yes","Quarterly","No","UPI","1231","46778","Monthly charges are too high and pricing is confusing","0","Pricing Issue","No","0","34","27056.3"
"CUST-00202","1","United States","Texas","Houston","90202","45.7","-73.9","45.7, -73.9","Male","1","Yes","No","18","Yes","Yes","Cable","No","No","No","Yes","No","No","Annual","Yes","Card","1068","19224","Support response is slow and issue resolution takes too long","-0.9","Service Issue","Yes","1","49","15668.4"
"CUST-00203","1","United States","Florida","Miami","90203","46.4","-72.8","46.4, -72.8","Female","0","No","No","63","Yes","No","DSL","No","Yes","No","No","No","Yes","Annual","Yes","Card","495","31185","Support response is slow and issue resolution takes too long","-0.9","Service Issue","Yes","1","21","16260.75"
"CUST-00204","1","United States","New York","New York","90204","47.1","-71.7","47.1, -71.7","Male","0","No","No","14","Yes","No","Cable","No","No","No","No","Yes","No","Annual","Yes","Card","708","9912","Smooth onboarding and very helpful account manager","0.857","Service Issue","Yes","1","40","9441.2"
"CUST-00205","1","United States","Illinois","Chicago","90205","47.8","-70.6","47.8, -70.6","Male","1","Yes","Yes","28","Yes","No","Cable","Yes","No","No","No","No","Yes","Annual","No","UPI","836","23408","Agents are not proactive and service follow-up is poor","-0.333","Service Issue","No","0","30","15496.8"
"CUST-00206","1","United States","California","Los Angeles","90206","48.5","-69.5","48.5, -69.5","Male","1","No","No","4","Yes","Yes","Cable","No","Yes","Yes","Yes","No","No","Quarterly","Yes","AutoPay","640","2560","Monthly charges are too high and pricing is confusing","0","Pricing Issue","Yes","1","46","6104"
"CUST-00207","1","United States","Texas","Houston","90207","25.2","-68.4","25.2, -68.4","Male","0","No","No","52","Yes","Yes","DSL","No","No","No","No","Yes","Yes","Quarterly","Yes","AutoPay","649","30160","The plan cost feels high compared with competitors","0","Pricing Issue","Yes","1","32","16892"
"CUST-00208","1","United States","Florida","Miami","90208","25.9","-67.3","25.9, -67.3","Female","0","Yes","No","43","Yes","No","DSL","No","No","No","No","No","No","Quarterly","No","NetBanking","446","19178","Satisfied with pricing and product value","0.5","Pricing Issue","Yes","1","22","11226.3"
"CUST-00209","1","United States","New York","New York","90209","26.6","-123.2","26.6, -123.2","Male","0","No","Yes","34","Yes","No","Cable","Yes","Yes","No","No","No","Yes","Quarterly","Yes","AutoPay","656","22304","Customer reported average experience with no detailed feedback.","0.5","Pricing Issue","No","0","24","13802.4"
"CUST-00210","1","United States","Illinois","Chicago","90210","27.3","-122.1","27.3, -122.1","Male","0","No","No","26","Yes","No","Cable","No","No","No","Yes","Yes","No","Quarterly","Yes","AutoPay","785","20410","Support response is slow and issue resolution takes too long","-0.9","Service Issue","No","0","35","13995.5"
"CUST-00211","1","United States","California","Los Angeles","90211","28","-121","28, -121","Male","0","Yes","No","7","Yes","Yes","Fiber optic","No","No","Yes","No","No","Yes","Quarterly","Yes","Card","1197","8379","Billing feels expensive for the value received","-0.857","Pricing Issue","No","0","38","12662.65"
"CUST-00212","1","United States","Texas","Houston","90212","28.7","-119.9","28.7, -119.9","Male","1","No","No","30","Yes","Yes","Cable","No","Yes","No","No","No","No","Quarterly","Yes","Card","1032","30960","Smooth onboarding and very helpful account manager","0.857","Service Issue","No","0","39","19752"
"CUST-00213","1","United States","Florida","Miami","90213","29.4","-118.8","29.4, -118.8","Male","0","No","Yes","28","Yes","No","DSL","Yes","No","No","No","Yes","Yes","Monthly","No","UPI","417","11676","Too many disconnects and latency problems","0","Network Issue","No","0","22","8038.6"
"CUST-00214","1","United States","New York","New York","90214","30.1","-117.7","30.1, -117.7","Female","0","Yes","No","13","Yes","No","Cable","No","No","No","Yes","No","No","Quarterly","No","NetBanking","874","11362","The plan cost feels high compared with competitors","0","Pricing Issue","Yes","1","44","11254.7"
"CUST-00215","1","United States","Illinois","Chicago","90215","30.8","-116.6","30.8, -116.6","Male","0","No","No","13","Yes","No","Cable","No","Yes","No","No","No","Yes","Quarterly","Yes","Card","929","12077","The plan cost feels high compared with competitors","0","Pricing Issue","Yes","1","41","11944.95"
"CUST-00216","1","United States","California","Los Angeles","90216","31.5","-115.5","31.5, -115.5","Male","0","No","No","67","Yes","Yes","Cable","No","No","Yes","No","Yes","No","Monthly","No","UPI","1078","72226","Frequent network outages and unstable connectivity","-0.5","Network Issue","Yes","1","42","35377.1"
"CUST-00217","1","United States","Texas","Houston","90217","32.2","-114.4","32.2, -114.4","Female","0","Yes","Yes","41","Yes","Yes","Cable","Yes","No","No","No","No","Yes","Monthly","No","NetBanking","1050","43050","Great support and reliable network experience","0","Network Issue","Yes","1","47","24369.5"
"CUST-00218","1","United States","Florida","Miami","90218","32.9","-113.3","32.9, -113.3","Male","1","No","No","17","Yes","No","Cable","No","Yes","No","Yes","No","No","Annual","No","UPI","889","15113","The plan cost feels high compared with competitors","0","Pricing Issue","Yes","1","40","12775.55"
"CUST-00219","1","United States","New York","New York","90219","33.6","-112.2","33.6, -112.2","Female","1","No","No","63","Yes","No","Cable","No","No","No","No","Yes","Yes","Annual","Yes","Card","760","47880","The plan cost feels high compared with competitors","0","Pricing Issue","Yes","1","36","24224"
"CUST-00220","1","United States","Illinois","Chicago","90220","34.3","-111.1","34.3, -111.1","Female","0","Yes","No","19","Yes","No","Cable","No","No","No","No","No","No","Annual","No","NetBanking","649","12331","Customer service quality dropped after onboarding","-0.5","Service Issue","Yes","1","40","9925.85"
"CUST-00221","1","United States","California","Los Angeles","90221","35","-110","35, -110","Female","0","No","Yes","53","Yes","Yes","Cable","Yes","Yes","Yes","No","No","Yes","Monthly","Yes","AutoPay","784","41552","Great support and reliable network experience","0","Network Issue","Yes","1","30","21981.2"
"CUST-00222","1","United States","Texas","Houston","90222","35.7","-108.9","35.7, -108.9","Female","0","No","No","59","Yes","Yes","DSL","No","No","No","Yes","Yes","No","Quarterly","No","UPI","423","24957","Price increase without enough added features","0","Pricing Issue","No","0","20","13416.95"
"CUST-00223","1","United States","Florida","Miami","90223","36.4","-107.8","36.4, -107.8","Female","0","Yes","No","68","Yes","No","Fiber optic","No","No","No","No","No","Yes","Annual","Yes","AutoPay","1285","87380","Frustrated with repeated support delays","-1","Service Issue","No","0","45","42359"
"CUST-00224","1","United States","New York","New York","90224","37.1","-106.7","37.1, -106.7","Male","0","No","No","25","Yes","No","Cable","No","Yes","No","No","No","No","Monthly","Yes","AutoPay","1024","25600","Great support and reliable network experience","0","Network Issue","No","0","40","17702"
"CUST-00225","1","United States","Illinois","Chicago","90225","37.8","-105.6","37.8, -105.6","Female","0","No","Yes","6","Yes","No","DSL","Yes","No","No","No","Yes","Yes","Quarterly","No","NetBanking","413","2478","Satisfied with pricing and product value","0.5","Pricing Issue","No","0","20","4303.3"
"CUST-00226","1","United States","California","Los Angeles","90226","38.5","-104.5","38.5, -104.5","Male","0","Yes","No","18","Yes","Yes","DSL","No","No","Yes","Yes","No","No","Annual","Yes","AutoPay","571","10278","Monthly charges are too high and pricing is confusing","0","Pricing Issue","Yes","1","33","8561.3"
"CUST-00227","1","United States","Texas","Houston","90227","39.2","-103.4","39.2, -103.4","Female","0","No","No","7","Yes","Yes","DSL","No","Yes","No","No","No","Yes","Annual","Yes","Card","381","2667","Frequent network outages and unstable connectivity","-0.5","Network Issue","Yes","1","16","4135.45"
"CUST-00228","1","United States","Florida","Miami","90228","39.9","-102.3","39.9, -102.3","Male","0","No","No","39","Yes","No","Cable","No","No","No","No","Yes","No","Quarterly","No","UPI","931","36309","Customer reported average experience with no detailed feedback.","-0.333","Service Issue","No","0","31","21014.15"
"CUST-00229","1","United States","New York","New York","90229","40.6","-101.2","40.6, -101.2","Male","0","Yes","Yes","55","Yes","No","Fiber optic","Yes","No","No","No","No","Yes","Monthly","No","UPI","1327","72985","Customer service quality dropped after onboarding","-0.5","Service Issue","Yes","1","44","37370.75"
"CUST-00230","1","United States","Illinois","Chicago","90230","41.3","-100.1","41.3, -100.1","Male","0","No","No","7","Yes","No","DSL","No","Yes","No","Yes","No","No","Quarterly","No","NetBanking","649","3052","Signal issues keep affecting daily usage","-0.5","Network Issue","Yes","1","29","6414.2"
"CUST-00231","1","United States","California","Los Angeles","90231","42","-99","42, -99","Male","0","No","No","45","Yes","Yes","Cable","No","No","Yes","No","Yes","Yes","Annual","No","NetBanking","823","37035","Frustrated with repeated support delays","-1","Service Issue","No","0","31","20536.25"
"CUST-00232","1","United States","Texas","Houston","90232","42.7","-97.9","42.7, -97.9","Male","0","Yes","No","33","Yes","Yes","Cable","No","No","No","No","No","No","Quarterly","Yes","Card","946","31218","Smooth onboarding and very helpful account manager","0.857","Service Issue","Yes","1","35","19220.3"
"CUST-00233","1","United States","Florida","Miami","90233","43.4","-96.8","43.4, -96.8","Female","0","No","Yes","17","Yes","No","DSL","Yes","Yes","No","No","No","Yes","Monthly","No","UPI","491","8347","Satisfied with pricing and product value","0.5","Pricing Issue","Yes","1","22","7223.45"
"CUST-00234","1","United States","New York","New York","90234","44.1","-95.7","44.1, -95.7","Male","0","No","No","66","Yes","No","Cable","No","No","No","Yes","Yes","No","Quarterly","No","UPI","553","36498","The plan cost feels high compared with competitors","0","Pricing Issue","No","0","26","18650.3"
"CUST-00235","1","United States","Illinois","Chicago","90235","44.8","-94.6","44.8, -94.6","Male","0","Yes","No","36","Yes","No","Fiber optic","No","No","No","No","No","Yes","Quarterly","Yes","Card","1479","53244","Support response is slow and issue resolution takes too long","-0.9","Service Issue","Yes","1","55","31259.4"
"CUST-00236","1","United States","California","Los Angeles","90236","45.5","-93.5","45.5, -93.5","Female","0","No","No","41","Yes","Yes","Cable","No","Yes","Yes","No","No","No","Quarterly","No","NetBanking","846","34686","Excellent issue resolution and friendly support team","0","Service Issue","Yes","1","32","19810.1"
"CUST-00237","1","United States","Texas","Houston","90237","46.2","-92.4","46.2, -92.4","Female","0","No","Yes","71","Yes","Yes","Fiber optic","Yes","No","No","No","Yes","Yes","Quarterly","No","NetBanking","1235","87685","Excellent issue resolution and friendly support team","0","Service Issue","No","0","34","42131.75"
"CUST-00238","1","United States","Florida","Miami","90238","46.9","-91.3","46.9, -91.3","Female","0","Yes","No","66","Yes","No","Cable","No","No","No","Yes","No","No","Monthly","Yes","Card","1018","67188","Too many disconnects and latency problems","0","Network Issue","No","0","37","33111.8"
"CUST-00239","1","United States","New York","New York","90239","47.6","-90.2","47.6, -90.2","Male","0","No","No","51","Yes","No","DSL","No","Yes","No","No","No","Yes","Annual","No","NetBanking","564","28764","Too many disconnects and latency problems","0","Network Issue","Yes","1","30","15701.4"
"CUST-00240","1","United States","Illinois","Chicago","90240","48.3","-89.1","48.3, -89.1","Male","0","No","No","60","Yes","No","Cable","No","No","No","No","Yes","No","Quarterly","No","NetBanking","541","32460","Great support and reliable network experience","0","Network Issue","No","0","29","17009"
"CUST-00241","1","United States","California","Los Angeles","90241","25","-88","25, -88","Female","1","Yes","Yes","39","Yes","Yes","Cable","Yes","No","Yes","No","No","Yes","Quarterly","No","UPI","946","36894","Monthly charges are too high and pricing is confusing","0","Pricing Issue","Yes","1","51","21338.9"
"CUST-00242","1","United States","Texas","Houston","90242","25.7","-86.9","25.7, -86.9","Female","0","No","No","45","Yes","Yes","Cable","No","Yes","No","Yes","No","No","Monthly","No","UPI","1127","50715","Support response is slow and issue resolution takes too long","-0.9","Service Issue","Yes","1","55","27756.25"
"CUST-00243","1","United States","Florida","Miami","90243","26.4","-85.8","26.4, -85.8","Male","1","No","No","58","Yes","No","DSL","No","No","No","No","Yes","Yes","Quarterly","Yes","Card","285","16530","Customer service quality dropped after onboarding","-0.5","Service Issue","No","0","10","9341.5"
"CUST-00244","1","United States","New York","New York","90244","27.1","-84.7","27.1, -84.7","Female","0","Yes","No","68","Yes","No","Cable","No","No","No","No","No","No","Annual","No","NetBanking","1098","74664","Customer service quality dropped after onboarding","-0.5","Service Issue","No","0","36","36412.4"
"CUST-00245","1","United States","Illinois","Chicago","90245","27.8","-83.6","27.8, -83.6","Male","0","No","Yes","57","Yes","No","DSL","Yes","Yes","No","No","No","Yes","Annual","Yes","Card","457","26049","Billing feels expensive for the value received","-0.857","Pricing Issue","Yes","1","30","14027.15"
"CUST-00246","1","United States","California","Los Angeles","90246","28.5","-82.5","28.5, -82.5","Male","1","No","No","6","Yes","Yes","DSL","No","No","Yes","Yes","Yes","No","Annual","Yes","AutoPay","509","3054","Frustrated with repeated support delays","-1","Service Issue","No","0","18","5272.9"
"CUST-00247","1","United States","Texas","Houston","90247","29.2","-81.4","29.2, -81.4","Female","0","Yes","No","67","Yes","Yes","Cable","No","No","No","No","No","Yes","Quarterly","Yes","AutoPay","1021","68407","Customer reported average experience with no detailed feedback.","0","Service Issue","Yes","1","45","33584.45"
"CUST-00248","1","United States","Florida","Miami","90248","29.9","-80.3","29.9, -80.3","Female","0","No","No","1","Yes","No","Cable","No","Yes","No","No","No","No","Quarterly","No","NetBanking","1085","1085","Internet speed dropped and network quality is poor","-1","Network Issue","Yes","1","42","9081.75"
"CUST-00249","1","United States","New York","New York","90249","30.6","-79.2","30.6, -79.2","Male","0","No","Yes","48","Yes","No","Fiber optic","Yes","No","No","No","Yes","Yes","Monthly","No","UPI","1411","67728","Customer service quality dropped after onboarding","-0.5","Service Issue","No","0","58","36048.8"
"CUST-00250","1","United States","Illinois","Chicago","90250","31.3","-78.1","31.3, -78.1","Male","0","Yes","No","3","Yes","No","DSL","No","No","No","Yes","No","No","Monthly","No","NetBanking","470","1410","Monthly charges are too high and pricing is confusing","0","Pricing Issue","Yes","1","20","4319.5"
"CUST-00251","1","United States","California","Los Angeles","90251","32","-77","32, -77","Male","1","No","No","37","Yes","Yes","Cable","No","Yes","Yes","No","No","Yes","Quarterly","Yes","Card","658","24346","Too many disconnects and latency problems","0","Network Issue","Yes","1","26","14599.1"
"CUST-00252","1","United States","Texas","Houston","90252","32.7","-75.9","32.7, -75.9","Male","1","No","No","58","Yes","Yes","DSL","No","No","No","No","Yes","No","Quarterly","Yes","AutoPay","386","22388","Billing feels expensive for the value received","-0.857","Pricing Issue","Yes","1","24","12199.8"
"CUST-00253","1","United States","Florida","Miami","90253","33.4","-74.8","33.4, -74.8","Male","1","Yes","Yes","16","Yes","No","DSL","Yes","No","No","No","No","Yes","Annual","Yes","Card","649","5360","Great support and reliable network experience","0","Network Issue","Yes","1","33","7420"
"CUST-00254","1","United States","New York","New York","90254","34.1","-73.7","34.1, -73.7","Female","0","No","No","36","Yes","No","DSL","No","Yes","No","Yes","No","No","Monthly","No","NetBanking","576","20736","Price increase without enough added features","0","Pricing Issue","Yes","1","24","12657.6"
"CUST-00255","1","United States","Illinois","Chicago","90255","34.8","-72.6","34.8, -72.6","Female","0","No","No","66","Yes","No","DSL","No","No","No","No","Yes","Yes","Annual","No","NetBanking","517","34122","Frequent network outages and unstable connectivity","-0.5","Network Issue","Yes","1","29","17530.7"
"CUST-00256","1","United States","California","Los Angeles","90256","35.5","-71.5","35.5, -71.5","Male","0","Yes","No","15","Yes","Yes","Fiber optic","No","No","Yes","No","No","No","Quarterly","No","UPI","1338","20070","Signal issues keep affecting daily usage","-0.5","Network Issue","Yes","1","48","18058.5"
"CUST-00257","1","United States","Texas","Houston","90257","36.2","-70.4","36.2, -70.4","Male","0","No","Yes","15","Yes","Yes","Cable","Yes","Yes","No","No","No","Yes","Monthly","No","UPI","755","11325","Internet speed dropped and network quality is poor","-1","Network Issue","Yes","1","35","10333.75"
"CUST-00258","1","United States","Florida","Miami","90258","36.9","-69.3","36.9, -69.3","Female","0","No","No","56","Yes","No","Fiber optic","No","No","No","Yes","Yes","No","Quarterly","Yes","AutoPay","1514","84784","Satisfied with pricing and product value","0.5","Pricing Issue","Yes","1","54","43018.4"
"CUST-00259","1","United States","New York","New York","90259","37.6","-68.2","37.6, -68.2","Female","0","Yes","No","8","Yes","No","DSL","No","No","No","No","No","Yes","Annual","No","UPI","480","3840","The plan cost feels high compared with competitors","0","Pricing Issue","Yes","1","34","5360"
"CUST-00260","1","United States","Illinois","Chicago","90260","38.3","-67.1","38.3, -67.1","Male","1","No","No","19","Yes","No","Cable","No","Yes","No","No","No","No","Annual","No","NetBanking","590","11210","Signal issues keep affecting daily usage","-0.5","Network Issue","Yes","1","27","9061.5"
"CUST-00261","1","United States","California","Los Angeles","90261","39","-123","39, -123","Female","0","No","Yes","27","Yes","Yes","DSL","Yes","No","Yes","No","Yes","Yes","Monthly","Yes","AutoPay","448","12096","Excellent issue resolution and friendly support team","0","Service Issue","No","0","23","8411.6"
"CUST-00262","1","United States","Texas","Houston","90262","39.7","-121.9","39.7, -121.9","Female","1","Yes","No","9","Yes","Yes","DSL","No","No","No","Yes","No","No","Monthly","No","NetBanking","393","3537","Too many disconnects and latency problems","0","Network Issue","No","0","21","4579.95"
"CUST-00263","1","United States","Florida","Miami","90263","40.4","-120.8","40.4, -120.8","Female","0","No","No","49","Yes","No","Cable","No","Yes","No","No","No","Yes","Monthly","No","NetBanking","775","37975","The plan cost feels high compared with competitors","0","Pricing Issue","Yes","1","38","20569.25"
"CUST-00264","1","United States","New York","New York","90264","41.1","-119.7","41.1, -119.7","Male","1","No","No","26","Yes","No","Fiber optic","No","No","No","No","Yes","No","Quarterly","Yes","Card","1364","35464","Smooth onboarding and very helpful account manager","0.857","Service Issue","Yes","1","53","23896.4"
"CUST-00265","1","United States","Illinois","Chicago","90265","41.8","-118.6","41.8, -118.6","Male","0","Yes","Yes","72","Yes","No","Fiber optic","Yes","No","No","No","No","Yes","Monthly","No","UPI","1363","98136","Smooth onboarding and very helpful account manager","0.857","Service Issue","Yes","1","52","46835.6"
"CUST-00266","1","United States","California","Los Angeles","90266","42.5","-117.5","42.5, -117.5","Male","0","No","No","49","Yes","Yes","Cable","No","Yes","Yes","Yes","No","No","Monthly","Yes","AutoPay","579","28371","Customer reported average experience with no detailed feedback.","0.5","Pricing Issue","Yes","1","20","15639.85"
"CUST-00267","1","United States","Texas","Houston","90267","43.2","-116.4","43.2, -116.4","Female","0","No","No","70","Yes","Yes","DSL","No","No","No","No","Yes","Yes","Monthly","No","UPI","501","35070","Frustrated with repeated support delays","-1","Service Issue","No","0","23","17822.5"
"CUST-00268","1","United States","Florida","Miami","90268","43.9","-115.3","43.9, -115.3","Male","0","Yes","No","16","Yes","No","DSL","No","No","No","No","No","No","Monthly","Yes","AutoPay","473","7568","Support response is slow and issue resolution takes too long","-0.9","Service Issue","Yes","1","37","6784.8"
"CUST-00269","1","United States","New York","New York","90269","44.6","-114.2","44.6, -114.2","Male","1","No","Yes","71","Yes","No","Cable","Yes","Yes","No","No","No","Yes","Monthly","Yes","AutoPay","553","39263","Agents are not proactive and service follow-up is poor","-0.333","Service Issue","No","0","29","19728.05"
"CUST-00270","1","United States","Illinois","Chicago","90270","45.3","-113.1","45.3, -113.1","Male","0","No","No","46","Yes","No","Cable","No","No","No","Yes","Yes","No","Annual","No","NetBanking","887","40802","Satisfied with pricing and product value","0.5","Pricing Issue","No","0","39","22388.7"
"CUST-00271","1","United States","California","Los Angeles","90271","46","-112","46, -112","Male","0","Yes","No","66","Yes","Yes","Cable","No","No","Yes","No","No","Yes","Quarterly","Yes","Card","744","49104","Happy with the service quality and quick response","0.75","Service Issue","Yes","1","27","24590.4"
"CUST-00272","1","United States","Texas","Houston","90272","46.7","-110.9","46.7, -110.9","Male","0","No","No","68","Yes","Yes","Cable","No","Yes","No","No","No","No","Monthly","No","UPI","655","44540","Customer service quality dropped after onboarding","-0.5","Service Issue","Yes","1","32","22325"
"CUST-00273","1","United States","Florida","Miami","90273","47.4","-109.8","47.4, -109.8","Female","0","No","Yes","68","Yes","No","Cable","Yes","No","No","No","Yes","Yes","Quarterly","Yes","AutoPay","539","36652","Satisfied with pricing and product value","0.5","Pricing Issue","No","0","18","18636.2"
"CUST-00274","1","United States","New York","New York","90274","48.1","-108.7","48.1, -108.7","Female","0","Yes","No","8","Yes","No","Fiber optic","No","No","No","Yes","No","No","Quarterly","No","NetBanking","1438","11504","Monthly charges are too high and pricing is confusing","0","Pricing Issue","Yes","1","56","15706.4"
"CUST-00275","1","United States","Illinois","Chicago","90275","48.8","-107.6","48.8, -107.6","Female","0","No","No","12","Yes","No","Cable","No","Yes","No","No","No","Yes","Annual","No","NetBanking","956","11472","Agents are not proactive and service follow-up is poor","-0.333","Service Issue","Yes","1","45","11927.2"
"CUST-00276","1","United States","California","Los Angeles","90276","25.5","-106.5","25.5, -106.5","Female","0","No","No","70","Yes","Yes","Fiber optic","No","No","Yes","No","Yes","No","Quarterly","No","UPI","649","106190","Frustrated with repeated support delays","-1","Service Issue","Yes","1","44","43898.5"
"CUST-00277","1","United States","Texas","Houston","90277","26.2","-105.4","26.2, -105.4","Male","0","Yes","Yes","57","Yes","Yes","Cable","Yes","No","No","No","No","Yes","Quarterly","Yes","AutoPay","657","37449","Customer service quality dropped after onboarding","-0.5","Service Issue","No","0","26","19617.15"
"CUST-00278","1","United States","Florida","Miami","90278","26.9","-104.3","26.9, -104.3","Male","1","No","No","56","Yes","No","DSL","No","Yes","No","Yes","No","No","Annual","Yes","AutoPay","533","29848","Monthly charges are too high and pricing is confusing","0","Pricing Issue","No","0","20","15942.8"
"CUST-00279","1","United States","New York","New York","90279","27.6","-103.2","27.6, -103.2","Female","0","No","No","36","Yes","No","DSL","No","No","No","No","Yes","Yes","Monthly","No","NetBanking","485","17460","Excellent issue resolution and friendly support team","0","Service Issue","Yes","1","35","10783"
"CUST-00280","1","United States","Illinois","Chicago","90280","28.3","-102.1","28.3, -102.1","Female","0","Yes","No","41","Yes","No","Cable","No","No","No","No","No","No","Annual","No","UPI","720","29520","Great support and reliable network experience","0","Network Issue","No","0","23","16994"
"CUST-00281","1","United States","California","Los Angeles","90281","29","-101","29, -101","Female","0","No","Yes","15","Yes","Yes","Cable","Yes","Yes","Yes","No","No","Yes","Annual","No","NetBanking","654","9810","Agents are not proactive and service follow-up is poor","-0.333","Service Issue","No","0","28","8995.5"
"CUST-00282","1","United States","Texas","Houston","90282","29.7","-99.9","29.7, -99.9","Male","0","No","No","11","Yes","Yes","DSL","No","No","No","Yes","Yes","No","Annual","No","NetBanking","586","6446","Great support and reliable network experience","0","Network Issue","Yes","1","43","7186.1"
"CUST-00283","1","United States","Florida","Miami","90283","30.4","-98.8","30.4, -98.8","Male","0","Yes","No","35","Yes","No","Cable","No","No","No","No","No","Yes","Monthly","No","UPI","593","20755","Customer service quality dropped after onboarding","-0.5","Service Issue","Yes","1","36","12778.25"
"CUST-00284","1","United States","New York","New York","90284","31.1","-97.7","31.1, -97.7","Male","0","No","No","53","Yes","No","DSL","No","Yes","No","No","No","No","Quarterly","Yes","AutoPay","277","14681","Happy with the service quality and quick response","0.75","Service Issue","No","0","17","8520.35"
"CUST-00285","1","United States","Illinois","Chicago","90285","31.8","-96.6","31.8, -96.6","Male","0","No","Yes","38","Yes","No","DSL","Yes","No","No","No","Yes","Yes","Quarterly","Yes","AutoPay","323","12274","Customer reported average experience with no detailed feedback.","-0.9","Service Issue","Yes","1","27","7715.9"
"CUST-00286","1","United States","California","Los Angeles","90286","32.5","-95.5","32.5, -95.5","Male","0","Yes","No","17","Yes","Yes","DSL","No","No","Yes","Yes","No","No","Annual","Yes","AutoPay","483","8211","Price increase without enough added features","0","Pricing Issue","No","0","23","7111.85"
"CUST-00287","1","United States","Texas","Houston","90287","33.2","-94.4","33.2, -94.4","Male","1","No","No","22","Yes","Yes","DSL","No","Yes","No","No","No","Yes","Monthly","No","UPI","500","11000","Monthly charges are too high and pricing is confusing","0","Pricing Issue","Yes","1","35","8334"
"CUST-00288","1","United States","Florida","Miami","90288","33.9","-93.3","33.9, -93.3","Female","0","No","No","14","Yes","No","DSL","No","No","No","No","Yes","No","Monthly","Yes","AutoPay","531","7434","Billing feels expensive for the value received","-0.857","Pricing Issue","Yes","1","33","7157.9"
"CUST-00289","1","United States","New York","New York","90289","34.6","-92.2","34.6, -92.2","Female","1","Yes","Yes","29","Yes","No","DSL","Yes","No","No","No","No","Yes","Annual","No","UPI","508","14732","Satisfied with pricing and product value","0.5","Pricing Issue","No","0","23","9858.2"
"CUST-00290","1","United States","Illinois","Chicago","90290","35.3","-91.1","35.3, -91.1","Male","0","No","No","16","Yes","No","DSL","No","Yes","No","Yes","No","No","Quarterly","Yes","Card","444","7104","Price increase without enough added features","0","Pricing Issue","Yes","1","20","6390.4"
"CUST-00291","1","United States","California","Los Angeles","90291","36","-90","36, -90","Female","0","No","No","25","Yes","Yes","DSL","No","No","Yes","No","Yes","Yes","Monthly","No","NetBanking","317","7925","Excellent issue resolution and friendly support team","0","Service Issue","No","0","21","5859.75"
"CUST-00292","1","United States","Texas","Houston","90292","36.7","-88.9","36.7, -88.9","Male","0","Yes","No","25","Yes","Yes","Cable","No","No","No","No","No","No","Annual","No","UPI","716","17900","Monthly charges are too high and pricing is confusing","0","Pricing Issue","Yes","1","43","12543"
"CUST-00293","1","United States","Florida","Miami","90293","37.4","-87.8","37.4, -87.8","Male","0","No","Yes","19","Yes","No","DSL","Yes","Yes","No","No","No","Yes","Quarterly","No","NetBanking","543","10317","Agents are not proactive and service follow-up is poor","-0.333","Service Issue","Yes","1","40","8372.95"
"CUST-00294","1","United States","New York","New York","90294","38.1","-86.7","38.1, -86.7","Female","0","No","No","50","Yes","No","Fiber optic","No","No","No","Yes","Yes","No","Quarterly","No","NetBanking","1384","69200","Excellent issue resolution and friendly support team","0","Service Issue","Yes","1","59","36392"
"CUST-00295","1","United States","Illinois","Chicago","90295","38.8","-85.6","38.8, -85.6","Male","0","Yes","No","51","Yes","No","Cable","No","No","No","No","No","Yes","Annual","Yes","AutoPay","1105","56355","Signal issues keep affecting daily usage","-0.5","Network Issue","Yes","1","45","29686.25"
"CUST-00296","1","United States","California","Los Angeles","90296","39.5","-84.5","39.5, -84.5","Male","0","No","No","9","Yes","Yes","Cable","No","Yes","Yes","No","No","No","Monthly","Yes","AutoPay","683","6147","Agents are not proactive and service follow-up is poor","-0.333","Service Issue","Yes","1","37","7813.45"
"CUST-00297","1","United States","Texas","Houston","90297","40.2","-83.4","40.2, -83.4","Female","0","No","Yes","2","Yes","Yes","Cable","Yes","No","No","No","Yes","Yes","Quarterly","Yes","Card","564","1128","Customer service quality dropped after onboarding","-0.5","Service Issue","Yes","1","36","4950.8"
"CUST-00298","1","United States","Florida","Miami","90298","40.9","-82.3","40.9, -82.3","Male","0","Yes","No","64","Yes","No","Cable","No","No","No","Yes","No","No","Monthly","Yes","Card","762","48768","Too many disconnects and latency problems","0","Network Issue","No","0","28","24572.8"
"CUST-00299","1","United States","New York","New York","90299","41.6","-81.2","41.6, -81.2","Female","0","No","No","68","Yes","No","DSL","No","Yes","No","No","No","Yes","Monthly","Yes","AutoPay","649","32504","Satisfied with pricing and product value","0.5","Pricing Issue","No","0","31","18064.4"
"CUST-00300","1","United States","Illinois","Chicago","90300","42.3","-80.1","42.3, -80.1","Female","0","No","No","70","Yes","No","Cable","No","No","No","No","Yes","No","Quarterly","Yes","Card","639","44730","Frequent network outages and unstable connectivity","-0.5","Network Issue","Yes","1","23","22307.5"
"CUST-00301","1","United States","California","Los Angeles","90301","43","-79","43, -79","Female","1","Yes","Yes","34","Yes","Yes","Cable","Yes","No","Yes","No","No","Yes","Monthly","Yes","AutoPay","1081","36754","Excellent issue resolution and friendly support team","0","Service Issue","Yes","1","42","22259.9"
"CUST-00302","1","United States","Texas","Houston","90302","43.7","-77.9","43.7, -77.9","Male","0","No","No","12","Yes","Yes","DSL","No","Yes","No","Yes","No","No","Quarterly","Yes","AutoPay","540","6480","Happy with the service quality and quick response","0.75","Service Issue","Yes","1","36","6852"
"CUST-00303","1","United States","Florida","Miami","90303","44.4","-76.8","44.4, -76.8","Female","0","No","No","47","Yes","No","DSL","No","No","No","No","Yes","Yes","Monthly","Yes","AutoPay","262","12314","Signal issues keep affecting daily usage","-0.5","Network Issue","No","0","12","7439.9"
"CUST-00304","1","United States","New York","New York","90304","45.1","-75.7","45.1, -75.7","Male","1","Yes","No","24","Yes","No","Cable","No","No","No","No","No","No","Annual","Yes","AutoPay","695","16680","Customer reported average experience with no detailed feedback.","-0.857","Pricing Issue","Yes","1","35","11926"
"CUST-00305","1","United States","Illinois","Chicago","90305","45.8","-74.6","45.8, -74.6","Male","0","No","Yes","38","Yes","No","Fiber optic","Yes","Yes","No","No","No","Yes","Annual","Yes","AutoPay","1365","51870","Billing feels expensive for the value received","-0.857","Pricing Issue","Yes","1","55","29910.5"
"CUST-00306","1","United States","California","Los Angeles","90306","46.5","-73.5","46.5, -73.5","Male","0","No","No","8","Yes","Yes","Cable","No","No","Yes","Yes","Yes","No","Quarterly","Yes","Card","964","7712","Satisfied with pricing and product value","0.5","Pricing Issue","Yes","1","41","10587.2"
"CUST-00307","1","United States","Texas","Houston","90307","47.2","-72.4","47.2, -72.4","Female","0","Yes","No","25","Yes","Yes","DSL","No","No","No","No","No","Yes","Annual","No","NetBanking","588","14700","Smooth onboarding and very helpful account manager","0.857","Service Issue","Yes","1","29","10399"
"CUST-00308","1","United States","Florida","Miami","90308","47.9","-71.3","47.9, -71.3","Male","0","No","No","30","Yes","No","DSL","No","Yes","No","No","No","No","Monthly","No","UPI","279","8370","Great support and reliable network experience","0","Network Issue","Yes","1","22","5821.5"
"CUST-00309","1","United States","New York","New York","90309","48.6","-70.2","48.6, -70.2","Male","0","No","Yes","24","Yes","No","Cable","Yes","No","No","No","Yes","Yes","Monthly","Yes","AutoPay","682","16368","The plan cost feels high compared with competitors","0","Pricing Issue","Yes","1","34","11712.8"
"CUST-00310","1","United States","Illinois","Chicago","90310","25.3","-69.1","25.3, -69.1","Female","0","Yes","No","55","Yes","No","Cable","No","No","No","Yes","No","No","Monthly","No","UPI","738","40590","Great support and reliable network experience","0","Network Issue","No","0","39","21320.5"
"CUST-00311","1","United States","California","Los Angeles","90311","26","-68","26, -68","Male","1","No","No","3","Yes","Yes","Cable","No","Yes","Yes","No","No","Yes","Monthly","Yes","AutoPay","977","2931","Support response is slow and issue resolution takes too long","-0.9","Service Issue","No","0","32","8907.85"
"CUST-00312","1","United States","Texas","Houston","90312","26.7","-123.9","26.7, -123.9","Male","0","No","No","16","Yes","Yes","DSL","No","No","No","No","Yes","No","Annual","Yes","Card","565","9040","Agents are not proactive and service follow-up is poor","-0.333","Service Issue","Yes","1","25","8036"
"CUST-00313","1","United States","Florida","Miami","90313","27.4","-122.8","27.4, -122.8","Male","0","Yes","Yes","21","Yes","No","Cable","Yes","No","No","No","No","Yes","Quarterly","Yes","AutoPay","653","13713","Frequent network outages and unstable connectivity","-0.5","Network Issue","Yes","1","41","10485.55"
"CUST-00314","1","United States","New York","New York","90314","28.1","-121.7","28.1, -121.7","Female","0","No","No","20","Yes","No","DSL","No","Yes","No","Yes","No","No","Monthly","Yes","Card","317","6340","The plan cost feels high compared with competitors","0","Pricing Issue","Yes","1","17","5195"
"CUST-00315","1","United States","Illinois","Chicago","90315","28.8","-120.6","28.8, -120.6","Female","0","No","No","27","Yes","No","DSL","No","No","No","No","Yes","Yes","Annual","Yes","AutoPay","374","10098","Signal issues keep affecting daily usage","-0.5","Network Issue","Yes","1","31","7120.3"
"CUST-00316","1","United States","California","Los Angeles","90316","29.5","-119.5","29.5, -119.5","Male","0","Yes","No","48","Yes","Yes","Cable","No","No","Yes","No","No","No","Monthly","No","NetBanking","925","44400","Frustrated with repeated support delays","-1","Service Issue","No","0","26","23996"
"CUST-00317","1","United States","Texas","Houston","90317","30.2","-118.4","30.2, -118.4","Female","0","No","Yes","63","Yes","Yes","DSL","Yes","Yes","No","No","No","Yes","Quarterly","No","NetBanking","412","25956","Price increase without enough added features","0","Pricing Issue","Yes","1","15","13766.6"
"CUST-00318","1","United States","Florida","Miami","90318","30.9","-117.3","30.9, -117.3","Female","0","No","No","62","Yes","No","Fiber optic","No","No","No","Yes","Yes","No","Annual","Yes","AutoPay","1315","81530","Frequent network outages and unstable connectivity","-0.5","Network Issue","Yes","1","54","40419.5"
"CUST-00319","1","United States","New York","New York","90319","31.6","-116.2","31.6, -116.2","Male","0","Yes","No","50","Yes","No","DSL","No","No","No","No","No","Yes","Annual","No","UPI","440","22000","Satisfied with pricing and product value","0.5","Pricing Issue","Yes","1","20","12320"
"CUST-00320","1","United States","Illinois","Chicago","90320","32.3","-115.1","32.3, -115.1","Male","0","No","No","57","Yes","No","Cable","No","Yes","No","No","No","No","Quarterly","Yes","Card","632","36024","Customer service quality dropped after onboarding","-0.5","Service Issue","Yes","1","27","18918.4"
"CUST-00321","1","United States","California","Los Angeles","90321","33","-114","33, -114","Female","0","No","Yes","70","Yes","Yes","Cable","Yes","No","Yes","No","Yes","Yes","Monthly","Yes","AutoPay","642","44940","Excellent issue resolution and friendly support team","0","Service Issue","No","0","33","22405"
"CUST-00322","1","United States","Texas","Houston","90322","33.7","-112.9","33.7, -112.9","Male","0","Yes","No","18","Yes","Yes","DSL","No","No","No","Yes","No","No","Quarterly","Yes","AutoPay","649","4860","Excellent issue resolution and friendly support team","0","Service Issue","No","0","27","7289"
"CUST-00323","1","United States","Florida","Miami","90323","34.4","-111.8","34.4, -111.8","Male","0","No","No","43","Yes","No","DSL","No","Yes","No","No","No","Yes","Monthly","Yes","Card","477","20511","Customer reported average experience with no detailed feedback.","0","Pricing Issue","Yes","1","29","11940.85"
"CUST-00324","1","United States","New York","New York","90324","35.1","-110.7","35.1, -110.7","Female","0","No","No","68","Yes","No","Cable","No","No","No","No","Yes","No","Annual","No","UPI","733","49844","Price increase without enough added features","0","Pricing Issue","Yes","1","37","24805.4"
"CUST-00325","1","United States","Illinois","Chicago","90325","35.8","-109.6","35.8, -109.6","Female","1","Yes","Yes","5","Yes","No","Cable","Yes","No","No","No","No","Yes","Monthly","No","NetBanking","898","4490","Smooth onboarding and very helpful account manager","0.857","Service Issue","Yes","1","40","8865.5"
"CUST-00326","1","United States","California","Los Angeles","90326","36.5","-108.5","36.5, -108.5","Male","0","No","No","59","Yes","Yes","Cable","No","Yes","Yes","Yes","No","No","Monthly","No","UPI","768","45312","Support response is slow and issue resolution takes too long","-0.9","Service Issue","Yes","1","35","23301.2"
"CUST-00327","1","United States","Texas","Houston","90327","37.2","-107.4","37.2, -107.4","Female","0","No","No","26","Yes","Yes","DSL","No","No","No","No","Yes","Yes","Monthly","No","NetBanking","345","8970","Internet speed dropped and network quality is poor","-1","Network Issue","No","0","16","6471.5"
"CUST-00328","1","United States","Florida","Miami","90328","37.9","-106.3","37.9, -106.3","Male","1","Yes","No","12","Yes","No","Cable","No","No","No","No","No","No","Annual","Yes","Card","558","6696","Agents are not proactive and service follow-up is poor","-0.333","Service Issue","Yes","1","35","7071.6"
"CUST-00329","1","United States","New York","New York","90329","38.6","-105.2","38.6, -105.2","Male","0","No","Yes","48","Yes","No","Cable","Yes","Yes","No","No","No","Yes","Monthly","Yes","AutoPay","1046","50208","Smooth onboarding and very helpful account manager","0.857","Service Issue","No","0","48","26996.8"
"CUST-00330","1","United States","Illinois","Chicago","90330","39.3","-104.1","39.3, -104.1","Male","0","No","No","61","Yes","No","DSL","No","No","No","Yes","Yes","No","Annual","No","UPI","495","30195","Smooth onboarding and very helpful account manager","0.857","Service Issue","No","0","24","15870.25"
"CUST-00331","1","United States","California","Los Angeles","90331","40","-103","40, -103","Female","0","Yes","No","9","Yes","Yes","Cable","No","No","Yes","No","No","Yes","Annual","No","UPI","713","6417","Customer service quality dropped after onboarding","-0.5","Service Issue","Yes","1","35","8147.95"
"CUST-00332","1","United States","Texas","Houston","90332","40.7","-101.9","40.7, -101.9","Female","0","No","No","25","Yes","Yes","Cable","No","Yes","No","No","No","No","Annual","No","UPI","1006","25150","The plan cost feels high compared with competitors","0","Pricing Issue","Yes","1","52","17400.5"
"CUST-00333","1","United States","Florida","Miami","90333","41.4","-100.8","41.4, -100.8","Male","0","No","Yes","11","Yes","No","Cable","Yes","No","No","No","Yes","Yes","Quarterly","Yes","Card","808","8888","Monthly charges are too high and pricing is confusing","0","Pricing Issue","No","0","27","9816.8"
"CUST-00334","1","United States","New York","New York","90334","42.1","-99.7","42.1, -99.7","Female","0","Yes","No","23","Yes","No","Cable","No","No","No","Yes","No","No","Annual","No","UPI","1037","23851","Satisfied with pricing and product value","0.5","Pricing Issue","No","0","37","17149.85"
"CUST-00335","1","United States","Illinois","Chicago","90335","42.8","-98.6","42.8, -98.6","Male","0","No","No","25","Yes","No","Cable","No","Yes","No","No","No","Yes","Monthly","No","NetBanking","701","17525","The plan cost feels high compared with competitors","0","Pricing Issue","Yes","1","33","12291.75"
"CUST-00336","1","United States","California","Los Angeles","90336","43.5","-97.5","43.5, -97.5","Male","0","No","No","55","Yes","Yes","Cable","No","No","Yes","No","Yes","No","Annual","No","UPI","803","44165","Customer service quality dropped after onboarding","-0.5","Service Issue","No","0","37","23091.75"
"CUST-00337","1","United States","Texas","Houston","90337","44.2","-96.4","44.2, -96.4","Male","0","Yes","Yes","24","Yes","Yes","Cable","Yes","No","No","No","No","Yes","Quarterly","No","NetBanking","996","23904","Satisfied with pricing and product value","0.5","Pricing Issue","Yes","1","46","16862.4"
"CUST-00338","1","United States","Florida","Miami","90338","44.9","-95.3","44.9, -95.3","Female","0","No","No","51","Yes","No","Cable","No","Yes","No","Yes","No","No","Annual","No","NetBanking","814","41514","Customer service quality dropped after onboarding","-0.5","Service Issue","No","0","41","22163.9"
"CUST-00339","1","United States","New York","New York","90339","45.6","-94.2","45.6, -94.2","Male","0","No","No","19","Yes","No","DSL","No","No","No","No","Yes","Yes","Monthly","No","NetBanking","484","9196","Monthly charges are too high and pricing is confusing","0","Pricing Issue","No","0","24","7508.6"
"CUST-00340","1","United States","Illinois","Chicago","90340","46.3","-93.1","46.3, -93.1","Male","0","Yes","No","15","Yes","No","Cable","No","No","No","No","No","No","Annual","Yes","Card","750","11250","The plan cost feels high compared with competitors","0","Pricing Issue","Yes","1","33","10267.5"
"CUST-00341","1","United States","California","Los Angeles","90341","47","-92","47, -92","Male","0","No","Yes","24","Yes","Yes","Cable","Yes","Yes","Yes","No","No","Yes","Monthly","Yes","AutoPay","967","23208","Excellent issue resolution and friendly support team","0","Service Issue","Yes","1","45","16386.8"
"CUST-00342","1","United States","Texas","Houston","90342","47.7","-90.9","47.7, -90.9","Male","0","No","No","49","Yes","Yes","DSL","No","No","No","Yes","Yes","No","Annual","Yes","Card","385","18865","Customer reported average experience with no detailed feedback.","0.75","Service Issue","No","0","19","10760.75"
"CUST-00343","1","United States","Florida","Miami","90343","48.4","-89.8","48.4, -89.8","Male","0","Yes","No","20","Yes","No","Fiber optic","No","No","No","No","No","Yes","Quarterly","Yes","AutoPay","1535","30700","Agents are not proactive and service follow-up is poor","-0.333","Service Issue","No","0","54","23465"
"CUST-00344","1","United States","New York","New York","90344","25.1","-88.7","25.1, -88.7","Female","0","No","No","37","Yes","No","Cable","No","Yes","No","No","No","No","Annual","No","NetBanking","1077","39849","Frequent network outages and unstable connectivity","-0.5","Network Issue","No","0","42","23377.15"
"CUST-00345","1","United States","Illinois","Chicago","90345","25.8","-87.6","25.8, -87.6","Female","0","No","Yes","38","Yes","No","Cable","Yes","No","No","No","Yes","Yes","Monthly","Yes","Card","649","22876","Customer service quality dropped after onboarding","-0.5","Service Issue","No","0","31","14034.6"
"CUST-00346","1","United States","California","Los Angeles","90346","26.5","-86.5","26.5, -86.5","Male","0","Yes","No","60","Yes","Yes","Cable","No","No","Yes","Yes","No","No","Quarterly","No","UPI","1128","67680","Support response is slow and issue resolution takes too long","-0.9","Service Issue","Yes","1","40","34032"
"CUST-00347","1","United States","Texas","Houston","90347","27.2","-85.4","27.2, -85.4","Female","0","No","No","31","Yes","Yes","Cable","No","Yes","No","No","No","Yes","Quarterly","No","UPI","838","25978","Excellent issue resolution and friendly support team","0","Service Issue","Yes","1","44","16478.3"
"CUST-00348","1","United States","Florida","Miami","90348","27.9","-84.3","27.9, -84.3","Male","0","No","No","67","Yes","No","Fiber optic","No","No","No","No","Yes","No","Monthly","Yes","Card","1475","98825","Customer service quality dropped after onboarding","-0.5","Service Issue","No","0","44","47862.75"
"CUST-00349","1","United States","New York","New York","90349","28.6","-83.2","28.6, -83.2","Male","0","Yes","Yes","10","Yes","No","DSL","Yes","No","No","No","No","Yes","Annual","No","NetBanking","436","4360","Smooth onboarding and very helpful account manager","0.857","Service Issue","Yes","1","23","5234"
"CUST-00350","1","United States","Illinois","Chicago","90350","29.3","-82.1","29.3, -82.1","Male","0","No","No","31","Yes","No","Cable","No","Yes","No","Yes","No","No","Annual","No","UPI","735","22785","Smooth onboarding and very helpful account manager","0.857","Service Issue","Yes","1","39","14536.75"
"CUST-00351","1","United States","California","Los Angeles","90351","30","-81","30, -81","Female","1","No","No","39","Yes","Yes","Fiber optic","No","No","Yes","No","Yes","Yes","Quarterly","No","NetBanking","1553","60567","Price increase without enough added features","0","Pricing Issue","Yes","1","55","34480.45"
"CUST-00352","1","United States","Texas","Houston","90352","30.7","-79.9","30.7, -79.9","Female","0","Yes","No","44","Yes","Yes","DSL","No","No","No","No","No","No","Quarterly","Yes","AutoPay","440","19360","Excellent issue resolution and friendly support team","0","Service Issue","No","0","30","11264"
"CUST-00353","1","United States","Florida","Miami","90353","31.4","-78.8","31.4, -78.8","Male","1","No","Yes","31","Yes","No","Cable","Yes","Yes","No","No","No","Yes","Monthly","Yes","AutoPay","611","18941","Support response is slow and issue resolution takes too long","-0.9","Service Issue","Yes","1","32","12199.35"
"CUST-00354","1","United States","New York","New York","90354","32.1","-77.7","32.1, -77.7","Female","0","No","No","71","Yes","No","DSL","No","No","No","Yes","Yes","No","Quarterly","Yes","AutoPay","452","32092","Billing feels expensive for the value received","-0.857","Pricing Issue","No","0","30","16410.2"
"CUST-00355","1","United States","Illinois","Chicago","90355","32.8","-76.6","32.8, -76.6","Male","0","Yes","No","26","Yes","No","Cable","No","No","No","No","No","Yes","Quarterly","Yes","AutoPay","684","17784","Great support and reliable network experience","0","Network Issue","Yes","1","28","12268.4"
"CUST-00356","1","United States","California","Los Angeles","90356","33.5","-75.5","33.5, -75.5","Male","0","No","No","16","Yes","Yes","DSL","No","Yes","Yes","No","No","No","Monthly","Yes","AutoPay","256","4096","Great support and reliable network experience","0","Network Issue","No","0","12","3833.6"
"CUST-00357","1","United States","Texas","Houston","90357","34.2","-74.4","34.2, -74.4","Female","0","No","Yes","51","Yes","Yes","Cable","Yes","No","No","No","Yes","Yes","Quarterly","Yes","AutoPay","1056","53856","Frequent network outages and unstable connectivity","-0.5","Network Issue","Yes","1","44","28419.6"
"CUST-00358","1","United States","Florida","Miami","90358","34.9","-73.3","34.9, -73.3","Female","0","Yes","No","19","Yes","No","Cable","No","No","No","Yes","No","No","Monthly","No","UPI","752","14288","Frustrated with repeated support delays","-1","Service Issue","Yes","1","35","11434.8"
"CUST-00359","1","United States","New York","New York","90359","35.6","-72.2","35.6, -72.2","Female","1","No","No","2","Yes","No","DSL","No","Yes","No","No","No","Yes","Quarterly","Yes","Card","550","1100","Great support and reliable network experience","0","Network Issue","Yes","1","26","4829"
"CUST-00360","1","United States","Illinois","Chicago","90360","36.3","-71.1","36.3, -71.1","Male","0","No","No","65","Yes","No","DSL","No","No","No","No","Yes","No","Monthly","Yes","Card","342","22230","Signal issues keep affecting daily usage","-0.5","Network Issue","Yes","1","19","11946.5"
"CUST-00361","1","United States","California","Los Angeles","90361","37","-70","37, -70","Female","0","Yes","Yes","52","Yes","Yes","DSL","Yes","No","Yes","No","No","Yes","Monthly","Yes","AutoPay","467","24284","Customer reported average experience with no detailed feedback.","0.857","Service Issue","No","0","23","13379.4"
"CUST-00362","1","United States","Texas","Houston","90362","37.7","-68.9","37.7, -68.9","Male","0","No","No","56","Yes","Yes","Fiber optic","No","Yes","No","Yes","No","No","Quarterly","Yes","AutoPay","1271","71176","Agents are not proactive and service follow-up is poor","-0.333","Service Issue","Yes","1","50","36311.6"
"CUST-00363","1","United States","Florida","Miami","90363","38.4","-67.8","38.4, -67.8","Male","0","No","No","32","Yes","No","DSL","No","No","No","No","Yes","Yes","Monthly","No","UPI","255","8160","Frequent network outages and unstable connectivity","-0.5","Network Issue","Yes","1","18","5600"
"CUST-00364","1","United States","New York","New York","90364","39.1","-123.7","39.1, -123.7","Female","0","Yes","No","48","Yes","No","Fiber optic","No","No","No","No","No","No","Monthly","No","NetBanking","1290","61920","Billing feels expensive for the value received","-0.857","Pricing Issue","Yes","1","47","33048"
"CUST-00365","1","United States","Illinois","Chicago","90365","39.8","-122.6","39.8, -122.6","Male","0","No","Yes","62","Yes","No","Cable","Yes","Yes","No","No","No","Yes","Annual","Yes","AutoPay","912","56544","Billing feels expensive for the value received","-0.857","Pricing Issue","No","0","34","28450.4"
"CUST-00366","1","United States","California","Los Angeles","90366","40.5","-121.5","40.5, -121.5","Male","0","No","No","18","Yes","Yes","Cable","No","No","Yes","Yes","Yes","No","Monthly","No","NetBanking","784","14112","Agents are not proactive and service follow-up is poor","-0.333","Service Issue","Yes","1","28","11607.2"
"CUST-00367","1","United States","Texas","Houston","90367","41.2","-120.4","41.2, -120.4","Male","0","Yes","No","37","Yes","Yes","Cable","No","No","No","No","No","Yes","Annual","Yes","AutoPay","759","28083","The plan cost feels high compared with competitors","0","Pricing Issue","Yes","1","36","16715.05"
"CUST-00368","1","United States","Florida","Miami","90368","41.9","-119.3","41.9, -119.3","Male","0","No","No","33","Yes","No","DSL","No","Yes","No","No","No","No","Monthly","No","UPI","649","11121","Frustrated with repeated support delays","-1","Service Issue","Yes","1","27","9810.35"
"CUST-00369","1","United States","New York","New York","90369","42.6","-118.2","42.6, -118.2","Male","0","No","Yes","67","Yes","No","Cable","Yes","No","No","No","Yes","Yes","Quarterly","No","NetBanking","837","56079","Happy with the service quality and quick response","0.75","Service Issue","Yes","1","40","27797.65"
"CUST-00370","1","United States","Illinois","Chicago","90370","43.3","-117.1","43.3, -117.1","Male","0","Yes","No","63","Yes","No","DSL","No","No","No","Yes","No","No","Quarterly","Yes","Card","490","30870","Happy with the service quality and quick response","0.75","Service Issue","No","0","15","16110.5"
"CUST-00371","1","United States","California","Los Angeles","90371","44","-116","44, -116","Male","0","No","No","54","Yes","Yes","DSL","No","Yes","Yes","No","No","Yes","Quarterly","Yes","AutoPay","433","23382","Customer service quality dropped after onboarding","-0.5","Service Issue","Yes","1","22","12835.7"
"CUST-00372","1","United States","Texas","Houston","90372","44.7","-114.9","44.7, -114.9","Female","0","No","No","28","Yes","Yes","DSL","No","No","No","No","Yes","No","Monthly","Yes","Card","405","11340","Too many disconnects and latency problems","0","Network Issue","Yes","1","24","7825"
"CUST-00373","1","United States","Florida","Miami","90373","45.4","-113.8","45.4, -113.8","Male","0","Yes","Yes","60","Yes","No","Cable","Yes","No","No","No","No","Yes","Quarterly","Yes","AutoPay","676","40560","Frustrated with repeated support delays","-1","Service Issue","No","0","36","20924"
"CUST-00374","1","United States","New York","New York","90374","46.1","-112.7","46.1, -112.7","Female","0","No","No","44","Yes","No","Cable","No","Yes","No","Yes","No","No","Monthly","Yes","Card","1128","49632","Smooth onboarding and very helpful account manager","0.857","Service Issue","No","0","53","27363.2"
"CUST-00375","1","United States","Illinois","Chicago","90375","46.8","-111.6","46.8, -111.6","Female","0","No","No","14","Yes","No","DSL","No","No","No","No","Yes","Yes","Monthly","Yes","Card","360","5040","Customer service quality dropped after onboarding","-0.5","Service Issue","Yes","1","31","4952"
"CUST-00376","1","United States","California","Los Angeles","90376","47.5","-110.5","47.5, -110.5","Female","0","Yes","No","26","Yes","Yes","Cable","No","No","Yes","No","No","No","Quarterly","No","NetBanking","1079","28054","Customer service quality dropped after onboarding","-0.5","Service Issue","Yes","1","49","19022.9"
"CUST-00377","1","United States","Texas","Houston","90377","48.2","-109.4","48.2, -109.4","Female","0","No","Yes","17","Yes","Yes","DSL","Yes","Yes","No","No","No","Yes","Quarterly","Yes","Card","463","7871","Monthly charges are too high and pricing is confusing","0","Pricing Issue","Yes","1","31","6832.85"
"CUST-00378","1","United States","Florida","Miami","90378","48.9","-108.3","48.9, -108.3","Male","1","No","No","41","Yes","No","Cable","No","No","No","Yes","Yes","No","Annual","Yes","Card","718","29438","Frustrated with repeated support delays","-1","Service Issue","Yes","1","31","16949.3"
"CUST-00379","1","United States","New York","New York","90379","25.6","-107.2","25.6, -107.2","Male","0","Yes","No","64","Yes","No","DSL","No","No","No","No","No","Yes","Annual","No","UPI","397","25408","The plan cost feels high compared with competitors","0","Pricing Issue","No","0","24","13476.8"
"CUST-00380","1","United States","Illinois","Chicago","90380","26.3","-106.1","26.3, -106.1","Male","0","No","No","15","Yes","No","DSL","No","Yes","No","No","No","No","Annual","Yes","AutoPay","299","4485","Customer reported average experience with no detailed feedback.","0","Network Issue","No","0","14","4291.75"
"CUST-00381","1","United States","California","Los Angeles","90381","27","-105","27, -105","Female","0","No","Yes","9","Yes","Yes","Cable","Yes","No","Yes","No","Yes","Yes","Quarterly","Yes","Card","1141","10269","Support response is slow and issue resolution takes too long","-0.9","Service Issue","Yes","1","51","12920.15"
"CUST-00382","1","United States","Texas","Houston","90382","27.7","-103.9","27.7, -103.9","Female","0","Yes","No","61","Yes","Yes","Cable","No","No","No","Yes","No","No","Quarterly","Yes","Card","896","54656","Agents are not proactive and service follow-up is poor","-0.333","Service Issue","No","0","32","27639.6"
"CUST-00383","1","United States","Florida","Miami","90383","28.4","-102.8","28.4, -102.8","Male","0","No","No","60","Yes","No","DSL","No","Yes","No","No","No","Yes","Quarterly","No","UPI","318","19080","Great support and reliable network experience","0","Network Issue","No","0","15","10542"
"CUST-00384","1","United States","New York","New York","90384","29.1","-101.7","29.1, -101.7","Male","0","No","No","62","Yes","No","DSL","No","No","No","No","Yes","No","Quarterly","Yes","AutoPay","443","27466","Too many disconnects and latency problems","0","Network Issue","No","0","31","14521.1"
"CUST-00385","1","United States","Illinois","Chicago","90385","29.8","-100.6","29.8, -100.6","Female","0","Yes","Yes","7","Yes","No","DSL","Yes","No","No","No","No","Yes","Quarterly","No","NetBanking","533","3731","Frustrated with repeated support delays","-1","Service Issue","No","0","27","5723.85"
"CUST-00386","1","United States","California","Los Angeles","90386","30.5","-99.5","30.5, -99.5","Male","0","No","No","48","Yes","Yes","Cable","No","Yes","Yes","Yes","No","No","Quarterly","No","UPI","984","47232","Billing feels expensive for the value received","-0.857","Pricing Issue","Yes","1","36","25459.2"
"CUST-00387","1","United States","Texas","Houston","90387","31.2","-98.4","31.2, -98.4","Female","0","No","No","51","Yes","Yes","DSL","No","No","No","No","Yes","Yes","Monthly","Yes","Card","398","20298","Customer service quality dropped after onboarding","-0.5","Service Issue","No","0","21","11410.3"
"CUST-00388","1","United States","Florida","Miami","90388","31.9","-97.3","31.9, -97.3","Male","0","Yes","No","7","Yes","No","Cable","No","No","No","No","No","No","Quarterly","No","UPI","952","6664","Too many disconnects and latency problems","0","Network Issue","Yes","1","31","10102.4"
"CUST-00389","1","United States","New York","New York","90389","32.6","-96.2","32.6, -96.2","Male","1","No","Yes","48","Yes","No","Cable","Yes","Yes","No","No","No","Yes","Quarterly","No","NetBanking","1068","51264","Billing feels expensive for the value received","-0.857","Pricing Issue","Yes","1","32","27542.4"
"CUST-00390","1","United States","Illinois","Chicago","90390","33.3","-95.1","33.3, -95.1","Female","1","No","No","68","Yes","No","Cable","No","No","No","Yes","Yes","No","Quarterly","Yes","Card","829","56372","Satisfied with pricing and product value","0.5","Pricing Issue","No","0","34","27858.2"
"CUST-00391","1","United States","California","Los Angeles","90391","34","-94","34, -94","Male","0","Yes","No","19","Yes","Yes","Cable","No","No","Yes","No","No","Yes","Monthly","No","UPI","649","20311","Billing feels expensive for the value received","-0.857","Pricing Issue","Yes","1","41","12718.85"
"CUST-00392","1","United States","Texas","Houston","90392","34.7","-92.9","34.7, -92.9","Male","0","No","No","15","Yes","Yes","Cable","No","Yes","No","No","No","No","Monthly","Yes","AutoPay","706","10590","Satisfied with pricing and product value","0.5","Pricing Issue","Yes","1","31","9684.5"
"CUST-00393","1","United States","Florida","Miami","90393","35.4","-91.8","35.4, -91.8","Female","1","No","Yes","37","Yes","No","DSL","Yes","No","No","No","Yes","Yes","Quarterly","Yes","AutoPay","401","14837","Frequent network outages and unstable connectivity","-0.5","Network Issue","Yes","1","18","9214.95"
"CUST-00394","1","United States","New York","New York","90394","36.1","-90.7","36.1, -90.7","Male","0","Yes","No","16","Yes","No","Cable","No","No","No","Yes","No","No","Monthly","Yes","Card","1039","16624","The plan cost feels high compared with competitors","0","Pricing Issue","No","0","38","14482.4"
"CUST-00395","1","United States","Illinois","Chicago","90395","36.8","-89.6","36.8, -89.6","Female","0","No","No","23","Yes","No","Fiber optic","No","Yes","No","No","No","Yes","Annual","No","NetBanking","1179","27117","Price increase without enough added features","0","Pricing Issue","No","0","46","19428.95"
"CUST-00396","1","United States","California","Los Angeles","90396","37.5","-88.5","37.5, -88.5","Female","1","No","No","70","Yes","Yes","DSL","No","No","Yes","No","Yes","No","Monthly","No","UPI","480","33600","Agents are not proactive and service follow-up is poor","-0.333","Service Issue","No","0","17","17140"
"CUST-00397","1","United States","Texas","Houston","90397","38.2","-87.4","38.2, -87.4","Male","0","Yes","Yes","19","Yes","Yes","DSL","Yes","No","No","No","No","Yes","Annual","No","NetBanking","506","9614","Too many disconnects and latency problems","0","Network Issue","Yes","1","20","7830.9"
"CUST-00398","1","United States","Florida","Miami","90398","38.9","-86.3","38.9, -86.3","Male","1","No","No","45","Yes","No","Cable","No","Yes","No","Yes","No","No","Annual","Yes","Card","1099","49455","Billing feels expensive for the value received","-0.857","Pricing Issue","No","0","45","27091.25"
"CUST-00399","1","United States","New York","New York","90399","39.6","-85.2","39.6, -85.2","Male","0","No","No","49","Yes","No","Fiber optic","No","No","No","No","Yes","Yes","Monthly","No","UPI","1363","66787","Customer reported average experience with no detailed feedback.","0.75","Service Issue","Yes","1","54","35357.45"
"CUST-00400","1","United States","Illinois","Chicago","90400","40.3","-84.1","40.3, -84.1","Female","0","Yes","No","63","Yes","No","Cable","No","No","No","No","No","No","Quarterly","Yes","Card","723","45549","Frequent network outages and unstable connectivity","-0.5","Network Issue","No","0","30","23112.15"
"CUST-00401","1","United States","California","Los Angeles","90401","41","-83","41, -83","Male","0","No","Yes","28","Yes","Yes","Fiber optic","Yes","Yes","Yes","No","No","Yes","Monthly","Yes","Card","1321","36988","Frustrated with repeated support delays","-1","Service Issue","Yes","1","44","24129.8"
"CUST-00402","1","United States","Texas","Houston","90402","41.7","-81.9","41.7, -81.9","Male","0","No","No","19","Yes","Yes","DSL","No","No","No","Yes","Yes","No","Monthly","Yes","AutoPay","506","9614","Monthly charges are too high and pricing is confusing","0","Pricing Issue","No","0","27","7830.9"
"CUST-00403","1","United States","Florida","Miami","90403","42.4","-80.8","42.4, -80.8","Male","0","Yes","No","71","Yes","No","Cable","No","No","No","No","No","Yes","Quarterly","No","NetBanking","549","38979","Satisfied with pricing and product value","0.5","Pricing Issue","No","0","32","19596.65"
"CUST-00404","1","United States","New York","New York","90404","43.1","-79.7","43.1, -79.7","Male","0","No","No","66","Yes","No","DSL","No","Yes","No","No","No","No","Monthly","Yes","AutoPay","349","23034","Satisfied with pricing and product value","0.5","Pricing Issue","Yes","1","26","12305.9"
"CUST-00405","1","United States","Illinois","Chicago","90405","43.8","-78.6","43.8, -78.6","Female","0","No","Yes","61","Yes","No","DSL","Yes","No","No","No","Yes","Yes","Quarterly","Yes","Card","314","19154","The plan cost feels high compared with competitors","0","Pricing Issue","Yes","1","24","10557.9"
"CUST-00406","1","United States","California","Los Angeles","90406","44.5","-77.5","44.5, -77.5","Female","0","Yes","No","33","Yes","Yes","DSL","No","No","Yes","Yes","No","No","Annual","Yes","AutoPay","520","17160","Price increase without enough added features","0","Pricing Issue","Yes","1","32","10892"
"CUST-00407","1","United States","Texas","Houston","90407","45.2","-76.4","45.2, -76.4","Male","0","No","No","7","Yes","Yes","DSL","No","Yes","No","No","No","Yes","Quarterly","Yes","AutoPay","426","2982","Happy with the service quality and quick response","0.75","Service Issue","No","0","16","4605.7"
"CUST-00408","1","United States","Florida","Miami","90408","45.9","-75.3","45.9, -75.3","Male","0","No","No","38","Yes","No","Fiber optic","No","No","No","No","Yes","No","Annual","Yes","Card","1384","52592","Price increase without enough added features","0","Pricing Issue","No","0","52","30315.2"
"CUST-00409","1","United States","New York","New York","90409","46.6","-74.2","46.6, -74.2","Male","0","Yes","Yes","52","Yes","No","Fiber optic","Yes","No","No","No","No","Yes","Annual","No","UPI","1494","77688","Satisfied with pricing and product value","0.5","Pricing Issue","Yes","1","52","40286.8"
"CUST-00410","1","United States","Illinois","Chicago","90410","47.3","-73.1","47.3, -73.1","Male","0","No","No","29","Yes","No","DSL","No","Yes","No","Yes","No","No","Quarterly","No","NetBanking","438","12702","Customer service quality dropped after onboarding","-0.5","Service Issue","Yes","1","21","8587.7"
"CUST-00411","1","United States","California","Los Angeles","90411","48","-72","48, -72","Male","0","No","No","54","Yes","Yes","Cable","No","No","Yes","No","Yes","Yes","Monthly","No","UPI","617","33318","Price increase without enough added features","0","Pricing Issue","No","0","28","17785.3"
"CUST-00412","1","United States","Texas","Houston","90412","48.7","-70.9","48.7, -70.9","Male","1","Yes","No","42","Yes","Yes","DSL","No","No","No","No","No","No","Monthly","No","NetBanking","553","23226","Support response is slow and issue resolution takes too long","-0.9","Service Issue","Yes","1","24","13477.1"
"CUST-00413","1","United States","Florida","Miami","90413","25.4","-69.8","25.4, -69.8","Female","0","No","Yes","51","Yes","No","Fiber optic","Yes","Yes","No","No","No","Yes","Quarterly","No","NetBanking","1515","77265","Internet speed dropped and network quality is poor","-1","Network Issue","Yes","1","63","40284.75"
"CUST-00414","1","United States","New York","New York","90414","26.1","-68.7","26.1, -68.7","Female","0","No","No","3","Yes","No","DSL","No","No","No","Yes","Yes","No","Annual","Yes","Card","649","1059","Signal issues keep affecting daily usage","-0.5","Network Issue","Yes","1","27","5628.65"
"CUST-00415","1","United States","Illinois","Chicago","90415","26.8","-67.6","26.8, -67.6","Male","0","Yes","No","49","Yes","No","Cable","No","No","No","No","No","Yes","Monthly","Yes","AutoPay","944","46256","Frustrated with repeated support delays","-1","Service Issue","No","0","32","24819.6"
"CUST-00416","1","United States","California","Los Angeles","90416","27.5","-123.5","27.5, -123.5","Female","0","No","No","20","Yes","Yes","Cable","No","Yes","Yes","No","No","No","Monthly","No","UPI","707","14140","Billing feels expensive for the value received","-0.857","Pricing Issue","Yes","1","25","11045"
"CUST-00417","1","United States","Texas","Houston","90417","28.2","-122.4","28.2, -122.4","Female","0","No","Yes","32","Yes","Yes","Cable","Yes","No","No","No","Yes","Yes","Quarterly","Yes","AutoPay","597","19104","Too many disconnects and latency problems","0","Network Issue","No","0","26","12166.4"
"CUST-00418","1","United States","Florida","Miami","90418","28.9","-121.3","28.9, -121.3","Female","0","Yes","No","50","Yes","No","Cable","No","No","No","Yes","No","No","Quarterly","Yes","Card","854","42700","Customer reported average experience with no detailed feedback.","0","Pricing Issue","Yes","1","39","22877"
"CUST-00419","1","United States","New York","New York","90419","29.6","-120.2","29.6, -120.2","Female","0","No","No","43","Yes","No","DSL","No","Yes","No","No","No","Yes","Monthly","No","UPI","554","23822","Billing feels expensive for the value received","-0.857","Pricing Issue","Yes","1","37","13715.7"
"CUST-00420","1","United States","Illinois","Chicago","90420","30.3","-119.1","30.3, -119.1","Female","1","No","No","57","Yes","No","Cable","No","No","No","No","Yes","No","Annual","Yes","Card","629","35853","Customer service quality dropped after onboarding","-0.5","Service Issue","No","0","25","18834.55"
"CUST-00421","1","United States","California","Los Angeles","90421","31","-118","31, -118","Female","0","Yes","Yes","69","Yes","Yes","DSL","Yes","No","Yes","No","No","Yes","Monthly","No","UPI","381","26289","Billing feels expensive for the value received","-0.857","Pricing Issue","Yes","1","21","13767.15"
"CUST-00422","1","United States","Texas","Houston","90422","31.7","-116.9","31.7, -116.9","Male","0","No","No","25","Yes","Yes","Cable","No","Yes","No","Yes","No","No","Monthly","Yes","AutoPay","649","16225","Smooth onboarding and very helpful account manager","0.857","Service Issue","Yes","1","34","11420.75"
"CUST-00423","1","United States","Florida","Miami","90423","32.4","-115.8","32.4, -115.8","Male","0","No","No","17","Yes","No","Cable","No","No","No","No","Yes","Yes","Quarterly","No","UPI","725","12325","Signal issues keep affecting daily usage","-0.5","Network Issue","Yes","1","32","10487.75"
"CUST-00424","1","United States","New York","New York","90424","33.1","-114.7","33.1, -114.7","Male","0","Yes","No","22","Yes","No","Cable","No","No","No","No","No","No","Quarterly","No","UPI","720","15840","The plan cost feels high compared with competitors","0","Pricing Issue","Yes","1","36","11788"
"CUST-00425","1","United States","Illinois","Chicago","90425","33.8","-113.6","33.8, -113.6","Male","0","No","Yes","17","Yes","No","Cable","Yes","Yes","No","No","No","Yes","Quarterly","Yes","AutoPay","524","8908","Support response is slow and issue resolution takes too long","-0.9","Service Issue","No","0","22","7683.8"
"CUST-00426","1","United States","California","Los Angeles","90426","34.5","-112.5","34.5, -112.5","Male","0","No","No","59","Yes","Yes","Cable","No","No","Yes","Yes","Yes","No","Annual","Yes","Card","559","32981","Happy with the service quality and quick response","0.75","Service Issue","No","0","26","17313.35"
"CUST-00427","1","United States","Texas","Houston","90427","35.2","-111.4","35.2, -111.4","Male","1","Yes","No","33","Yes","Yes","Cable","No","No","No","No","No","Yes","Monthly","Yes","AutoPay","935","30855","The plan cost feels high compared with competitors","0","Pricing Issue","No","0","35","19005.25"
"CUST-00428","1","United States","Florida","Miami","90428","35.9","-110.3","35.9, -110.3","Male","0","No","No","48","Yes","No","DSL","No","Yes","No","No","No","No","Annual","No","NetBanking","604","28992","Support response is slow and issue resolution takes too long","-0.9","Service Issue","Yes","1","29","16035.2"
"CUST-00429","1","United States","New York","New York","90429","36.6","-109.2","36.6, -109.2","Female","0","No","Yes","72","Yes","No","Cable","Yes","No","No","No","Yes","Yes","Monthly","Yes","Card","535","38520","Great support and reliable network experience","0","Network Issue","No","0","28","19346"
"CUST-00430","1","United States","Illinois","Chicago","90430","37.3","-108.1","37.3, -108.1","Female","0","Yes","No","58","Yes","No","DSL","No","No","No","Yes","No","No","Monthly","Yes","AutoPay","422","24476","Customer service quality dropped after onboarding","-0.5","Service Issue","No","0","14","13218.6"
"CUST-00431","1","United States","California","Los Angeles","90431","38","-107","38, -107","Female","0","No","No","1","Yes","Yes","Cable","No","Yes","Yes","No","No","Yes","Monthly","Yes","Card","546","546","Monthly charges are too high and pricing is confusing","0","Pricing Issue","Yes","1","24","4581.1"
"CUST-00432","1","United States","Texas","Houston","90432","38.7","-105.9","38.7, -105.9","Male","1","No","No","20","Yes","Yes","DSL","No","No","No","No","Yes","No","Annual","No","UPI","388","7760","Customer service quality dropped after onboarding","-0.5","Service Issue","Yes","1","30","6260"
"CUST-00433","1","United States","Florida","Miami","90433","39.4","-104.8","39.4, -104.8","Female","0","Yes","Yes","47","Yes","No","Cable","Yes","No","No","No","No","Yes","Monthly","Yes","AutoPay","699","32853","Signal issues keep affecting daily usage","-0.5","Network Issue","No","0","24","18124.55"
"CUST-00434","1","United States","New York","New York","90434","40.1","-103.7","40.1, -103.7","Male","0","No","No","61","Yes","No","DSL","No","Yes","No","Yes","No","No","Monthly","Yes","AutoPay","360","21960","Customer service quality dropped after onboarding","-0.5","Service Issue","Yes","1","20","11908"
"CUST-00435","1","United States","Illinois","Chicago","90435","40.8","-102.6","40.8, -102.6","Female","0","No","No","66","Yes","No","Cable","No","No","No","No","Yes","Yes","Monthly","Yes","AutoPay","962","63492","Billing feels expensive for the value received","-0.857","Pricing Issue","Yes","1","35","31370.2"
"CUST-00436","1","United States","California","Los Angeles","90436","41.5","-101.5","41.5, -101.5","Female","0","Yes","No","20","Yes","Yes","Fiber optic","No","No","Yes","No","No","No","Annual","Yes","AutoPay","1421","28420","Frustrated with repeated support delays","-1","Service Issue","No","0","44","21755"
"CUST-00437","1","United States","Texas","Houston","90437","42.2","-100.4","42.2, -100.4","Female","0","No","Yes","59","Yes","Yes","DSL","Yes","Yes","No","No","No","Yes","Monthly","No","UPI","649","13570","Customer reported average experience with no detailed feedback.","-1","Service Issue","No","0","19","11239.5"
"CUST-00438","1","United States","Florida","Miami","90438","42.9","-99.3","42.9, -99.3","Male","1","No","No","18","Yes","No","Cable","No","No","No","Yes","Yes","No","Monthly","Yes","Card","715","12870","Happy with the service quality and quick response","0.75","Service Issue","No","0","32","10620.5"
"CUST-00439","1","United States","New York","New York","90439","43.6","-98.2","43.6, -98.2","Male","1","Yes","No","40","Yes","No","Cable","No","No","No","No","No","Yes","Quarterly","Yes","AutoPay","727","29080","Agents are not proactive and service follow-up is poor","-0.333","Service Issue","Yes","1","30","16874"
"CUST-00440","1","United States","Illinois","Chicago","90440","44.3","-97.1","44.3, -97.1","Female","1","No","No","69","Yes","No","Cable","No","Yes","No","No","No","No","Quarterly","No","UPI","574","39606","Customer service quality dropped after onboarding","-0.5","Service Issue","Yes","1","19","19972.1"
"CUST-00441","1","United States","California","Los Angeles","90441","45","-96","45, -96","Female","0","No","Yes","28","Yes","Yes","DSL","Yes","No","Yes","No","Yes","Yes","Monthly","Yes","Card","275","7700","Excellent issue resolution and friendly support team","0","Service Issue","No","0","15","5511"
"CUST-00442","1","United States","Texas","Houston","90442","45.7","-94.9","45.7, -94.9","Male","1","Yes","No","41","Yes","Yes","Cable","No","No","No","Yes","No","No","Annual","No","UPI","748","30668","Billing feels expensive for the value received","-0.857","Pricing Issue","No","0","30","17619.8"
"CUST-00443","1","United States","Florida","Miami","90443","46.4","-93.8","46.4, -93.8","Male","0","No","No","70","Yes","No","DSL","No","Yes","No","No","No","Yes","Monthly","Yes","AutoPay","482","33740","Satisfied with pricing and product value","0.5","Pricing Issue","Yes","1","30","17205"
"CUST-00444","1","United States","New York","New York","90444","47.1","-92.7","47.1, -92.7","Male","0","No","No","40","Yes","No","DSL","No","No","No","No","Yes","No","Quarterly","Yes","Card","587","23480","The plan cost feels high compared with competitors","0","Pricing Issue","No","0","36","13794"
"CUST-00445","1","United States","Illinois","Chicago","90445","47.8","-91.6","47.8, -91.6","Female","1","Yes","Yes","12","Yes","No","Cable","Yes","No","No","No","No","Yes","Annual","No","UPI","679","8148","Price increase without enough added features","0","Pricing Issue","Yes","1","38","8547.8"
"CUST-00446","1","United States","California","Los Angeles","90446","48.5","-90.5","48.5, -90.5","Female","0","No","No","68","Yes","Yes","DSL","No","Yes","Yes","Yes","No","No","Quarterly","Yes","Card","277","18836","Excellent issue resolution and friendly support team","0","Service Issue","No","0","19","10304.6"
"CUST-00447","1","United States","Texas","Houston","90447","25.2","-89.4","25.2, -89.4","Female","0","No","No","38","Yes","Yes","Cable","No","No","No","No","Yes","Yes","Quarterly","Yes","AutoPay","602","22876","Excellent issue resolution and friendly support team","0","Service Issue","Yes","1","26","13658.6"
"CUST-00448","1","United States","Florida","Miami","90448","25.9","-88.3","25.9, -88.3","Female","0","Yes","No","23","Yes","No","DSL","No","No","No","No","No","No","Quarterly","No","NetBanking","401","9223","Support response is slow and issue resolution takes too long","-0.9","Service Issue","Yes","1","22","6942.05"
"CUST-00449","1","United States","New York","New York","90449","26.6","-87.2","26.6, -87.2","Female","1","No","Yes","7","Yes","No","Cable","Yes","Yes","No","No","No","Yes","Annual","No","UPI","973","6811","Smooth onboarding and very helpful account manager","0.857","Service Issue","Yes","1","39","10321.85"
"CUST-00450","1","United States","Illinois","Chicago","90450","27.3","-86.1","27.3, -86.1","Female","1","No","No","51","Yes","No","Cable","No","No","No","Yes","Yes","No","Annual","Yes","AutoPay","864","44064","Price increase without enough added features","0","Pricing Issue","No","0","46","23456.4"
"CUST-00451","1","United States","California","Los Angeles","90451","28","-85","28, -85","Female","1","Yes","No","13","Yes","Yes","Cable","No","No","Yes","No","No","Yes","Quarterly","No","NetBanking","897","11661","Billing feels expensive for the value received","-0.857","Pricing Issue","Yes","1","38","11543.35"
"CUST-00452","1","United States","Texas","Houston","90452","28.7","-83.9","28.7, -83.9","Female","0","No","No","24","Yes","Yes","Cable","No","Yes","No","No","No","No","Annual","Yes","Card","932","22368","Excellent issue resolution and friendly support team","0","Service Issue","No","0","34","15812.8"
"CUST-00453","1","United States","Florida","Miami","90453","29.4","-82.8","29.4, -82.8","Male","0","No","Yes","24","Yes","No","DSL","Yes","No","No","No","Yes","Yes","Quarterly","No","UPI","431","10344","Customer service quality dropped after onboarding","-0.5","Service Issue","No","0","20","7596.4"
"CUST-00454","1","United States","New York","New York","90454","30.1","-81.7","30.1, -81.7","Male","0","Yes","No","72","Yes","No","Fiber optic","No","No","No","Yes","No","No","Quarterly","Yes","Card","1489","107208","Agents are not proactive and service follow-up is poor","-0.333","Service Issue","No","0","50","51018.8"
"CUST-00455","1","United States","Illinois","Chicago","90455","30.8","-80.6","30.8, -80.6","Male","0","No","No","7","Yes","No","DSL","No","Yes","No","No","No","Yes","Annual","Yes","Card","253","1771","Customer service quality dropped after onboarding","-0.5","Service Issue","Yes","1","24","2797.85"
"CUST-00456","1","United States","California","Los Angeles","90456","31.5","-79.5","31.5, -79.5","Male","0","No","No","69","Yes","Yes","Cable","No","No","Yes","No","Yes","No","Monthly","No","UPI","1025","70725","Customer reported average experience with no detailed feedback.","-0.333","Service Issue","No","0","35","34471.75"
"CUST-00457","1","United States","Texas","Houston","90457","32.2","-78.4","32.2, -78.4","Female","0","Yes","Yes","52","Yes","Yes","Cable","Yes","No","No","No","No","Yes","Monthly","Yes","Card","581","30212","Great support and reliable network experience","0","Network Issue","No","0","24","16366.2"
"CUST-00458","1","United States","Florida","Miami","90458","32.9","-77.3","32.9, -77.3","Female","0","No","No","10","Yes","No","Cable","No","Yes","No","Yes","No","No","Quarterly","Yes","AutoPay","858","8580","Price increase without enough added features","0","Pricing Issue","No","0","31","10087"
"CUST-00459","1","United States","New York","New York","90459","33.6","-76.2","33.6, -76.2","Male","0","No","No","5","Yes","No","Cable","No","No","No","No","Yes","Yes","Quarterly","Yes","Card","511","2555","Frustrated with repeated support delays","-1","Service Issue","No","0","28","5092.25"
"CUST-00460","1","United States","Illinois","Chicago","90460","34.3","-75.1","34.3, -75.1","Male","0","Yes","No","54","Yes","No","DSL","No","No","No","No","No","No","Annual","No","NetBanking","649","17766","Internet speed dropped and network quality is poor","-1","Network Issue","No","0","36","12598.1"
"CUST-00461","1","United States","California","Los Angeles","90461","35","-74","35, -74","Male","1","No","Yes","43","Yes","Yes","Cable","Yes","Yes","Yes","No","No","Yes","Monthly","Yes","AutoPay","728","31304","Too many disconnects and latency problems","0","Network Issue","No","0","38","17726.4"
"CUST-00462","1","United States","Texas","Houston","90462","35.7","-72.9","35.7, -72.9","Male","0","No","No","46","Yes","Yes","Cable","No","No","No","Yes","Yes","No","Monthly","No","UPI","751","34546","The plan cost feels high compared with competitors","0","Pricing Issue","Yes","1","28","19111.1"
"CUST-00463","1","United States","Florida","Miami","90463","36.4","-71.8","36.4, -71.8","Female","0","Yes","No","39","Yes","No","Cable","No","No","No","No","No","Yes","Quarterly","Yes","AutoPay","972","37908","Billing feels expensive for the value received","-0.857","Pricing Issue","Yes","1","40","21901.8"
"CUST-00464","1","United States","New York","New York","90464","37.1","-70.7","37.1, -70.7","Female","0","No","No","24","Yes","No","Cable","No","Yes","No","No","No","No","Monthly","Yes","AutoPay","573","13752","Monthly charges are too high and pricing is confusing","0","Pricing Issue","No","0","23","9925.2"
"CUST-00465","1","United States","Illinois","Chicago","90465","37.8","-69.6","37.8, -69.6","Male","0","No","Yes","34","Yes","No","DSL","Yes","No","No","No","Yes","Yes","Monthly","Yes","AutoPay","363","12342","Frequent network outages and unstable connectivity","-0.5","Network Issue","Yes","1","26","7971.7"
"CUST-00466","1","United States","California","Los Angeles","90466","38.5","-68.5","38.5, -68.5","Female","0","Yes","No","53","Yes","Yes","DSL","No","No","Yes","Yes","No","No","Quarterly","No","NetBanking","532","28196","Frustrated with repeated support delays","-1","Service Issue","Yes","1","38","15290.6"
"CUST-00467","1","United States","Texas","Houston","90467","39.2","-67.4","39.2, -67.4","Male","0","No","No","37","Yes","Yes","Cable","No","Yes","No","No","No","Yes","Annual","No","NetBanking","745","27565","Happy with the service quality and quick response","0.75","Service Issue","No","0","34","16421.75"
"CUST-00468","1","United States","Florida","Miami","90468","39.9","-123.3","39.9, -123.3","Male","1","No","No","8","Yes","No","Cable","No","No","No","No","Yes","No","Monthly","No","UPI","811","6488","Satisfied with pricing and product value","0.5","Pricing Issue","No","0","38","8934.8"
"CUST-00469","1","United States","New York","New York","90469","40.6","-122.2","40.6, -122.2","Male","1","Yes","Yes","49","Yes","No","Cable","Yes","No","No","No","No","Yes","Annual","Yes","AutoPay","746","36554","Smooth onboarding and very helpful account manager","0.857","Service Issue","Yes","1","40","19839.9"
"CUST-00470","1","United States","Illinois","Chicago","90470","41.3","-121.1","41.3, -121.1","Male","0","No","No","38","Yes","No","Fiber optic","No","Yes","No","Yes","No","No","Quarterly","No","UPI","1453","55214","Excellent issue resolution and friendly support team","0","Service Issue","No","0","59","31784.9"
"CUST-00471","1","United States","California","Los Angeles","90471","42","-120","42, -120","Male","0","No","No","8","Yes","Yes","Cable","No","No","Yes","No","Yes","Yes","Monthly","Yes","Card","561","4488","Signal issues keep affecting daily usage","-0.5","Network Issue","No","0","33","6234.8"
"CUST-00472","1","United States","Texas","Houston","90472","42.7","-118.9","42.7, -118.9","Female","0","Yes","No","38","Yes","Yes","Fiber optic","No","No","No","No","No","No","Monthly","No","UPI","1481","56278","Frustrated with repeated support delays","-1","Service Issue","Yes","1","53","32381.3"
"CUST-00473","1","United States","Florida","Miami","90473","43.4","-117.8","43.4, -117.8","Male","0","No","Yes","59","Yes","No","DSL","Yes","Yes","No","No","No","Yes","Annual","No","UPI","344","20296","Too many disconnects and latency problems","0","Network Issue","Yes","1","14","11153.6"
"CUST-00474","1","United States","New York","New York","90474","44.1","-116.7","44.1, -116.7","Male","0","No","No","67","Yes","No","Cable","No","No","No","Yes","Yes","No","Monthly","Yes","Card","657","44019","Too many disconnects and latency problems","0","Network Issue","No","0","24","22136.65"
"CUST-00475","1","United States","Illinois","Chicago","90475","44.8","-115.6","44.8, -115.6","Female","1","Yes","No","42","Yes","No","Cable","No","No","No","No","No","Yes","Monthly","No","UPI","1006","42252","Customer reported average experience with no detailed feedback.","0.857","Service Issue","Yes","1","39","23760.2"
"CUST-00476","1","United States","California","Los Angeles","90476","45.5","-114.5","45.5, -114.5","Male","1","No","No","1","Yes","Yes","DSL","No","Yes","Yes","No","No","No","Annual","Yes","Card","501","501","Frequent network outages and unstable connectivity","-0.5","Network Issue","No","0","28","4205.35"
"CUST-00477","1","United States","Texas","Houston","90477","46.2","-113.4","46.2, -113.4","Male","0","No","Yes","68","Yes","Yes","Fiber optic","Yes","No","No","No","Yes","Yes","Quarterly","Yes","Card","1504","102272","Satisfied with pricing and product value","0.5","Pricing Issue","Yes","1","48","49323.2"
"CUST-00478","1","United States","Florida","Miami","90478","46.9","-112.3","46.9, -112.3","Male","0","Yes","No","42","Yes","No","Cable","No","No","No","Yes","No","No","Annual","Yes","Card","586","24612","The plan cost feels high compared with competitors","0","Pricing Issue","Yes","1","20","14226.2"
"CUST-00479","1","United States","New York","New York","90479","47.6","-111.2","47.6, -111.2","Female","1","No","No","54","Yes","No","DSL","No","Yes","No","No","No","Yes","Monthly","Yes","AutoPay","453","24462","Support response is slow and issue resolution takes too long","-0.9","Service Issue","Yes","1","17","13373.7"
"CUST-00480","1","United States","Illinois","Chicago","90480","48.3","-110.1","48.3, -110.1","Female","0","No","No","55","Yes","No","Cable","No","No","No","No","Yes","No","Quarterly","No","NetBanking","611","33605","Customer service quality dropped after onboarding","-0.5","Service Issue","No","0","29","17859.75"
"CUST-00481","1","United States","California","Los Angeles","90481","25","-109","25, -109","Female","0","Yes","Yes","47","Yes","Yes","Cable","Yes","No","Yes","No","No","Yes","Quarterly","Yes","Card","925","43475","Support response is slow and issue resolution takes too long","-0.9","Service Issue","Yes","1","38","23650.25"
"CUST-00482","1","United States","Texas","Houston","90482","25.7","-107.9","25.7, -107.9","Female","0","No","No","3","Yes","Yes","Cable","No","Yes","No","Yes","No","No","Monthly","Yes","Card","807","2421","Agents are not proactive and service follow-up is poor","-0.333","Service Issue","Yes","1","43","7369.35"
"CUST-00483","1","United States","Florida","Miami","90483","26.4","-106.8","26.4, -106.8","Male","1","No","No","9","Yes","No","Cable","No","No","No","No","Yes","Yes","Quarterly","No","NetBanking","649","6804","Excellent issue resolution and friendly support team","0","Service Issue","No","0","35","7771.4"
"CUST-00484","1","United States","New York","New York","90484","27.1","-105.7","27.1, -105.7","Female","0","Yes","No","11","Yes","No","Cable","No","No","No","No","No","No","Monthly","Yes","Card","980","10780","Price increase without enough added features","0","Pricing Issue","Yes","1","45","11855"
"CUST-00485","1","United States","Illinois","Chicago","90485","27.8","-104.6","27.8, -104.6","Male","0","No","Yes","38","Yes","No","DSL","Yes","Yes","No","No","No","Yes","Monthly","No","NetBanking","394","14972","Billing feels expensive for the value received","-0.857","Pricing Issue","Yes","1","16","9228.2"
"CUST-00486","1","United States","California","Los Angeles","90486","28.5","-103.5","28.5, -103.5","Male","0","No","No","24","Yes","Yes","Cable","No","No","Yes","Yes","Yes","No","Annual","Yes","Card","479","11496","Support response is slow and issue resolution takes too long","-0.9","Service Issue","No","0","15","8383.6"
"CUST-00487","1","United States","Texas","Houston","90487","29.2","-102.4","29.2, -102.4","Male","0","Yes","No","1","Yes","Yes","DSL","No","No","No","No","No","Yes","Annual","No","NetBanking","545","545","The plan cost feels high compared with competitors","0","Pricing Issue","No","0","28","4572.75"
"CUST-00488","1","United States","Florida","Miami","90488","29.9","-101.3","29.9, -101.3","Female","0","No","No","50","Yes","No","DSL","No","Yes","No","No","No","No","Annual","Yes","Card","528","26400","Great support and reliable network experience","0","Network Issue","No","0","25","14564"
"CUST-00489","1","United States","New York","New York","90489","30.6","-100.2","30.6, -100.2","Female","0","No","Yes","56","Yes","No","Cable","Yes","No","No","No","Yes","Yes","Quarterly","Yes","AutoPay","1082","60592","Too many disconnects and latency problems","0","Network Issue","No","0","37","31095.2"
"CUST-00490","1","United States","Illinois","Chicago","90490","31.3","-99.1","31.3, -99.1","Male","0","Yes","No","63","Yes","No","Cable","No","No","No","Yes","No","No","Monthly","Yes","AutoPay","623","39249","Support response is slow and issue resolution takes too long","-0.9","Service Issue","Yes","1","22","20107.15"
"CUST-00491","1","United States","California","Los Angeles","90491","32","-98","32, -98","Male","0","No","No","57","Yes","Yes","Cable","No","Yes","Yes","No","No","Yes","Annual","No","UPI","631","35967","Billing feels expensive for the value received","-0.857","Pricing Issue","Yes","1","36","18890.45"
"CUST-00492","1","United States","Texas","Houston","90492","32.7","-96.9","32.7, -96.9","Male","0","No","No","42","Yes","Yes","DSL","No","No","No","No","Yes","No","Monthly","Yes","AutoPay","571","23982","Agents are not proactive and service follow-up is poor","-0.333","Service Issue","Yes","1","26","13885.7"
"CUST-00493","1","United States","Florida","Miami","90493","33.4","-95.8","33.4, -95.8","Male","0","Yes","Yes","37","Yes","No","DSL","Yes","No","No","No","No","Yes","Annual","No","UPI","391","14467","The plan cost feels high compared with competitors","0","Pricing Issue","No","0","13","9005.45"
"CUST-00494","1","United States","New York","New York","90494","34.1","-94.7","34.1, -94.7","Male","0","No","No","5","Yes","No","Cable","No","Yes","No","Yes","No","No","Annual","No","UPI","588","2940","Customer reported average experience with no detailed feedback.","-0.5","Network Issue","No","0","28","5843"
"CUST-00495","1","United States","Illinois","Chicago","90495","34.8","-93.6","34.8, -93.6","Male","0","No","No","58","Yes","No","Cable","No","No","No","No","Yes","Yes","Annual","Yes","Card","608","35264","Support response is slow and issue resolution takes too long","-0.9","Service Issue","No","0","19","18482.4"
"CUST-00496","1","United States","California","Los Angeles","90496","35.5","-92.5","35.5, -92.5","Female","0","Yes","No","8","Yes","Yes","DSL","No","No","Yes","No","No","No","Annual","No","NetBanking","527","4216","The plan cost feels high compared with competitors","0","Pricing Issue","Yes","1","19","5867.6"
"CUST-00497","1","United States","Texas","Houston","90497","36.2","-91.4","36.2, -91.4","Male","0","No","Yes","64","Yes","Yes","Fiber optic","Yes","Yes","No","No","No","Yes","Annual","No","NetBanking","1510","96640","Frustrated with repeated support delays","-1","Service Issue","No","0","62","47312"
"CUST-00498","1","United States","Florida","Miami","90498","36.9","-90.3","36.9, -90.3","Male","0","No","No","44","Yes","No","DSL","No","No","No","Yes","Yes","No","Quarterly","No","UPI","302","13288","Frustrated with repeated support delays","-1","Service Issue","No","0","27","8034.8"
"CUST-00499","1","United States","New York","New York","90499","37.6","-89.2","37.6, -89.2","Female","0","Yes","No","21","Yes","No","DSL","No","No","No","No","No","Yes","Annual","No","UPI","424","8904","Excellent issue resolution and friendly support team","0","Service Issue","Yes","1","35","6970.4"
"CUST-00500","1","United States","Illinois","Chicago","90500","38.3","-88.1","38.3, -88.1","Male","0","No","No","23","Yes","No","Cable","No","Yes","No","No","No","No","Annual","Yes","AutoPay","1081","24863","Price increase without enough added features","0","Pricing Issue","No","0","42","17856.05"
"CUST-00501","1","United States","California","Los Angeles","90501","39","-87","39, -87","Male","0","No","Yes","40","Yes","Yes","Fiber optic","Yes","No","Yes","No","Yes","Yes","Annual","No","NetBanking","1417","56680","Frequent network outages and unstable connectivity","-0.5","Network Issue","No","0","50","32054"
"CUST-00502","1","United States","Texas","Houston","90502","39.7","-85.9","39.7, -85.9","Female","0","Yes","No","29","Yes","Yes","Fiber optic","No","No","No","Yes","No","No","Annual","Yes","Card","1493","43297","Smooth onboarding and very helpful account manager","0.857","Service Issue","No","0","46","27735.95"
"CUST-00503","1","United States","Florida","Miami","90503","40.4","-84.8","40.4, -84.8","Male","0","No","No","35","Yes","No","Fiber optic","No","Yes","No","No","No","Yes","Monthly","Yes","Card","1293","45255","Frustrated with repeated support delays","-1","Service Issue","Yes","1","53","26953.25"
"CUST-00504","1","United States","New York","New York","90504","41.1","-83.7","41.1, -83.7","Female","0","No","No","46","Yes","No","Cable","No","No","No","No","Yes","No","Monthly","Yes","Card","1039","47794","Customer service quality dropped after onboarding","-0.5","Service Issue","Yes","1","43","26051.9"
"CUST-00505","1","United States","Illinois","Chicago","90505","41.8","-82.6","41.8, -82.6","Female","0","Yes","Yes","1","Yes","No","Cable","Yes","No","No","No","No","Yes","Annual","Yes","Card","788","788","Frustrated with repeated support delays","-1","Service Issue","Yes","1","38","6601.8"
"CUST-00506","1","United States","California","Los Angeles","90506","42.5","-81.5","42.5, -81.5","Male","1","No","No","27","Yes","Yes","Cable","No","Yes","Yes","Yes","No","No","Annual","No","UPI","649","21249","Smooth onboarding and very helpful account manager","0.857","Service Issue","Yes","1","28","13223.15"
"CUST-00507","1","United States","Texas","Houston","90507","43.2","-80.4","43.2, -80.4","Male","0","No","No","1","Yes","Yes","DSL","No","No","No","No","Yes","Yes","Monthly","No","UPI","400","400","Billing feels expensive for the value received","-0.857","Pricing Issue","Yes","1","35","3362"
"CUST-00508","1","United States","Florida","Miami","90508","43.9","-79.3","43.9, -79.3","Male","0","Yes","No","10","Yes","No","Fiber optic","No","No","No","No","No","No","Quarterly","Yes","AutoPay","1289","12890","Happy with the service quality and quick response","0.75","Service Issue","No","0","56","15043.5"
"CUST-00509","1","United States","New York","New York","90509","44.6","-78.2","44.6, -78.2","Female","0","No","Yes","1","Yes","No","DSL","Yes","Yes","No","No","No","Yes","Annual","Yes","Card","478","478","Signal issues keep affecting daily usage","-0.5","Network Issue","No","0","21","4013.3"
"CUST-00510","1","United States","Illinois","Chicago","90510","45.3","-77.1","45.3, -77.1","Male","0","No","No","52","Yes","No","Cable","No","No","No","Yes","Yes","No","Annual","No","NetBanking","725","37700","Internet speed dropped and network quality is poor","-1","Network Issue","Yes","1","38","20139"
"CUST-00511","1","United States","California","Los Angeles","90511","46","-76","46, -76","Female","1","Yes","No","40","Yes","Yes","DSL","No","No","Yes","No","No","Yes","Monthly","No","UPI","578","23120","Signal issues keep affecting daily usage","-0.5","Network Issue","No","0","39","13596"
"CUST-00512","1","United States","Texas","Houston","90512","46.7","-74.9","46.7, -74.9","Female","0","No","No","55","Yes","Yes","Fiber optic","No","Yes","No","No","No","No","Quarterly","No","UPI","1324","72820","Support response is slow and issue resolution takes too long","-0.9","Service Issue","Yes","1","56","37289"
"CUST-00513","1","United States","Florida","Miami","90513","47.4","-73.8","47.4, -73.8","Male","0","No","Yes","14","Yes","No","Cable","Yes","No","No","No","Yes","Yes","Annual","Yes","Card","910","12740","Customer reported average experience with no detailed feedback.","-0.9","Service Issue","Yes","1","43","12047"
"CUST-00514","1","United States","New York","New York","90514","48.1","-72.7","48.1, -72.7","Male","0","Yes","No","30","Yes","No","DSL","No","No","No","Yes","No","No","Quarterly","No","UPI","504","15120","Smooth onboarding and very helpful account manager","0.857","Service Issue","No","0","31","9984"
"CUST-00515","1","United States","Illinois","Chicago","90515","48.8","-71.6","48.8, -71.6","Male","1","No","No","29","Yes","No","DSL","No","Yes","No","No","No","Yes","Monthly","Yes","AutoPay","492","14268","Great support and reliable network experience","0","Network Issue","No","0","15","9567.8"
"CUST-00516","1","United States","California","Los Angeles","90516","25.5","-70.5","25.5, -70.5","Male","1","No","No","38","Yes","Yes","DSL","No","No","Yes","No","Yes","No","Monthly","No","NetBanking","418","15884","Price increase without enough added features","0","Pricing Issue","No","0","32","9739.4"
"CUST-00517","1","United States","Texas","Houston","90517","26.2","-69.4","26.2, -69.4","Male","0","Yes","Yes","27","Yes","Yes","Cable","Yes","No","No","No","No","Yes","Annual","No","UPI","998","26946","Price increase without enough added features","0","Pricing Issue","Yes","1","43","18009.1"
"CUST-00518","1","United States","Florida","Miami","90518","26.9","-68.3","26.9, -68.3","Male","0","No","No","54","Yes","No","Cable","No","Yes","No","Yes","No","No","Quarterly","No","UPI","985","53190","Frustrated with repeated support delays","-1","Service Issue","No","0","32","27684.5"
"CUST-00519","1","United States","New York","New York","90519","27.6","-67.2","27.6, -67.2","Female","0","No","No","71","Yes","No","Cable","No","No","No","No","Yes","Yes","Annual","No","NetBanking","739","52469","Excellent issue resolution and friendly support team","0","Service Issue","Yes","1","36","25838.15"
"CUST-00520","1","United States","Illinois","Chicago","90520","28.3","-123.1","28.3, -123.1","Male","0","Yes","No","39","Yes","No","Fiber optic","No","No","No","No","No","No","Quarterly","No","UPI","1449","56511","Support response is slow and issue resolution takes too long","-0.9","Service Issue","No","0","54","32228.85"
"CUST-00521","1","United States","California","Los Angeles","90521","29","-122","29, -122","Female","1","No","Yes","5","Yes","Yes","DSL","Yes","Yes","Yes","No","No","Yes","Monthly","No","NetBanking","450","2250","The plan cost feels high compared with competitors","0","Pricing Issue","Yes","1","30","4497.5"
"CUST-00522","1","United States","Texas","Houston","90522","29.7","-120.9","29.7, -120.9","Female","0","No","No","72","Yes","Yes","DSL","No","No","No","Yes","Yes","No","Annual","Yes","AutoPay","328","23616","Excellent issue resolution and friendly support team","0","Service Issue","Yes","1","24","12473.6"
"CUST-00523","1","United States","Florida","Miami","90523","30.4","-119.8","30.4, -119.8","Male","0","Yes","No","16","Yes","No","Cable","No","No","No","No","No","Yes","Annual","Yes","Card","665","10640","Price increase without enough added features","0","Pricing Issue","Yes","1","22","9396"
"CUST-00524","1","United States","New York","New York","90524","31.1","-118.7","31.1, -118.7","Female","0","No","No","27","Yes","No","Cable","No","Yes","No","No","No","No","Annual","No","NetBanking","586","15822","Satisfied with pricing and product value","0.5","Pricing Issue","No","0","23","10819.7"
"CUST-00525","1","United States","Illinois","Chicago","90525","31.8","-117.6","31.8, -117.6","Female","0","No","Yes","60","Yes","No","Cable","Yes","No","No","No","Yes","Yes","Quarterly","No","NetBanking","935","56100","Excellent issue resolution and friendly support team","0","Service Issue","Yes","1","40","28435"
"CUST-00526","1","United States","California","Los Angeles","90526","32.5","-116.5","32.5, -116.5","Male","0","Yes","No","69","Yes","Yes","DSL","No","No","Yes","Yes","No","No","Annual","No","UPI","419","28911","Excellent issue resolution and friendly support team","0","Service Issue","No","0","19","14988.85"
"CUST-00527","1","United States","Texas","Houston","90527","33.2","-115.4","33.2, -115.4","Male","0","No","No","63","Yes","Yes","DSL","No","Yes","No","No","No","Yes","Monthly","Yes","AutoPay","308","19404","Great support and reliable network experience","0","Network Issue","No","0","19","10641.4"
"CUST-00528","1","United States","Florida","Miami","90528","33.9","-114.3","33.9, -114.3","Male","0","No","No","10","Yes","No","DSL","No","No","No","No","Yes","No","Quarterly","Yes","AutoPay","378","3780","Frequent network outages and unstable connectivity","-0.5","Network Issue","Yes","1","23","4567"
"CUST-00529","1","United States","New York","New York","90529","34.6","-113.2","34.6, -113.2","Male","1","Yes","Yes","5","Yes","No","DSL","Yes","No","No","No","No","Yes","Annual","No","NetBanking","649","1305","Smooth onboarding and very helpful account manager","0.857","Service Issue","No","0","25","5758.75"
"CUST-00530","1","United States","Illinois","Chicago","90530","35.3","-112.1","35.3, -112.1","Female","1","No","No","5","Yes","No","DSL","No","Yes","No","Yes","No","No","Monthly","Yes","AutoPay","504","2520","Monthly charges are too high and pricing is confusing","0","Pricing Issue","Yes","1","29","5024"
"CUST-00531","1","United States","California","Los Angeles","90531","36","-111","36, -111","Male","1","No","No","17","Yes","Yes","DSL","No","No","Yes","No","Yes","Yes","Monthly","Yes","AutoPay","349","5933","Customer service quality dropped after onboarding","-0.5","Service Issue","Yes","1","27","5242.55"
"CUST-00532","1","United States","Texas","Houston","90532","36.7","-109.9","36.7, -109.9","Male","0","Yes","No","38","Yes","Yes","DSL","No","No","No","No","No","No","Annual","Yes","Card","558","21204","Customer reported average experience with no detailed feedback.","-0.5","Network Issue","Yes","1","28","12721.4"
"CUST-00533","1","United States","Florida","Miami","90533","37.4","-108.8","37.4, -108.8","Male","0","No","Yes","54","Yes","No","Cable","Yes","Yes","No","No","No","Yes","Annual","No","UPI","1099","59346","Smooth onboarding and very helpful account manager","0.857","Service Issue","Yes","1","51","30751.1"
"CUST-00534","1","United States","New York","New York","90534","38.1","-107.7","38.1, -107.7","Male","0","No","No","52","Yes","No","Fiber optic","No","No","No","Yes","Yes","No","Monthly","No","NetBanking","1321","68692","Happy with the service quality and quick response","0.75","Service Issue","No","0","49","35754.2"
"CUST-00535","1","United States","Illinois","Chicago","90535","38.8","-106.6","38.8, -106.6","Male","1","Yes","No","65","Yes","No","Cable","No","No","No","No","No","Yes","Annual","No","UPI","710","46150","Frustrated with repeated support delays","-1","Service Issue","No","0","27","23262.5"
"CUST-00536","1","United States","California","Los Angeles","90536","39.5","-105.5","39.5, -105.5","Male","0","No","No","71","Yes","Yes","Cable","No","Yes","Yes","No","No","No","Quarterly","Yes","AutoPay","591","41961","Great support and reliable network experience","0","Network Issue","Yes","1","36","20976.35"
"CUST-00537","1","United States","Texas","Houston","90537","40.2","-104.4","40.2, -104.4","Male","0","No","Yes","16","Yes","Yes","Cable","Yes","No","No","No","Yes","Yes","Monthly","Yes","Card","544","8704","Billing feels expensive for the value received","-0.857","Pricing Issue","Yes","1","30","7750.4"
"CUST-00538","1","United States","Florida","Miami","90538","40.9","-103.3","40.9, -103.3","Male","0","Yes","No","36","Yes","No","Fiber optic","No","No","No","Yes","No","No","Monthly","Yes","Card","1556","56016","Support response is slow and issue resolution takes too long","-0.9","Service Issue","Yes","1","69","32845.6"
"CUST-00539","1","United States","New York","New York","90539","41.6","-102.2","41.6, -102.2","Male","0","No","No","69","Yes","No","DSL","No","Yes","No","No","No","Yes","Monthly","Yes","AutoPay","515","35535","Happy with the service quality and quick response","0.75","Service Issue","No","0","29","18075.25"
"CUST-00540","1","United States","Illinois","Chicago","90540","42.3","-101.1","42.3, -101.1","Male","1","No","No","11","Yes","No","Fiber optic","No","No","No","No","Yes","No","Quarterly","No","UPI","1319","14509","Smooth onboarding and very helpful account manager","0.857","Service Issue","Yes","1","54","15872.15"
"CUST-00541","1","United States","California","Los Angeles","90541","43","-100","43, -100","Male","0","Yes","Yes","43","Yes","Yes","DSL","Yes","No","Yes","No","No","Yes","Annual","Yes","AutoPay","368","15824","Monthly charges are too high and pricing is confusing","0","Pricing Issue","No","0","16","9428.4"
"CUST-00542","1","United States","Texas","Houston","90542","43.7","-98.9","43.7, -98.9","Female","0","No","No","66","Yes","Yes","Fiber optic","No","Yes","No","Yes","No","No","Annual","Yes","AutoPay","1430","94380","Smooth onboarding and very helpful account manager","0.857","Service Issue","No","0","49","45925"
"CUST-00543","1","United States","Florida","Miami","90543","44.4","-97.8","44.4, -97.8","Male","1","No","No","47","Yes","No","Cable","No","No","No","No","Yes","Yes","Quarterly","Yes","Card","687","32289","Satisfied with pricing and product value","0.5","Pricing Issue","No","0","26","17831.15"
"CUST-00544","1","United States","New York","New York","90544","45.1","-96.7","45.1, -96.7","Female","0","Yes","No","6","Yes","No","Cable","No","No","No","No","No","No","Annual","No","UPI","1001","6006","Great support and reliable network experience","0","Network Issue","No","0","41","10242.1"
"CUST-00545","1","United States","Illinois","Chicago","90545","45.8","-95.6","45.8, -95.6","Male","0","No","Yes","69","Yes","No","DSL","Yes","Yes","No","No","No","Yes","Annual","Yes","AutoPay","346","23874","Billing feels expensive for the value received","-0.857","Pricing Issue","No","0","24","12641.9"
"CUST-00546","1","United States","California","Los Angeles","90546","46.5","-94.5","46.5, -94.5","Female","0","No","No","51","Yes","Yes","Fiber optic","No","No","Yes","Yes","Yes","No","Monthly","No","NetBanking","1426","72726","Price increase without enough added features","0","Pricing Issue","No","0","44","37984.1"
"CUST-00547","1","United States","Texas","Houston","90547","47.2","-93.4","47.2, -93.4","Female","0","Yes","No","65","Yes","Yes","Cable","No","No","No","No","No","Yes","Quarterly","No","UPI","741","48165","Billing feels expensive for the value received","-0.857","Pricing Issue","Yes","1","34","24215.75"
"CUST-00548","1","United States","Florida","Miami","90548","47.9","-92.3","47.9, -92.3","Female","0","No","No","7","Yes","No","Cable","No","Yes","No","No","No","No","Annual","No","NetBanking","669","4683","Customer service quality dropped after onboarding","-0.5","Service Issue","Yes","1","41","7145.05"
"CUST-00549","1","United States","New York","New York","90549","48.6","-91.2","48.6, -91.2","Female","1","No","Yes","9","Yes","No","Cable","Yes","No","No","No","Yes","Yes","Monthly","Yes","AutoPay","897","8073","Price increase without enough added features","0","Pricing Issue","Yes","1","32","10199.55"
"CUST-00550","1","United States","Illinois","Chicago","90550","25.3","-90.1","25.3, -90.1","Female","0","Yes","No","2","Yes","No","DSL","No","No","No","Yes","No","No","Annual","No","UPI","511","1022","Billing feels expensive for the value received","-0.857","Pricing Issue","Yes","1","18","4489.7"
"CUST-00551","1","United States","California","Los Angeles","90551","26","-89","26, -89","Female","1","No","No","66","Yes","Yes","Cable","No","Yes","Yes","No","No","Yes","Monthly","No","UPI","943","62238","Customer reported average experience with no detailed feedback.","0","Pricing Issue","Yes","1","48","30779.3"
"CUST-00552","1","United States","Texas","Houston","90552","26.7","-87.9","26.7, -87.9","Male","1","No","No","20","Yes","Yes","Cable","No","No","No","No","Yes","No","Annual","No","NetBanking","649","9940","Great support and reliable network experience","0","Network Issue","No","0","27","9111"
"CUST-00553","1","United States","Florida","Miami","90553","27.4","-86.8","27.4, -86.8","Male","0","Yes","Yes","56","Yes","No","DSL","Yes","No","No","No","No","Yes","Monthly","No","UPI","376","21056","Excellent issue resolution and friendly support team","0","Service Issue","Yes","1","34","11609.6"
"CUST-00554","1","United States","New York","New York","90554","28.1","-85.7","28.1, -85.7","Female","0","No","No","26","Yes","No","Cable","No","Yes","No","Yes","No","No","Annual","Yes","AutoPay","590","15340","Satisfied with pricing and product value","0.5","Pricing Issue","No","0","29","10661"
"CUST-00555","1","United States","Illinois","Chicago","90555","28.8","-84.6","28.8, -84.6","Male","0","No","No","1","Yes","No","Cable","No","No","No","No","Yes","Yes","Quarterly","Yes","AutoPay","1066","1066","Frustrated with repeated support delays","-1","Service Issue","Yes","1","46","8923.1"
"CUST-00556","1","United States","California","Los Angeles","90556","29.5","-83.5","29.5, -83.5","Female","0","Yes","No","34","Yes","Yes","Cable","No","No","Yes","No","No","No","Annual","No","NetBanking","1099","37366","Smooth onboarding and very helpful account manager","0.857","Service Issue","Yes","1","43","22618.1"
"CUST-00557","1","United States","Texas","Houston","90557","30.2","-82.4","30.2, -82.4","Male","1","No","Yes","45","Yes","Yes","Cable","Yes","Yes","No","No","No","Yes","Annual","No","UPI","676","30420","Great support and reliable network experience","0","Network Issue","Yes","1","29","17045"
"CUST-00558","1","United States","Florida","Miami","90558","30.9","-81.3","30.9, -81.3","Male","0","No","No","48","Yes","No","DSL","No","No","No","Yes","Yes","No","Monthly","No","UPI","572","27456","Customer service quality dropped after onboarding","-0.5","Service Issue","Yes","1","24","15241.6"
"CUST-00559","1","United States","New York","New York","90559","31.6","-80.2","31.6, -80.2","Female","0","Yes","No","59","Yes","No","Cable","No","No","No","No","No","Yes","Annual","No","NetBanking","667","39353","Excellent issue resolution and friendly support team","0","Service Issue","No","0","20","20407.55"
"CUST-00560","1","United States","Illinois","Chicago","90560","32.3","-79.1","32.3, -79.1","Male","0","No","No","60","Yes","No","DSL","No","Yes","No","No","No","No","Quarterly","No","NetBanking","361","21660","Great support and reliable network experience","0","Network Issue","Yes","1","34","11789"
"CUST-00561","1","United States","California","Los Angeles","90561","33","-78","33, -78","Male","0","No","Yes","19","Yes","Yes","Fiber optic","Yes","No","Yes","No","Yes","Yes","Monthly","Yes","Card","1314","24966","Happy with the service quality and quick response","0.75","Service Issue","No","0","42","19668.1"
"CUST-00562","1","United States","Texas","Houston","90562","33.7","-76.9","33.7, -76.9","Female","0","Yes","No","4","Yes","Yes","DSL","No","No","No","Yes","No","No","Quarterly","No","NetBanking","531","2124","Signal issues keep affecting daily usage","-0.5","Network Issue","Yes","1","32","5079.4"
"CUST-00563","1","United States","Florida","Miami","90563","34.4","-75.8","34.4, -75.8","Female","1","No","No","33","Yes","No","Cable","No","Yes","No","No","No","Yes","Annual","Yes","Card","509","16797","Great support and reliable network experience","0","Network Issue","No","0","28","10676.95"
"CUST-00564","1","United States","New York","New York","90564","35.1","-74.7","35.1, -74.7","Male","0","No","No","30","Yes","No","Fiber optic","No","No","No","No","Yes","No","Quarterly","Yes","AutoPay","1481","44430","Too many disconnects and latency problems","0","Network Issue","Yes","1","45","28058.5"
"CUST-00565","1","United States","Illinois","Chicago","90565","35.8","-73.6","35.8, -73.6","Male","1","Yes","Yes","26","Yes","No","Fiber optic","Yes","No","No","No","No","Yes","Monthly","No","NetBanking","1396","36296","Frequent network outages and unstable connectivity","-0.5","Network Issue","Yes","1","54","24443.6"
"CUST-00566","1","United States","California","Los Angeles","90566","36.5","-72.5","36.5, -72.5","Female","1","No","No","66","Yes","Yes","DSL","No","Yes","Yes","Yes","No","No","Quarterly","Yes","Card","473","31218","Agents are not proactive and service follow-up is poor","-0.333","Service Issue","No","0","23","16162.3"
"CUST-00567","1","United States","Texas","Houston","90567","37.2","-71.4","37.2, -71.4","Male","0","No","No","61","Yes","Yes","Fiber optic","No","No","No","No","Yes","Yes","Quarterly","Yes","Card","1342","81862","Price increase without enough added features","0","Pricing Issue","No","0","37","40729.7"
"CUST-00568","1","United States","Florida","Miami","90568","37.9","-70.3","37.9, -70.3","Male","0","Yes","No","27","Yes","No","DSL","No","No","No","No","No","No","Annual","Yes","AutoPay","372","10044","Smooth onboarding and very helpful account manager","0.857","Service Issue","No","0","21","7085.4"
"CUST-00569","1","United States","New York","New York","90569","38.6","-69.2","38.6, -69.2","Female","1","No","Yes","68","Yes","No","Cable","Yes","Yes","No","No","No","Yes","Quarterly","No","UPI","508","34544","Excellent issue resolution and friendly support team","0","Service Issue","No","0","23","17650.4"
"CUST-00570","1","United States","Illinois","Chicago","90570","39.3","-68.1","39.3, -68.1","Female","0","No","No","43","Yes","No","Cable","No","No","No","Yes","Yes","No","Monthly","No","NetBanking","900","38700","Customer reported average experience with no detailed feedback.","-0.333","Service Issue","No","0","36","21691"
"CUST-00571","1","United States","California","Los Angeles","90571","40","-124","40, -124","Male","1","Yes","No","70","Yes","Yes","DSL","No","No","Yes","No","No","Yes","Annual","No","NetBanking","286","20020","Smooth onboarding and very helpful account manager","0.857","Service Issue","No","0","12","10835"
"CUST-00572","1","United States","Texas","Houston","90572","40.7","-122.9","40.7, -122.9","Male","1","No","No","40","Yes","Yes","DSL","No","Yes","No","No","No","No","Monthly","Yes","Card","413","16520","Excellent issue resolution and friendly support team","0","Service Issue","No","0","29","9966"
"CUST-00573","1","United States","Florida","Miami","90573","41.4","-121.8","41.4, -121.8","Male","0","No","Yes","55","Yes","No","Cable","Yes","No","No","No","Yes","Yes","Quarterly","Yes","AutoPay","549","30195","Happy with the service quality and quick response","0.75","Service Issue","No","0","27","16170.25"
"CUST-00574","1","United States","New York","New York","90574","42.1","-120.7","42.1, -120.7","Male","0","Yes","No","54","Yes","No","Cable","No","No","No","Yes","No","No","Quarterly","No","UPI","880","47520","Support response is slow and issue resolution takes too long","-0.9","Service Issue","Yes","1","32","24860"
"CUST-00575","1","United States","Illinois","Chicago","90575","42.8","-119.6","42.8, -119.6","Female","0","No","No","56","Yes","No","DSL","No","Yes","No","No","No","Yes","Annual","No","NetBanking","649","26152","Satisfied with pricing and product value","0.5","Pricing Issue","No","0","32","15577.2"
"CUST-00576","1","United States","California","Los Angeles","90576","43.5","-118.5","43.5, -118.5","Female","1","No","No","46","Yes","Yes","DSL","No","No","Yes","No","Yes","No","Quarterly","Yes","AutoPay","298","13708","Smooth onboarding and very helpful account manager","0.857","Service Issue","No","0","21","8193.8"
"CUST-00577","1","United States","Texas","Houston","90577","44.2","-117.4","44.2, -117.4","Male","1","Yes","Yes","54","Yes","Yes","Cable","Yes","No","No","No","No","Yes","Annual","No","NetBanking","955","51570","Smooth onboarding and very helpful account manager","0.857","Service Issue","Yes","1","41","26877.5"
"CUST-00578","1","United States","Florida","Miami","90578","44.9","-116.3","44.9, -116.3","Female","0","No","No","47","Yes","No","DSL","No","Yes","No","Yes","No","No","Annual","No","UPI","473","22231","Great support and reliable network experience","0","Network Issue","No","0","23","12598.85"
"CUST-00579","1","United States","New York","New York","90579","45.6","-115.2","45.6, -115.2","Male","0","No","No","46","Yes","No","Cable","No","No","No","No","Yes","Yes","Quarterly","Yes","AutoPay","667","30682","Frustrated with repeated support delays","-1","Service Issue","Yes","1","29","17086.7"
"CUST-00580","1","United States","Illinois","Chicago","90580","46.3","-114.1","46.3, -114.1","Female","0","Yes","No","37","Yes","No","DSL","No","No","No","No","No","No","Monthly","Yes","AutoPay","310","11470","Support response is slow and issue resolution takes too long","-0.9","Service Issue","No","0","16","7308.5"
"CUST-00581","1","United States","California","Los Angeles","90581","47","-113","47, -113","Male","0","No","Yes","26","Yes","Yes","DSL","Yes","Yes","Yes","No","No","Yes","Annual","No","UPI","422","10972","Internet speed dropped and network quality is poor","-1","Network Issue","No","0","34","7788.2"
"CUST-00582","1","United States","Texas","Houston","90582","47.7","-111.9","47.7, -111.9","Male","0","No","No","14","Yes","Yes","Cable","No","No","No","Yes","Yes","No","Quarterly","Yes","AutoPay","986","13804","Excellent issue resolution and friendly support team","0","Service Issue","Yes","1","43","13027.4"
"CUST-00583","1","United States","Florida","Miami","90583","48.4","-110.8","48.4, -110.8","Female","0","Yes","No","58","Yes","No","Cable","No","No","No","No","No","Yes","Annual","Yes","Card","540","31320","Monthly charges are too high and pricing is confusing","0","Pricing Issue","No","0","17","16558"
"CUST-00584","1","United States","New York","New York","90584","25.1","-109.7","25.1, -109.7","Male","1","No","No","35","Yes","No","DSL","No","Yes","No","No","No","No","Annual","Yes","AutoPay","525","18375","Price increase without enough added features","0","Pricing Issue","Yes","1","23","11401.25"
"CUST-00585","1","United States","Illinois","Chicago","90585","25.8","-108.6","25.8, -108.6","Female","0","No","Yes","43","Yes","No","DSL","Yes","No","No","No","Yes","Yes","Quarterly","No","UPI","516","22188","Great support and reliable network experience","0","Network Issue","No","0","20","12839.8"
"CUST-00586","1","United States","California","Los Angeles","90586","26.5","-107.5","26.5, -107.5","Male","0","Yes","No","7","Yes","Yes","Fiber optic","No","No","Yes","Yes","No","No","Monthly","No","NetBanking","1301","9107","Internet speed dropped and network quality is poor","-1","Network Issue","Yes","1","51","13749.45"
"CUST-00587","1","United States","Texas","Houston","90587","27.2","-106.4","27.2, -106.4","Female","1","No","No","39","Yes","Yes","Cable","No","Yes","No","No","No","Yes","Quarterly","No","NetBanking","892","34788","Great support and reliable network experience","0","Network Issue","No","0","28","20169.8"
"CUST-00588","1","United States","Florida","Miami","90588","27.9","-105.3","27.9, -105.3","Male","1","No","No","10","Yes","No","Fiber optic","No","No","No","No","Yes","No","Annual","No","UPI","1336","13360","Signal issues keep affecting daily usage","-0.5","Network Issue","Yes","1","62","15584"
"CUST-00589","1","United States","New York","New York","90589","28.6","-104.2","28.6, -104.2","Female","0","Yes","Yes","53","Yes","No","Cable","Yes","No","No","No","No","Yes","Annual","Yes","Card","642","34026","Customer reported average experience with no detailed feedback.","-0.857","Pricing Issue","Yes","1","22","18211.1"
"CUST-00590","1","United States","Illinois","Chicago","90590","29.3","-103.1","29.3, -103.1","Male","0","No","No","61","Yes","No","DSL","No","Yes","No","Yes","No","No","Monthly","Yes","Card","482","29402","Price increase without enough added features","0","Pricing Issue","No","0","23","15488.7"
"CUST-00591","1","United States","California","Los Angeles","90591","30","-102","30, -102","Male","0","No","No","3","Yes","Yes","Cable","No","No","Yes","No","Yes","Yes","Quarterly","Yes","AutoPay","966","2898","The plan cost feels high compared with competitors","0","Pricing Issue","Yes","1","39","8808.3"
"CUST-00592","1","United States","Texas","Houston","90592","30.7","-100.9","30.7, -100.9","Male","0","Yes","No","68","Yes","Yes","DSL","No","No","No","No","No","No","Quarterly","Yes","Card","497","33796","Too many disconnects and latency problems","0","Network Issue","No","0","17","17300.6"
"CUST-00593","1","United States","Florida","Miami","90593","31.4","-99.8","31.4, -99.8","Male","0","No","Yes","60","Yes","No","DSL","Yes","Yes","No","No","No","Yes","Monthly","Yes","AutoPay","323","19380","Customer service quality dropped after onboarding","-0.5","Service Issue","No","0","28","10687"
"CUST-00594","1","United States","New York","New York","90594","32.1","-98.7","32.1, -98.7","Male","1","No","No","19","Yes","No","Fiber optic","No","No","No","Yes","Yes","No","Annual","Yes","AutoPay","1303","24757","Smooth onboarding and very helpful account manager","0.857","Service Issue","Yes","1","50","19506.95"
"CUST-00595","1","United States","Illinois","Chicago","90595","32.8","-97.6","32.8, -97.6","Male","0","Yes","No","19","Yes","No","Fiber optic","No","No","No","No","No","Yes","Quarterly","No","NetBanking","1557","29583","The plan cost feels high compared with competitors","0","Pricing Issue","Yes","1","61","23228.05"
"CUST-00596","1","United States","California","Los Angeles","90596","33.5","-96.5","33.5, -96.5","Male","0","No","No","2","Yes","Yes","Cable","No","Yes","Yes","No","No","No","Quarterly","Yes","Card","1017","2034","Agents are not proactive and service follow-up is poor","-0.333","Service Issue","Yes","1","38","8891.9"
"CUST-00597","1","United States","Texas","Houston","90597","34.2","-95.4","34.2, -95.4","Male","1","No","Yes","57","Yes","Yes","DSL","Yes","No","No","No","Yes","Yes","Annual","No","UPI","539","30723","Internet speed dropped and network quality is poor","-1","Network Issue","Yes","1","22","16319.05"
"CUST-00598","1","United States","Florida","Miami","90598","34.9","-94.3","34.9, -94.3","Female","0","Yes","No","56","Yes","No","DSL","No","No","No","Yes","No","No","Quarterly","Yes","Card","649","28336","Frequent network outages and unstable connectivity","-0.5","Network Issue","Yes","1","43","16341.6"
"CUST-00599","1","United States","New York","New York","90599","35.6","-93.2","35.6, -93.2","Male","0","No","No","11","Yes","No","Cable","No","Yes","No","No","No","Yes","Annual","No","NetBanking","991","10901","Frustrated with repeated support delays","-1","Service Issue","Yes","1","54","11985.35"
"CUST-00600","1","United States","Illinois","Chicago","90600","36.3","-92.1","36.3, -92.1","Female","0","No","No","64","Yes","No","Fiber optic","No","No","No","No","Yes","No","Quarterly","Yes","Card","1456","93184","Customer service quality dropped after onboarding","-0.5","Service Issue","Yes","1","57","45670.4"
"CUST-00601","1","United States","California","Los Angeles","90601","37","-91","37, -91","Female","0","Yes","Yes","20","Yes","Yes","Cable","Yes","No","Yes","No","No","Yes","Quarterly","No","UPI","720","14400","Happy with the service quality and quick response","0.75","Service Issue","No","0","27","11240"
"CUST-00602","1","United States","Texas","Houston","90602","37.7","-89.9","37.7, -89.9","Female","1","No","No","45","Yes","Yes","Cable","No","Yes","No","Yes","No","No","Annual","Yes","Card","728","32760","Great support and reliable network experience","0","Network Issue","Yes","1","35","18280"
"CUST-00603","1","United States","Florida","Miami","90603","38.4","-88.8","38.4, -88.8","Female","0","No","No","68","Yes","No","Cable","No","No","No","No","Yes","Yes","Quarterly","Yes","AutoPay","904","61472","Great support and reliable network experience","0","Network Issue","Yes","1","34","30243.2"
"CUST-00604","1","United States","New York","New York","90604","39.1","-87.7","39.1, -87.7","Female","0","Yes","No","54","Yes","No","Fiber optic","No","No","No","No","No","No","Quarterly","Yes","Card","1398","75492","Customer service quality dropped after onboarding","-0.5","Service Issue","Yes","1","48","38794.2"
"CUST-00605","1","United States","Illinois","Chicago","90605","39.8","-86.6","39.8, -86.6","Male","1","No","Yes","8","Yes","No","Cable","Yes","Yes","No","No","No","Yes","Annual","Yes","Card","534","4272","Customer service quality dropped after onboarding","-0.5","Service Issue","No","0","22","5943.2"
"CUST-00606","1","United States","California","Los Angeles","90606","40.5","-85.5","40.5, -85.5","Male","0","No","No","32","Yes","Yes","Cable","No","No","Yes","Yes","Yes","No","Monthly","Yes","Card","685","21920","Price increase without enough added features","0","Pricing Issue","No","0","29","13856"
"CUST-00607","1","United States","Texas","Houston","90607","41.2","-84.4","41.2, -84.4","Male","0","Yes","No","15","Yes","Yes","DSL","No","No","No","No","No","Yes","Annual","Yes","AutoPay","564","8460","Satisfied with pricing and product value","0.5","Pricing Issue","Yes","1","35","7803"
"CUST-00608","1","United States","Florida","Miami","90608","41.9","-83.3","41.9, -83.3","Male","0","No","No","56","Yes","No","Cable","No","Yes","No","No","No","No","Quarterly","Yes","AutoPay","929","52024","Customer reported average experience with no detailed feedback.","-0.857","Pricing Issue","Yes","1","29","26872.4"
"CUST-00609","1","United States","New York","New York","90609","42.6","-82.2","42.6, -82.2","Female","0","No","Yes","41","Yes","No","Cable","Yes","No","No","No","Yes","Yes","Annual","Yes","AutoPay","1125","46125","Support response is slow and issue resolution takes too long","-0.9","Service Issue","No","0","37","26045.75"
"CUST-00610","1","United States","Illinois","Chicago","90610","43.3","-81.1","43.3, -81.1","Female","0","Yes","No","15","Yes","No","Cable","No","No","No","Yes","No","No","Quarterly","Yes","Card","668","10020","Monthly charges are too high and pricing is confusing","0","Pricing Issue","Yes","1","23","9181"
"CUST-00611","1","United States","California","Los Angeles","90611","44","-80","44, -80","Male","0","No","No","20","Yes","Yes","Cable","No","Yes","Yes","No","No","Yes","Annual","Yes","Card","485","9700","Agents are not proactive and service follow-up is poor","-0.333","Service Issue","Yes","1","23","7715"
"CUST-00612","1","United States","Texas","Houston","90612","44.7","-78.9","44.7, -78.9","Female","0","No","No","47","Yes","Yes","Cable","No","No","No","No","Yes","No","Quarterly","Yes","AutoPay","1064","50008","Billing feels expensive for the value received","-0.857","Pricing Issue","Yes","1","37","27048.8"
"CUST-00613","1","United States","Florida","Miami","90613","45.4","-77.8","45.4, -77.8","Female","0","Yes","Yes","36","Yes","No","Cable","Yes","No","No","No","No","Yes","Annual","No","UPI","619","22284","Excellent issue resolution and friendly support team","0","Service Issue","No","0","28","13543.4"
"CUST-00614","1","United States","New York","New York","90614","46.1","-76.7","46.1, -76.7","Female","0","No","No","2","Yes","No","Cable","No","Yes","No","Yes","No","No","Annual","Yes","Card","501","1002","Signal issues keep affecting daily usage","-0.5","Network Issue","No","0","21","4402.7"
"CUST-00615","1","United States","Illinois","Chicago","90615","46.8","-75.6","46.8, -75.6","Female","0","No","No","5","Yes","No","Cable","No","No","No","No","Yes","Yes","Monthly","No","NetBanking","677","3385","Too many disconnects and latency problems","0","Network Issue","No","0","33","6710.75"
"CUST-00616","1","United States","California","Los Angeles","90616","47.5","-74.5","47.5, -74.5","Female","0","Yes","No","17","Yes","Yes","DSL","No","No","Yes","No","No","No","Quarterly","Yes","AutoPay","491","8347","Internet speed dropped and network quality is poor","-1","Network Issue","No","0","25","7223.45"
"CUST-00617","1","United States","Texas","Houston","90617","48.2","-73.4","48.2, -73.4","Male","0","No","Yes","61","Yes","Yes","Cable","Yes","Yes","No","No","No","Yes","Annual","Yes","Card","821","50081","Agents are not proactive and service follow-up is poor","-0.333","Service Issue","No","0","34","25438.35"
"CUST-00618","1","United States","Florida","Miami","90618","48.9","-72.3","48.9, -72.3","Male","1","No","No","20","Yes","No","DSL","No","No","No","Yes","Yes","No","Annual","Yes","Card","358","7160","The plan cost feels high compared with competitors","0","Pricing Issue","No","0","23","5810"
"CUST-00619","1","United States","New York","New York","90619","25.6","-71.2","25.6, -71.2","Male","0","Yes","No","16","Yes","No","Cable","No","No","No","No","No","Yes","Quarterly","No","NetBanking","656","10496","Billing feels expensive for the value received","-0.857","Pricing Issue","Yes","1","42","9273.6"
"CUST-00620","1","United States","Illinois","Chicago","90620","26.3","-70.1","26.3, -70.1","Female","0","No","No","72","Yes","No","Cable","No","Yes","No","No","No","No","Quarterly","Yes","Card","762","54864","Frustrated with repeated support delays","-1","Service Issue","Yes","1","30","26882.4"
"CUST-00621","1","United States","California","Los Angeles","90621","27","-69","27, -69","Male","1","No","Yes","7","Yes","Yes","DSL","Yes","No","Yes","No","Yes","Yes","Quarterly","Yes","AutoPay","649","3206","Too many disconnects and latency problems","0","Network Issue","Yes","1","30","6468.1"
"CUST-00622","1","United States","Texas","Houston","90622","27.7","-67.9","27.7, -67.9","Female","0","Yes","No","7","Yes","Yes","Cable","No","No","No","Yes","No","No","Annual","No","UPI","514","3598","The plan cost feels high compared with competitors","0","Pricing Issue","Yes","1","23","5525.3"
"CUST-00623","1","United States","Florida","Miami","90623","28.4","-123.8","28.4, -123.8","Female","0","No","No","1","Yes","No","DSL","No","Yes","No","No","No","Yes","Monthly","No","UPI","506","506","Monthly charges are too high and pricing is confusing","0","Pricing Issue","No","0","37","4247.1"
"CUST-00624","1","United States","New York","New York","90624","29.1","-122.7","29.1, -122.7","Male","0","No","No","29","Yes","No","Cable","No","No","No","No","Yes","No","Monthly","Yes","Card","1002","29058","Billing feels expensive for the value received","-0.857","Pricing Issue","Yes","1","42","18824.3"
"CUST-00625","1","United States","Illinois","Chicago","90625","29.8","-121.6","29.8, -121.6","Male","0","Yes","Yes","59","Yes","No","DSL","Yes","No","No","No","No","Yes","Monthly","No","NetBanking","400","23600","Excellent issue resolution and friendly support team","0","Service Issue","No","0","12","12758"
"CUST-00626","1","United States","California","Los Angeles","90626","30.5","-120.5","30.5, -120.5","Female","0","No","No","29","Yes","Yes","Cable","No","Yes","Yes","Yes","No","No","Quarterly","No","NetBanking","1013","29377","Customer service quality dropped after onboarding","-0.5","Service Issue","Yes","1","48","19023.95"
"CUST-00627","1","United States","Texas","Houston","90627","31.2","-119.4","31.2, -119.4","Female","0","No","No","6","Yes","Yes","DSL","No","No","No","No","Yes","Yes","Monthly","Yes","AutoPay","545","3270","Customer reported average experience with no detailed feedback.","0.5","Pricing Issue","Yes","1","37","5636.5"
"CUST-00628","1","United States","Florida","Miami","90628","31.9","-118.3","31.9, -118.3","Female","0","Yes","No","62","Yes","No","Fiber optic","No","No","No","No","No","No","Quarterly","Yes","Card","1387","85994","Billing feels expensive for the value received","-0.857","Pricing Issue","Yes","1","48","42557.9"
"CUST-00629","1","United States","New York","New York","90629","32.6","-117.2","32.6, -117.2","Female","0","No","Yes","5","Yes","No","Cable","Yes","Yes","No","No","No","Yes","Annual","No","UPI","781","3905","Excellent issue resolution and friendly support team","0","Service Issue","Yes","1","34","7724.75"
"CUST-00630","1","United States","Illinois","Chicago","90630","33.3","-116.1","33.3, -116.1","Male","1","No","No","29","Yes","No","DSL","No","No","No","Yes","Yes","No","Annual","Yes","Card","438","12702","Billing feels expensive for the value received","-0.857","Pricing Issue","No","0","20","8587.7"
"CUST-00631","1","United States","California","Los Angeles","90631","34","-115","34, -115","Female","0","Yes","No","23","Yes","Yes","DSL","No","No","Yes","No","No","Yes","Annual","No","NetBanking","325","7475","Support response is slow and issue resolution takes too long","-0.9","Service Issue","Yes","1","21","5722.25"
"CUST-00632","1","United States","Texas","Houston","90632","34.7","-113.9","34.7, -113.9","Female","1","No","No","69","Yes","Yes","Fiber optic","No","Yes","No","No","No","No","Quarterly","No","UPI","1314","90666","Frustrated with repeated support delays","-1","Service Issue","Yes","1","50","43763.1"
"CUST-00633","1","United States","Florida","Miami","90633","35.4","-112.8","35.4, -112.8","Male","1","No","Yes","45","Yes","No","Cable","Yes","No","No","No","Yes","Yes","Monthly","Yes","AutoPay","596","26820","Satisfied with pricing and product value","0.5","Pricing Issue","Yes","1","26","15145"
"CUST-00634","1","United States","New York","New York","90634","36.1","-111.7","36.1, -111.7","Female","0","Yes","No","60","Yes","No","Cable","No","No","No","Yes","No","No","Annual","No","UPI","758","45480","Great support and reliable network experience","0","Network Issue","No","0","29","23302"
"CUST-00635","1","United States","Illinois","Chicago","90635","36.8","-110.6","36.8, -110.6","Male","0","No","No","49","Yes","No","Cable","No","Yes","No","No","No","Yes","Quarterly","No","NetBanking","994","48706","The plan cost feels high compared with competitors","0","Pricing Issue","No","0","35","26077.1"
"CUST-00636","1","United States","California","Los Angeles","90636","37.5","-109.5","37.5, -109.5","Male","0","No","No","37","Yes","Yes","DSL","No","No","Yes","No","Yes","No","Annual","Yes","AutoPay","524","19388","Support response is slow and issue resolution takes too long","-0.9","Service Issue","Yes","1","26","11791.8"
"CUST-00637","1","United States","Texas","Houston","90637","38.2","-108.4","38.2, -108.4","Female","1","Yes","Yes","57","Yes","Yes","DSL","Yes","No","No","No","No","Yes","Quarterly","No","NetBanking","483","27531","Satisfied with pricing and product value","0.5","Pricing Issue","No","0","23","14753.85"
"CUST-00638","1","United States","Florida","Miami","90638","38.9","-107.3","38.9, -107.3","Male","0","No","No","21","Yes","No","Cable","No","Yes","No","Yes","No","No","Monthly","No","NetBanking","994","20874","Agents are not proactive and service follow-up is poor","-0.333","Service Issue","Yes","1","44","15719.9"
"CUST-00639","1","United States","New York","New York","90639","39.6","-106.2","39.6, -106.2","Female","0","No","No","47","Yes","No","Fiber optic","No","No","No","No","Yes","Yes","Monthly","No","UPI","1431","67257","Agents are not proactive and service follow-up is poor","-0.333","Service Issue","Yes","1","61","36021.95"
"CUST-00640","1","United States","Illinois","Chicago","90640","40.3","-105.1","40.3, -105.1","Female","0","Yes","No","11","Yes","No","Cable","No","No","No","No","No","No","Annual","Yes","AutoPay","952","10472","Internet speed dropped and network quality is poor","-1","Network Issue","Yes","1","43","11523.2"
"CUST-00641","1","United States","California","Los Angeles","90641","41","-104","41, -104","Female","0","No","Yes","3","Yes","Yes","Cable","Yes","Yes","Yes","No","No","Yes","Monthly","No","NetBanking","594","1782","Too many disconnects and latency problems","0","Network Issue","No","0","26","5441.7"
"CUST-00642","1","United States","Texas","Houston","90642","41.7","-102.9","41.7, -102.9","Male","1","No","No","4","Yes","Yes","Fiber optic","No","No","No","Yes","Yes","No","Annual","No","UPI","1437","5748","Signal issues keep affecting daily usage","-0.5","Network Issue","Yes","1","49","13595.8"
"CUST-00643","1","United States","Florida","Miami","90643","42.4","-101.8","42.4, -101.8","Male","0","Yes","No","30","Yes","No","DSL","No","No","No","No","No","Yes","Quarterly","Yes","AutoPay","499","14970","Support response is slow and issue resolution takes too long","-0.9","Service Issue","No","0","22","9891.5"
"CUST-00644","1","United States","New York","New York","90644","43.1","-100.7","43.1, -100.7","Female","0","No","No","16","Yes","No","Cable","No","Yes","No","No","No","No","Annual","Yes","Card","649","9488","Excellent issue resolution and friendly support team","0","Service Issue","Yes","1","26","8864.8"
"CUST-00645","1","United States","Illinois","Chicago","90645","43.8","-99.6","43.8, -99.6","Male","1","No","Yes","53","Yes","No","Cable","Yes","No","No","No","Yes","Yes","Monthly","No","UPI","999","52947","Satisfied with pricing and product value","0.5","Pricing Issue","No","0","32","27689.45"
"CUST-00646","1","United States","California","Los Angeles","90646","44.5","-98.5","44.5, -98.5","Female","0","Yes","No","70","Yes","Yes","Cable","No","No","Yes","Yes","No","No","Quarterly","Yes","Card","854","59780","Customer reported average experience with no detailed feedback.","0","Pricing Issue","No","0","35","29295"
"CUST-00647","1","United States","Texas","Houston","90647","45.2","-97.4","45.2, -97.4","Male","0","No","No","40","Yes","Yes","Cable","No","Yes","No","No","No","Yes","Annual","No","NetBanking","597","23880","Billing feels expensive for the value received","-0.857","Pricing Issue","Yes","1","25","14014"
"CUST-00648","1","United States","Florida","Miami","90648","45.9","-96.3","45.9, -96.3","Male","0","No","No","2","Yes","No","Cable","No","No","No","No","Yes","No","Annual","No","NetBanking","1026","2052","Happy with the service quality and quick response","0.75","Service Issue","Yes","1","50","8970.2"
"CUST-00649","1","United States","New York","New York","90649","46.6","-95.2","46.6, -95.2","Female","1","Yes","Yes","31","Yes","No","DSL","Yes","No","No","No","No","Yes","Monthly","Yes","AutoPay","283","8773","The plan cost feels high compared with competitors","0","Pricing Issue","Yes","1","20","6016.55"
"CUST-00650","1","United States","Illinois","Chicago","90650","47.3","-94.1","47.3, -94.1","Female","0","No","No","55","Yes","No","Cable","No","Yes","No","Yes","No","No","Quarterly","Yes","AutoPay","712","39160","Frustrated with repeated support delays","-1","Service Issue","No","0","31","20612"
"CUST-00651","1","United States","California","Los Angeles","90651","48","-93","48, -93","Male","1","No","No","61","Yes","Yes","Fiber optic","No","No","Yes","No","Yes","Yes","Annual","No","NetBanking","1283","78263","Customer service quality dropped after onboarding","-0.5","Service Issue","Yes","1","52","38998.05"
"CUST-00652","1","United States","Texas","Houston","90652","48.7","-91.9","48.7, -91.9","Male","0","Yes","No","42","Yes","Yes","Cable","No","No","No","No","No","No","Annual","Yes","AutoPay","1000","42000","Smooth onboarding and very helpful account manager","0.857","Service Issue","No","0","50","23624"
"CUST-00653","1","United States","Florida","Miami","90653","25.4","-90.8","25.4, -90.8","Male","1","No","Yes","41","Yes","No","Cable","Yes","Yes","No","No","No","Yes","Annual","No","NetBanking","489","20049","Satisfied with pricing and product value","0.5","Pricing Issue","No","0","16","11831.15"
"CUST-00654","1","United States","New York","New York","90654","26.1","-89.7","26.1, -89.7","Female","1","No","No","62","Yes","No","DSL","No","No","No","Yes","Yes","No","Quarterly","No","NetBanking","316","19592","Happy with the service quality and quick response","0.75","Service Issue","No","0","25","10749.2"
"CUST-00655","1","United States","Illinois","Chicago","90655","26.8","-88.6","26.8, -88.6","Male","0","Yes","No","62","Yes","No","Fiber optic","No","No","No","No","No","Yes","Quarterly","Yes","Card","1414","87668","Support response is slow and issue resolution takes too long","-0.9","Service Issue","Yes","1","57","43359.8"
"CUST-00656","1","United States","California","Los Angeles","90656","27.5","-87.5","27.5, -87.5","Male","0","No","No","52","Yes","Yes","Cable","No","Yes","Yes","No","No","No","Monthly","Yes","Card","939","48828","Excellent issue resolution and friendly support team","0","Service Issue","No","0","29","25745.8"
"CUST-00657","1","United States","Texas","Houston","90657","28.2","-86.4","28.2, -86.4","Female","0","No","Yes","47","Yes","Yes","Fiber optic","Yes","No","No","No","Yes","Yes","Annual","No","UPI","1231","57857","Signal issues keep affecting daily usage","-0.5","Network Issue","No","0","44","31131.95"
"CUST-00658","1","United States","Florida","Miami","90658","28.9","-85.3","28.9, -85.3","Female","0","Yes","No","6","Yes","No","Cable","No","No","No","Yes","No","No","Monthly","No","UPI","671","4026","Internet speed dropped and network quality is poor","-1","Network Issue","Yes","1","43","6909.1"
"CUST-00659","1","United States","New York","New York","90659","29.6","-84.2","29.6, -84.2","Female","0","No","No","29","Yes","No","Cable","No","Yes","No","No","No","Yes","Monthly","Yes","Card","726","21054","Support response is slow and issue resolution takes too long","-0.9","Service Issue","Yes","1","34","13814.9"
"CUST-00660","1","United States","Illinois","Chicago","90660","30.3","-83.1","30.3, -83.1","Male","0","No","No","72","Yes","No","Cable","No","No","No","No","Yes","No","Quarterly","No","NetBanking","1052","75744","Signal issues keep affecting daily usage","-0.5","Network Issue","No","0","34","36510.4"
"CUST-00661","1","United States","California","Los Angeles","90661","31","-82","31, -82","Female","0","Yes","Yes","11","Yes","Yes","Fiber optic","Yes","No","Yes","No","No","Yes","Quarterly","No","NetBanking","1434","15774","Excellent issue resolution and friendly support team","0","Service Issue","Yes","1","56","17234.9"
"CUST-00662","1","United States","Texas","Houston","90662","31.7","-80.9","31.7, -80.9","Female","0","No","No","53","Yes","Yes","Cable","No","Yes","No","Yes","No","No","Monthly","No","NetBanking","945","50085","Happy with the service quality and quick response","0.75","Service Issue","Yes","1","43","26255.75"
"CUST-00663","1","United States","Florida","Miami","90663","32.4","-79.8","32.4, -79.8","Male","1","No","No","45","Yes","No","DSL","No","No","No","No","Yes","Yes","Quarterly","No","NetBanking","528","23760","Signal issues keep affecting daily usage","-0.5","Network Issue","Yes","1","35","13530"
"CUST-00664","1","United States","New York","New York","90664","33.1","-78.7","33.1, -78.7","Male","0","Yes","No","3","Yes","No","Cable","No","No","No","No","No","No","Annual","Yes","AutoPay","850","2550","Price increase without enough added features","0","Pricing Issue","Yes","1","34","7758.5"
"CUST-00665","1","United States","Illinois","Chicago","90665","33.8","-77.6","33.8, -77.6","Female","0","No","Yes","44","Yes","No","Cable","Yes","Yes","No","No","No","Yes","Monthly","Yes","Card","806","35464","Customer reported average experience with no detailed feedback.","-0.5","Network Issue","Yes","1","40","19828.4"
"CUST-00666","1","United States","California","Los Angeles","90666","34.5","-76.5","34.5, -76.5","Male","0","No","No","8","Yes","Yes","DSL","No","No","Yes","Yes","Yes","No","Quarterly","Yes","AutoPay","531","4248","Signal issues keep affecting daily usage","-0.5","Network Issue","Yes","1","27","5910.8"
"CUST-00667","1","United States","Texas","Houston","90667","35.2","-75.4","35.2, -75.4","Male","0","Yes","No","54","Yes","Yes","DSL","No","No","No","No","No","Yes","Quarterly","Yes","AutoPay","649","24840","Happy with the service quality and quick response","0.75","Service Issue","No","0","24","15074"
"CUST-00668","1","United States","Florida","Miami","90668","35.9","-74.3","35.9, -74.3","Male","0","No","No","20","Yes","No","Cable","No","Yes","No","No","No","No","Annual","Yes","Card","603","12060","Excellent issue resolution and friendly support team","0","Service Issue","No","0","26","9485"
"CUST-00669","1","United States","New York","New York","90669","36.6","-73.2","36.6, -73.2","Male","0","No","Yes","28","Yes","No","Cable","Yes","No","No","No","Yes","Yes","Annual","No","NetBanking","731","20468","Price increase without enough added features","0","Pricing Issue","Yes","1","39","13627.8"
"CUST-00670","1","United States","Illinois","Chicago","90670","37.3","-72.1","37.3, -72.1","Male","0","Yes","No","50","Yes","No","Cable","No","No","No","Yes","No","No","Annual","Yes","Card","1016","50800","Frequent network outages and unstable connectivity","-0.5","Network Issue","No","0","43","27008"
"CUST-00671","1","United States","California","Los Angeles","90671","38","-71","38, -71","Male","0","No","No","67","Yes","Yes","DSL","No","Yes","Yes","No","No","Yes","Monthly","No","UPI","554","37118","Support response is slow and issue resolution takes too long","-0.9","Service Issue","No","0","22","18897.3"
"CUST-00672","1","United States","Texas","Houston","90672","38.7","-69.9","38.7, -69.9","Male","0","No","No","66","Yes","Yes","DSL","No","No","No","No","Yes","No","Quarterly","Yes","Card","567","37422","Agents are not proactive and service follow-up is poor","-0.333","Service Issue","No","0","39","19085.7"
"CUST-00673","1","United States","Florida","Miami","90673","39.4","-68.8","39.4, -68.8","Female","1","Yes","Yes","64","Yes","No","Cable","Yes","No","No","No","No","Yes","Monthly","Yes","Card","702","44928","Too many disconnects and latency problems","0","Network Issue","No","0","26","22748.8"
"CUST-00674","1","United States","New York","New York","90674","40.1","-67.7","40.1, -67.7","Male","0","No","No","50","Yes","No","Cable","No","Yes","No","Yes","No","No","Monthly","Yes","AutoPay","587","29350","Smooth onboarding and very helpful account manager","0.857","Service Issue","No","0","30","16068.5"
"CUST-00675","1","United States","Illinois","Chicago","90675","40.8","-123.6","40.8, -123.6","Female","0","No","No","58","Yes","No","Cable","No","No","No","No","Yes","Yes","Quarterly","Yes","Card","517","29986","Smooth onboarding and very helpful account manager","0.857","Service Issue","No","0","21","15907.1"
"CUST-00676","1","United States","California","Los Angeles","90676","41.5","-122.5","41.5, -122.5","Female","0","Yes","No","47","Yes","Yes","Cable","No","No","Yes","No","No","No","Monthly","Yes","AutoPay","697","32759","Great support and reliable network experience","0","Network Issue","No","0","19","18075.65"
"CUST-00677","1","United States","Texas","Houston","90677","42.2","-121.4","42.2, -121.4","Male","0","No","Yes","3","Yes","Yes","Cable","Yes","Yes","No","No","No","Yes","Quarterly","No","UPI","646","1938","Smooth onboarding and very helpful account manager","0.857","Service Issue","Yes","1","41","5912.3"
"CUST-00678","1","United States","Florida","Miami","90678","42.9","-120.3","42.9, -120.3","Male","1","No","No","52","Yes","No","Cable","No","No","No","Yes","Yes","No","Annual","Yes","Card","577","30004","Signal issues keep affecting daily usage","-0.5","Network Issue","No","0","18","16261.4"
"CUST-00679","1","United States","New York","New York","90679","43.6","-119.2","43.6, -119.2","Male","1","Yes","No","43","Yes","No","Cable","No","No","No","No","No","Yes","Monthly","Yes","Card","764","32852","Billing feels expensive for the value received","-0.857","Pricing Issue","Yes","1","25","18556.2"
"CUST-00680","1","United States","Illinois","Chicago","90680","44.3","-118.1","44.3, -118.1","Male","1","No","No","23","Yes","No","DSL","No","Yes","No","No","No","No","Monthly","No","NetBanking","432","9936","Frequent network outages and unstable connectivity","-0.5","Network Issue","Yes","1","32","7439.6"
"CUST-00681","1","United States","California","Los Angeles","90681","45","-117","45, -117","Female","0","No","Yes","67","Yes","Yes","Cable","Yes","No","Yes","No","Yes","Yes","Quarterly","Yes","AutoPay","566","37922","Too many disconnects and latency problems","0","Network Issue","Yes","1","31","19274.7"
"CUST-00682","1","United States","Texas","Houston","90682","45.7","-115.9","45.7, -115.9","Female","0","Yes","No","56","Yes","Yes","Cable","No","No","No","Yes","No","No","Annual","Yes","AutoPay","1058","59248","Billing feels expensive for the value received","-0.857","Pricing Issue","Yes","1","46","30432.8"
"CUST-00683","1","United States","Florida","Miami","90683","46.4","-114.8","46.4, -114.8","Female","0","No","No","26","Yes","No","Cable","No","Yes","No","No","No","Yes","Quarterly","No","NetBanking","802","20852","Frequent network outages and unstable connectivity","-0.5","Network Issue","Yes","1","35","14286.2"
"CUST-00684","1","United States","New York","New York","90684","47.1","-113.7","47.1, -113.7","Male","0","No","No","59","Yes","No","Cable","No","No","No","No","Yes","No","Monthly","No","UPI","795","46905","Customer reported average experience with no detailed feedback.","0.75","Service Issue","No","0","38","24074.75"
"CUST-00685","1","United States","Illinois","Chicago","90685","47.8","-112.6","47.8, -112.6","Male","0","Yes","Yes","67","Yes","No","Cable","Yes","No","No","No","No","Yes","Annual","No","NetBanking","733","49111","Monthly charges are too high and pricing is confusing","0","Pricing Issue","No","0","29","24526.85"
"CUST-00686","1","United States","California","Los Angeles","90686","48.5","-111.5","48.5, -111.5","Male","0","No","No","14","Yes","Yes","Cable","No","Yes","Yes","Yes","No","No","Annual","Yes","AutoPay","663","9282","Internet speed dropped and network quality is poor","-1","Network Issue","Yes","1","38","8860.7"
"CUST-00687","1","United States","Texas","Houston","90687","25.2","-110.4","25.2, -110.4","Male","0","No","No","1","Yes","Yes","DSL","No","No","No","No","Yes","Yes","Annual","No","NetBanking","378","378","Signal issues keep affecting daily usage","-0.5","Network Issue","Yes","1","30","3178.3"
"CUST-00688","1","United States","Florida","Miami","90688","25.9","-109.3","25.9, -109.3","Male","0","Yes","No","42","Yes","No","DSL","No","No","No","No","No","No","Quarterly","No","NetBanking","418","17556","Support response is slow and issue resolution takes too long","-0.9","Service Issue","No","0","27","10412.6"
"CUST-00689","1","United States","New York","New York","90689","26.6","-108.2","26.6, -108.2","Male","1","No","Yes","43","Yes","No","Fiber optic","Yes","Yes","No","No","No","Yes","Monthly","Yes","Card","1503","64629","Monthly charges are too high and pricing is confusing","0","Pricing Issue","Yes","1","66","35590.15"
"CUST-00690","1","United States","Illinois","Chicago","90690","27.3","-107.1","27.3, -107.1","Female","0","No","No","17","Yes","No","Cable","No","No","No","Yes","Yes","No","Quarterly","Yes","AutoPay","649","11033","Agents are not proactive and service follow-up is poor","-0.333","Service Issue","Yes","1","36","9427.55"
"CUST-00691","1","United States","California","Los Angeles","90691","28","-106","28, -106","Male","0","Yes","No","38","Yes","Yes","Cable","No","No","Yes","No","No","Yes","Quarterly","Yes","Card","673","25574","Customer service quality dropped after onboarding","-0.5","Service Issue","No","0","19","15170.9"
"CUST-00692","1","United States","Texas","Houston","90692","28.7","-104.9","28.7, -104.9","Male","1","No","No","67","Yes","Yes","Cable","No","Yes","No","No","No","No","Annual","No","UPI","819","54873","Smooth onboarding and very helpful account manager","0.857","Service Issue","No","0","35","27231.55"
"CUST-00693","1","United States","Florida","Miami","90693","29.4","-103.8","29.4, -103.8","Female","0","No","Yes","64","Yes","No","DSL","Yes","No","No","No","Yes","Yes","Quarterly","No","UPI","361","23104","Billing feels expensive for the value received","-0.857","Pricing Issue","No","0","7","12382.4"
"CUST-00694","1","United States","New York","New York","90694","30.1","-102.7","30.1, -102.7","Male","0","Yes","No","22","Yes","No","DSL","No","No","No","Yes","No","No","Annual","No","UPI","496","10912","Too many disconnects and latency problems","0","Network Issue","No","0","32","8271.2"
"CUST-00695","1","United States","Illinois","Chicago","90695","30.8","-101.6","30.8, -101.6","Female","0","No","No","69","Yes","No","DSL","No","Yes","No","No","No","Yes","Monthly","No","NetBanking","556","38364","Happy with the service quality and quick response","0.75","Service Issue","Yes","1","31","19393.4"
"CUST-00696","1","United States","California","Los Angeles","90696","31.5","-100.5","31.5, -100.5","Female","0","No","No","13","Yes","Yes","DSL","No","No","Yes","No","Yes","No","Annual","No","UPI","494","6422","Support response is slow and issue resolution takes too long","-0.9","Service Issue","Yes","1","29","6485.7"
"CUST-00697","1","United States","Texas","Houston","90697","32.2","-99.4","32.2, -99.4","Male","0","Yes","Yes","11","Yes","Yes","DSL","Yes","No","No","No","No","Yes","Quarterly","No","UPI","489","5379","Price increase without enough added features","0","Pricing Issue","Yes","1","26","6036.65"
"CUST-00698","1","United States","Florida","Miami","90698","32.9","-98.3","32.9, -98.3","Male","0","No","No","38","Yes","No","DSL","No","Yes","No","Yes","No","No","Quarterly","No","UPI","556","21128","Frustrated with repeated support delays","-1","Service Issue","Yes","1","20","12678.8"
"CUST-00699","1","United States","New York","New York","90699","33.6","-97.2","33.6, -97.2","Male","0","No","No","71","Yes","No","Fiber optic","No","No","No","No","Yes","Yes","Quarterly","Yes","Card","1293","91803","Price increase without enough added features","0","Pricing Issue","Yes","1","50","44037.05"
"CUST-00700","1","United States","Illinois","Chicago","90700","34.3","-96.1","34.3, -96.1","Male","0","Yes","No","64","Yes","No","DSL","No","No","No","No","No","No","Monthly","Yes","AutoPay","465","29760","Frustrated with repeated support delays","-1","Service Issue","Yes","1","24","15544"
"CUST-00701","1","United States","California","Los Angeles","90701","35","-95","35, -95","Male","1","No","Yes","11","Yes","Yes","Cable","Yes","Yes","Yes","No","No","Yes","Annual","Yes","AutoPay","1035","11385","Price increase without enough added features","0","Pricing Issue","Yes","1","48","12506.75"
"CUST-00702","1","United States","Texas","Houston","90702","35.7","-93.9","35.7, -93.9","Female","1","No","No","31","Yes","Yes","DSL","No","No","No","Yes","Yes","No","Annual","No","NetBanking","506","15686","Agents are not proactive and service follow-up is poor","-0.333","Service Issue","Yes","1","32","10220.1"
"CUST-00703","1","United States","Florida","Miami","90703","36.4","-92.8","36.4, -92.8","Male","0","Yes","No","69","Yes","No","Cable","No","No","No","No","No","Yes","Annual","No","UPI","693","47817","Customer reported average experience with no detailed feedback.","-0.333","Service Issue","No","0","25","23797.95"
"CUST-00704","1","United States","New York","New York","90704","37.1","-91.7","37.1, -91.7","Male","0","No","No","35","Yes","No","DSL","No","Yes","No","No","No","No","Monthly","No","NetBanking","529","18515","Monthly charges are too high and pricing is confusing","0","Pricing Issue","No","0","20","11482.25"
"CUST-00705","1","United States","Illinois","Chicago","90705","37.8","-90.6","37.8, -90.6","Male","0","No","Yes","70","Yes","No","Fiber optic","Yes","No","No","No","Yes","Yes","Monthly","No","UPI","1338","93660","Satisfied with pricing and product value","0.5","Pricing Issue","No","0","36","45025"
"CUST-00706","1","United States","California","Los Angeles","90706","38.5","-89.5","38.5, -89.5","Female","1","Yes","No","57","Yes","Yes","DSL","No","No","Yes","Yes","No","No","Monthly","Yes","Card","464","26448","Frustrated with repeated support delays","-1","Service Issue","No","0","22","14222.8"
"CUST-00707","1","United States","Texas","Houston","90707","39.2","-88.4","39.2, -88.4","Female","0","No","No","50","Yes","Yes","Cable","No","Yes","No","No","No","Yes","Quarterly","No","UPI","673","33650","Frequent network outages and unstable connectivity","-0.5","Network Issue","Yes","1","23","18261.5"
"CUST-00708","1","United States","Florida","Miami","90708","39.9","-87.3","39.9, -87.3","Male","1","No","No","19","Yes","No","Cable","No","No","No","No","Yes","No","Annual","No","UPI","1009","19171","Frequent network outages and unstable connectivity","-0.5","Network Issue","No","0","45","15199.85"
"CUST-00709","1","United States","New York","New York","90709","40.6","-86.2","40.6, -86.2","Female","1","Yes","Yes","22","Yes","No","DSL","Yes","No","No","No","No","Yes","Monthly","No","UPI","527","11594","Happy with the service quality and quick response","0.75","Service Issue","No","0","25","8757.9"
"CUST-00710","1","United States","Illinois","Chicago","90710","41.3","-85.1","41.3, -85.1","Female","0","No","No","8","Yes","No","DSL","No","Yes","No","Yes","No","No","Monthly","Yes","AutoPay","421","3368","Frustrated with repeated support delays","-1","Service Issue","Yes","1","32","4722.8"
"CUST-00711","1","United States","California","Los Angeles","90711","42","-84","42, -84","Male","0","No","No","49","Yes","Yes","Cable","No","No","Yes","No","Yes","Yes","Annual","No","UPI","837","41013","Monthly charges are too high and pricing is confusing","0","Pricing Issue","Yes","1","43","22128.55"
"CUST-00712","1","United States","Texas","Houston","90712","42.7","-82.9","42.7, -82.9","Female","0","Yes","No","54","Yes","Yes","Cable","No","No","No","No","No","No","Annual","Yes","AutoPay","768","41472","The plan cost feels high compared with competitors","0","Pricing Issue","No","0","30","21847.2"
"CUST-00713","1","United States","Florida","Miami","90713","43.4","-81.8","43.4, -81.8","Female","1","No","Yes","60","Yes","No","Cable","Yes","Yes","No","No","No","Yes","Monthly","Yes","AutoPay","649","32340","Great support and reliable network experience","0","Network Issue","No","0","24","17831"
"CUST-00714","1","United States","New York","New York","90714","44.1","-80.7","44.1, -80.7","Male","0","No","No","27","Yes","No","Cable","No","No","No","Yes","Yes","No","Quarterly","No","UPI","600","16200","Great support and reliable network experience","0","Network Issue","No","0","29","11064"
"CUST-00715","1","United States","Illinois","Chicago","90715","44.8","-79.6","44.8, -79.6","Female","0","Yes","No","55","Yes","No","DSL","No","No","No","No","No","Yes","Quarterly","Yes","Card","387","21285","Excellent issue resolution and friendly support team","0","Service Issue","Yes","1","20","11755.75"
"CUST-00716","1","United States","California","Los Angeles","90716","45.5","-78.5","45.5, -78.5","Male","0","No","No","35","Yes","Yes","DSL","No","Yes","Yes","No","No","No","Quarterly","No","NetBanking","400","14000","Support response is slow and issue resolution takes too long","-0.9","Service Issue","No","0","22","8870"
"CUST-00717","1","United States","Texas","Houston","90717","46.2","-77.4","46.2, -77.4","Female","0","No","Yes","56","Yes","Yes","Cable","Yes","No","No","No","Yes","Yes","Annual","No","NetBanking","900","50400","Agents are not proactive and service follow-up is poor","-0.333","Service Issue","Yes","1","42","26072"
"CUST-00718","1","United States","Florida","Miami","90718","46.9","-76.3","46.9, -76.3","Male","0","Yes","No","51","Yes","No","Cable","No","No","No","Yes","No","No","Quarterly","Yes","AutoPay","1133","57783","Too many disconnects and latency problems","0","Network Issue","Yes","1","45","30410.05"
"CUST-00719","1","United States","New York","New York","90719","47.6","-75.2","47.6, -75.2","Male","0","No","No","7","Yes","No","Cable","No","Yes","No","No","No","Yes","Quarterly","Yes","AutoPay","1031","7217","Monthly charges are too high and pricing is confusing","0","Pricing Issue","Yes","1","35","10927.95"
"CUST-00720","1","United States","Illinois","Chicago","90720","48.3","-74.1","48.3, -74.1","Male","0","No","No","44","Yes","No","Cable","No","No","No","No","Yes","No","Quarterly","No","UPI","1069","47036","Monthly charges are too high and pricing is confusing","0","Pricing Issue","Yes","1","39","25982.6"
"CUST-00721","1","United States","California","Los Angeles","90721","25","-73","25, -73","Male","0","Yes","Yes","70","Yes","Yes","Fiber optic","Yes","No","Yes","No","No","Yes","Annual","No","NetBanking","1447","101290","Price increase without enough added features","0","Pricing Issue","No","0","52","48567.5"
"CUST-00722","1","United States","Texas","Houston","90722","25.7","-71.9","25.7, -71.9","Male","0","No","No","58","Yes","Yes","Cable","No","Yes","No","Yes","No","No","Monthly","No","UPI","533","30914","Customer reported average experience with no detailed feedback.","0","Network Issue","No","0","25","16359.9"
"CUST-00723","1","United States","Florida","Miami","90723","26.4","-70.8","26.4, -70.8","Male","0","No","No","14","Yes","No","DSL","No","No","No","No","Yes","Yes","Annual","Yes","AutoPay","515","7210","Excellent issue resolution and friendly support team","0","Service Issue","Yes","1","24","6951.5"
"CUST-00724","1","United States","New York","New York","90724","27.1","-69.7","27.1, -69.7","Female","0","Yes","No","31","Yes","No","Cable","No","No","No","No","No","No","Monthly","No","UPI","975","30225","Great support and reliable network experience","0","Network Issue","No","0","36","19060.75"
"CUST-00725","1","United States","Illinois","Chicago","90725","27.8","-68.6","27.8, -68.6","Female","0","No","Yes","56","Yes","No","Cable","Yes","Yes","No","No","No","Yes","Monthly","No","UPI","759","42504","Frustrated with repeated support delays","-1","Service Issue","No","0","37","22180.4"
"CUST-00726","1","United States","California","Los Angeles","90726","28.5","-67.5","28.5, -67.5","Female","0","No","No","10","Yes","Yes","Cable","No","No","Yes","Yes","Yes","No","Monthly","No","NetBanking","592","5920","The plan cost feels high compared with competitors","0","Pricing Issue","Yes","1","38","7028"
"CUST-00727","1","United States","Texas","Houston","90727","29.2","-123.4","29.2, -123.4","Male","1","Yes","No","56","Yes","Yes","Cable","No","No","No","No","No","Yes","Monthly","Yes","Card","738","41328","Too many disconnects and latency problems","0","Network Issue","No","0","41","21600.8"
"CUST-00728","1","United States","Florida","Miami","90728","29.9","-122.3","29.9, -122.3","Female","0","No","No","49","Yes","No","Cable","No","Yes","No","No","No","No","Monthly","Yes","AutoPay","574","28126","Too many disconnects and latency problems","0","Network Issue","No","0","29","15514.1"
"CUST-00729","1","United States","New York","New York","90729","30.6","-121.2","30.6, -121.2","Female","1","No","Yes","23","Yes","No","DSL","Yes","No","No","No","Yes","Yes","Annual","No","NetBanking","474","10902","Satisfied with pricing and product value","0.5","Pricing Issue","Yes","1","20","8113.7"
"CUST-00730","1","United States","Illinois","Chicago","90730","31.3","-120.1","31.3, -120.1","Male","1","Yes","No","41","Yes","No","Cable","No","No","No","Yes","No","No","Monthly","No","UPI","788","32308","Smooth onboarding and very helpful account manager","0.857","Service Issue","Yes","1","40","18513.8"
"CUST-00731","1","United States","California","Los Angeles","90731","32","-119","32, -119","Male","0","No","No","53","Yes","Yes","Cable","No","Yes","Yes","No","No","Yes","Quarterly","No","UPI","561","29733","Great support and reliable network experience","0","Network Issue","Yes","1","24","16060.55"
"CUST-00732","1","United States","Texas","Houston","90732","32.7","-117.9","32.7, -117.9","Male","1","No","No","41","Yes","Yes","DSL","No","No","No","No","Yes","No","Annual","Yes","Card","284","11644","Agents are not proactive and service follow-up is poor","-0.333","Service Issue","No","0","22","7249.4"
"CUST-00733","1","United States","Florida","Miami","90733","33.4","-116.8","33.4, -116.8","Female","0","Yes","Yes","11","Yes","No","Cable","Yes","No","No","No","No","Yes","Annual","No","NetBanking","1091","12001","Customer service quality dropped after onboarding","-0.5","Service Issue","No","0","37","13170.35"
"CUST-00734","1","United States","New York","New York","90734","34.1","-115.7","34.1, -115.7","Male","0","No","No","64","Yes","No","DSL","No","Yes","No","Yes","No","No","Quarterly","No","UPI","450","28800","Happy with the service quality and quick response","0.75","Service Issue","No","0","23","15088"
"CUST-00735","1","United States","Illinois","Chicago","90735","34.8","-114.6","34.8, -114.6","Female","0","No","No","11","Yes","No","Cable","No","No","No","No","Yes","Yes","Annual","Yes","Card","778","8558","Excellent issue resolution and friendly support team","0","Service Issue","No","0","35","9461.3"
"CUST-00736","1","United States","California","Los Angeles","90736","35.5","-113.5","35.5, -113.5","Female","1","Yes","No","44","Yes","Yes","DSL","No","No","Yes","No","No","No","Monthly","No","NetBanking","649","16632","The plan cost feels high compared with competitors","0","Pricing Issue","Yes","1","29","11981.2"
"CUST-00737","1","United States","Texas","Houston","90737","36.2","-112.4","36.2, -112.4","Male","1","No","Yes","46","Yes","Yes","Cable","Yes","Yes","No","No","No","Yes","Monthly","Yes","AutoPay","1044","48024","Great support and reliable network experience","0","Network Issue","No","0","36","26172.4"
"CUST-00738","1","United States","Florida","Miami","90738","36.9","-111.3","36.9, -111.3","Male","0","No","No","16","Yes","No","DSL","No","No","No","Yes","Yes","No","Monthly","No","UPI","588","9408","Smooth onboarding and very helpful account manager","0.857","Service Issue","Yes","1","42","8348.8"
"CUST-00739","1","United States","New York","New York","90739","37.6","-110.2","37.6, -110.2","Male","0","Yes","No","63","Yes","No","Cable","No","No","No","No","No","Yes","Annual","Yes","Card","1018","64134","Smooth onboarding and very helpful account manager","0.857","Service Issue","No","0","38","31976.9"
"CUST-00740","1","United States","Illinois","Chicago","90740","38.3","-109.1","38.3, -109.1","Female","0","No","No","33","Yes","No","DSL","No","Yes","No","No","No","No","Annual","No","NetBanking","349","11517","Agents are not proactive and service follow-up is poor","-0.333","Service Issue","Yes","1","20","7548.95"
"CUST-00741","1","United States","California","Los Angeles","90741","39","-108","39, -108","Male","0","No","Yes","54","Yes","Yes","Cable","Yes","No","Yes","No","Yes","Yes","Monthly","No","UPI","676","36504","Customer reported average experience with no detailed feedback.","-0.333","Service Issue","Yes","1","27","19372.4"
"CUST-00742","1","United States","Texas","Houston","90742","39.7","-106.9","39.7, -106.9","Male","0","Yes","No","64","Yes","Yes","DSL","No","No","No","Yes","No","No","Quarterly","No","NetBanking","380","24320","Internet speed dropped and network quality is poor","-1","Network Issue","No","0","12","12960"
"CUST-00743","1","United States","Florida","Miami","90743","40.4","-105.8","40.4, -105.8","Male","0","No","No","42","Yes","No","DSL","No","Yes","No","No","No","Yes","Monthly","Yes","Card","550","23100","Price increase without enough added features","0","Pricing Issue","No","0","27","13409"
"CUST-00744","1","United States","New York","New York","90744","41.1","-104.7","41.1, -104.7","Male","0","No","No","21","Yes","No","Fiber optic","No","No","No","No","Yes","No","Annual","Yes","Card","1310","27510","Happy with the service quality and quick response","0.75","Service Issue","No","0","49","20570.5"
"CUST-00745","1","United States","Illinois","Chicago","90745","41.8","-103.6","41.8, -103.6","Male","0","Yes","Yes","3","Yes","No","Cable","Yes","No","No","No","No","Yes","Monthly","Yes","AutoPay","1036","3108","Satisfied with pricing and product value","0.5","Pricing Issue","Yes","1","39","9441.8"
"CUST-00746","1","United States","California","Los Angeles","90746","42.5","-102.5","42.5, -102.5","Male","1","No","No","19","Yes","Yes","DSL","No","Yes","Yes","Yes","No","No","Monthly","No","NetBanking","562","10678","Happy with the service quality and quick response","0.75","Service Issue","Yes","1","39","8651.3"
"CUST-00747","1","United States","Texas","Houston","90747","43.2","-101.4","43.2, -101.4","Female","0","No","No","26","Yes","Yes","Cable","No","No","No","No","Yes","Yes","Monthly","Yes","AutoPay","802","20852","Support response is slow and issue resolution takes too long","-0.9","Service Issue","Yes","1","30","14286.2"
"CUST-00748","1","United States","Florida","Miami","90748","43.9","-100.3","43.9, -100.3","Male","1","Yes","No","2","Yes","No","Fiber optic","No","No","No","No","No","No","Monthly","No","UPI","1334","2668","Monthly charges are too high and pricing is confusing","0","Pricing Issue","Yes","1","55","11649.8"
"CUST-00749","1","United States","New York","New York","90749","44.6","-99.2","44.6, -99.2","Male","0","No","Yes","42","Yes","No","Cable","Yes","Yes","No","No","No","Yes","Annual","Yes","Card","746","31332","Excellent issue resolution and friendly support team","0","Service Issue","No","0","32","17858.2"
"CUST-00750","1","United States","Illinois","Chicago","90750","45.3","-98.1","45.3, -98.1","Male","0","No","No","46","Yes","No","Cable","No","No","No","Yes","Yes","No","Quarterly","No","UPI","855","39330","Satisfied with pricing and product value","0.5","Pricing Issue","Yes","1","31","21617.5"
"CUST-00751","1","United States","California","Los Angeles","90751","46","-97","46, -97","Female","0","Yes","No","6","Yes","Yes","DSL","No","No","Yes","No","No","Yes","Annual","Yes","Card","357","2142","Price increase without enough added features","0","Pricing Issue","Yes","1","24","3737.7"
"CUST-00752","1","United States","Texas","Houston","90752","46.7","-95.9","46.7, -95.9","Female","0","No","No","14","Yes","Yes","Cable","No","Yes","No","No","No","No","Monthly","Yes","Card","616","8624","Billing feels expensive for the value received","-0.857","Pricing Issue","Yes","1","40","8254.4"
"CUST-00753","1","United States","Florida","Miami","90753","47.4","-94.8","47.4, -94.8","Female","1","No","Yes","30","Yes","No","Cable","Yes","No","No","No","Yes","Yes","Monthly","No","UPI","683","20490","Great support and reliable network experience","0","Network Issue","No","0","18","13295.5"
"CUST-00754","1","United States","New York","New York","90754","48.1","-93.7","48.1, -93.7","Female","0","Yes","No","46","Yes","No","Fiber optic","No","No","No","Yes","No","No","Monthly","No","NetBanking","1259","57914","Excellent issue resolution and friendly support team","0","Service Issue","Yes","1","43","31353.9"
"CUST-00755","1","United States","Illinois","Chicago","90755","48.8","-92.6","48.8, -92.6","Female","0","No","No","48","Yes","No","Cable","No","Yes","No","No","No","Yes","Monthly","No","UPI","1094","52512","The plan cost feels high compared with competitors","0","Pricing Issue","Yes","1","44","28187.2"
"CUST-00756","1","United States","California","Los Angeles","90756","25.5","-91.5","25.5, -91.5","Male","0","No","No","33","Yes","Yes","DSL","No","No","Yes","No","Yes","No","Monthly","Yes","AutoPay","479","15807","Happy with the service quality and quick response","0.75","Service Issue","No","0","32","10090.45"
"CUST-00757","1","United States","Texas","Houston","90757","26.2","-90.4","26.2, -90.4","Male","0","Yes","Yes","8","Yes","Yes","Cable","Yes","No","No","No","No","Yes","Quarterly","No","UPI","833","6664","Great support and reliable network experience","0","Network Issue","No","0","35","9172.4"
"CUST-00758","1","United States","Florida","Miami","90758","26.9","-89.3","26.9, -89.3","Female","1","No","No","68","Yes","No","DSL","No","Yes","No","Yes","No","No","Quarterly","Yes","AutoPay","394","26792","Customer service quality dropped after onboarding","-0.5","Service Issue","Yes","1","25","14025.2"
"CUST-00759","1","United States","New York","New York","90759","27.6","-88.2","27.6, -88.2","Female","0","No","No","8","Yes","No","DSL","No","No","No","No","Yes","Yes","Monthly","Yes","AutoPay","649","2864","Happy with the service quality and quick response","0.75","Service Issue","Yes","1","40","6370.4"
"CUST-00760","1","United States","Illinois","Chicago","90760","28.3","-87.1","28.3, -87.1","Female","0","Yes","No","47","Yes","No","Cable","No","No","No","No","No","No","Monthly","No","UPI","1131","53157","Customer reported average experience with no detailed feedback.","-0.5","Network Issue","Yes","1","44","28686.95"
"CUST-00761","1","United States","California","Los Angeles","90761","29","-86","29, -86","Male","0","No","Yes","37","Yes","Yes","Fiber optic","Yes","Yes","Yes","No","No","Yes","Quarterly","Yes","AutoPay","1279","47323","Agents are not proactive and service follow-up is poor","-0.333","Service Issue","No","0","40","27609.05"
"CUST-00762","1","United States","Texas","Houston","90762","29.7","-84.9","29.7, -84.9","Male","0","No","No","30","Yes","Yes","Fiber optic","No","No","No","Yes","Yes","No","Monthly","Yes","Card","1344","40320","The plan cost feels high compared with competitors","0","Pricing Issue","Yes","1","47","25524"
"CUST-00763","1","United States","Florida","Miami","90763","30.4","-83.8","30.4, -83.8","Female","0","Yes","No","33","Yes","No","DSL","No","No","No","No","No","Yes","Quarterly","Yes","AutoPay","392","12936","Excellent issue resolution and friendly support team","0","Service Issue","Yes","1","16","8389.6"
"CUST-00764","1","United States","New York","New York","90764","31.1","-82.7","31.1, -82.7","Male","0","No","No","20","Yes","No","DSL","No","Yes","No","No","No","No","Quarterly","No","UPI","480","9600","Monthly charges are too high and pricing is confusing","0","Pricing Issue","No","0","28","7640"
"CUST-00765","1","United States","Illinois","Chicago","90765","31.8","-81.6","31.8, -81.6","Male","0","No","Yes","50","Yes","No","Fiber optic","Yes","No","No","No","Yes","Yes","Monthly","No","NetBanking","1264","63200","Great support and reliable network experience","0","Network Issue","No","0","44","33332"
"CUST-00766","1","United States","California","Los Angeles","90766","32.5","-80.5","32.5, -80.5","Male","0","Yes","No","23","Yes","Yes","DSL","No","No","Yes","Yes","No","No","Annual","No","UPI","440","10120","Smooth onboarding and very helpful account manager","0.857","Service Issue","No","0","13","7568"
"CUST-00767","1","United States","Texas","Houston","90767","33.2","-79.4","33.2, -79.4","Male","0","No","No","21","Yes","Yes","DSL","No","Yes","No","No","No","Yes","Monthly","No","NetBanking","297","6237","Agents are not proactive and service follow-up is poor","-0.333","Service Issue","Yes","1","15","5020.95"
"CUST-00768","1","United States","Florida","Miami","90768","33.9","-78.3","33.9, -78.3","Female","0","No","No","1","Yes","No","Cable","No","No","No","No","Yes","No","Quarterly","Yes","Card","787","787","Frequent network outages and unstable connectivity","-0.5","Network Issue","Yes","1","33","6593.45"
"CUST-00769","1","United States","New York","New York","90769","34.6","-77.2","34.6, -77.2","Female","1","Yes","Yes","33","Yes","No","Cable","Yes","No","No","No","No","Yes","Quarterly","No","NetBanking","899","29667","Agents are not proactive and service follow-up is poor","-0.333","Service Issue","Yes","1","42","18301.45"
"CUST-00770","1","United States","Illinois","Chicago","90770","35.3","-76.1","35.3, -76.1","Female","0","No","No","12","Yes","No","Cable","No","Yes","No","Yes","No","No","Quarterly","Yes","Card","580","6960","Too many disconnects and latency problems","0","Network Issue","Yes","1","29","7340"
"CUST-00771","1","United States","California","Los Angeles","90771","36","-75","36, -75","Male","0","No","No","72","Yes","Yes","Cable","No","No","Yes","No","Yes","Yes","Monthly","No","UPI","790","56880","Satisfied with pricing and product value","0.5","Pricing Issue","Yes","1","34","27812"
"CUST-00772","1","United States","Texas","Houston","90772","36.7","-73.9","36.7, -73.9","Female","1","Yes","No","13","Yes","Yes","Cable","No","No","No","No","No","No","Annual","No","UPI","681","8853","Excellent issue resolution and friendly support team","0","Service Issue","No","0","32","8832.55"
"CUST-00773","1","United States","Florida","Miami","90773","37.4","-72.8","37.4, -72.8","Male","0","No","Yes","20","Yes","No","DSL","Yes","Yes","No","No","No","Yes","Annual","No","UPI","414","8280","Monthly charges are too high and pricing is confusing","0","Pricing Issue","No","0","26","6650"
"CUST-00774","1","United States","New York","New York","90774","38.1","-71.7","38.1, -71.7","Female","0","No","No","50","Yes","No","DSL","No","No","No","Yes","Yes","No","Annual","Yes","Card","485","24250","Price increase without enough added features","0","Pricing Issue","No","0","32","13467.5"
"CUST-00775","1","United States","Illinois","Chicago","90775","38.8","-70.6","38.8, -70.6","Male","0","Yes","No","37","Yes","No","DSL","No","No","No","No","No","Yes","Quarterly","No","NetBanking","452","16724","Satisfied with pricing and product value","0.5","Pricing Issue","Yes","1","22","10283.4"
"CUST-00776","1","United States","California","Los Angeles","90776","39.5","-69.5","39.5, -69.5","Female","0","No","No","62","Yes","Yes","DSL","No","Yes","Yes","No","No","No","Monthly","Yes","Card","429","26598","Excellent issue resolution and friendly support team","0","Service Issue","No","0","18","14105.3"
"CUST-00777","1","United States","Texas","Houston","90777","40.2","-68.4","40.2, -68.4","Female","0","No","Yes","64","Yes","Yes","DSL","Yes","No","No","No","Yes","Yes","Monthly","No","NetBanking","584","37376","Support response is slow and issue resolution takes too long","-0.9","Service Issue","Yes","1","36","19161.6"
"CUST-00778","1","United States","Florida","Miami","90778","40.9","-67.3","40.9, -67.3","Male","1","Yes","No","18","Yes","No","Cable","No","No","No","Yes","No","No","Quarterly","No","NetBanking","918","16524","Satisfied with pricing and product value","0.5","Pricing Issue","No","0","36","13523.4"
"CUST-00779","1","United States","New York","New York","90779","41.6","-123.2","41.6, -123.2","Female","1","No","No","14","Yes","No","Cable","No","Yes","No","No","No","Yes","Annual","No","NetBanking","974","13636","Customer reported average experience with no detailed feedback.","0","Service Issue","Yes","1","44","12872.6"
"CUST-00780","1","United States","Illinois","Chicago","90780","42.3","-122.1","42.3, -122.1","Female","1","No","No","70","Yes","No","DSL","No","No","No","No","Yes","No","Annual","No","UPI","313","21910","Support response is slow and issue resolution takes too long","-0.9","Service Issue","Yes","1","29","11712.5"
"CUST-00781","1","United States","California","Los Angeles","90781","43","-121","43, -121","Female","0","Yes","Yes","17","Yes","Yes","DSL","Yes","No","Yes","No","No","Yes","Monthly","No","NetBanking","556","9452","Great support and reliable network experience","0","Network Issue","Yes","1","29","8130.2"
"CUST-00782","1","United States","Texas","Houston","90782","43.7","-119.9","43.7, -119.9","Female","0","No","No","36","Yes","Yes","DSL","No","Yes","No","Yes","No","No","Annual","Yes","Card","649","9000","Too many disconnects and latency problems","0","Network Issue","No","0","26","9134"
"CUST-00783","1","United States","Florida","Miami","90783","44.4","-118.8","44.4, -118.8","Female","0","No","No","10","Yes","No","Cable","No","No","No","No","Yes","Yes","Annual","No","NetBanking","532","5320","Customer service quality dropped after onboarding","-0.5","Service Issue","No","0","25","6338"
"CUST-00784","1","United States","New York","New York","90784","45.1","-117.7","45.1, -117.7","Female","0","Yes","No","28","Yes","No","Cable","No","No","No","No","No","No","Quarterly","Yes","Card","1105","30940","Smooth onboarding and very helpful account manager","0.857","Service Issue","Yes","1","53","20285"
"CUST-00785","1","United States","Illinois","Chicago","90785","45.8","-116.6","45.8, -116.6","Male","1","No","Yes","24","Yes","No","Cable","Yes","Yes","No","No","No","Yes","Quarterly","No","NetBanking","943","22632","Customer service quality dropped after onboarding","-0.5","Service Issue","No","0","38","15993.2"
"CUST-00786","1","United States","California","Los Angeles","90786","46.5","-115.5","46.5, -115.5","Female","0","No","No","34","Yes","Yes","Cable","No","No","Yes","Yes","Yes","No","Quarterly","Yes","AutoPay","580","19720","The plan cost feels high compared with competitors","0","Pricing Issue","No","0","26","12290"
"CUST-00787","1","United States","Texas","Houston","90787","47.2","-114.4","47.2, -114.4","Male","0","Yes","No","62","Yes","Yes","Cable","No","No","No","No","No","Yes","Monthly","No","UPI","683","42346","Frustrated with repeated support delays","-1","Service Issue","Yes","1","39","21649.1"
"CUST-00788","1","United States","Florida","Miami","90788","47.9","-113.3","47.9, -113.3","Male","0","No","No","62","Yes","No","Cable","No","Yes","No","No","No","No","Annual","No","UPI","936","58032","Frustrated with repeated support delays","-1","Service Issue","No","0","37","29163.2"
"CUST-00789","1","United States","New York","New York","90789","48.6","-112.2","48.6, -112.2","Male","0","No","Yes","34","Yes","No","Fiber optic","Yes","No","No","No","Yes","Yes","Monthly","Yes","Card","1382","46988","Frustrated with repeated support delays","-1","Service Issue","No","0","41","28249.8"
"CUST-00790","1","United States","Illinois","Chicago","90790","25.3","-111.1","25.3, -111.1","Female","0","Yes","No","66","Yes","No","Cable","No","No","No","Yes","No","No","Quarterly","Yes","AutoPay","885","58410","Agents are not proactive and service follow-up is poor","-0.333","Service Issue","No","0","29","28975.5"
"CUST-00791","1","United States","California","Los Angeles","90791","26","-110","26, -110","Male","0","No","No","65","Yes","Yes","DSL","No","Yes","Yes","No","No","Yes","Quarterly","Yes","AutoPay","274","17810","Frequent network outages and unstable connectivity","-0.5","Network Issue","No","0","13","9855.5"
"CUST-00792","1","United States","Texas","Houston","90792","26.7","-108.9","26.7, -108.9","Male","0","No","No","71","Yes","Yes","Cable","No","No","No","No","Yes","No","Annual","Yes","Card","570","40470","Frustrated with repeated support delays","-1","Service Issue","Yes","1","27","20286.5"
"CUST-00793","1","United States","Florida","Miami","90793","27.4","-107.8","27.4, -107.8","Female","0","Yes","Yes","11","Yes","No","Cable","Yes","No","No","No","No","Yes","Monthly","No","NetBanking","737","8107","Agents are not proactive and service follow-up is poor","-0.333","Service Issue","Yes","1","40","8975.45"
"CUST-00794","1","United States","New York","New York","90794","28.1","-106.7","28.1, -106.7","Male","0","No","No","19","Yes","No","DSL","No","Yes","No","Yes","No","No","Quarterly","Yes","AutoPay","528","10032","Frequent network outages and unstable connectivity","-0.5","Network Issue","Yes","1","32","8153.2"
"CUST-00795","1","United States","Illinois","Chicago","90795","28.8","-105.6","28.8, -105.6","Male","1","No","No","5","Yes","No","Cable","No","No","No","No","Yes","Yes","Annual","No","NetBanking","1115","5575","Smooth onboarding and very helpful account manager","0.857","Service Issue","Yes","1","48","10981.25"
"CUST-00796","1","United States","California","Los Angeles","90796","29.5","-104.5","29.5, -104.5","Female","0","Yes","No","9","Yes","Yes","Cable","No","No","Yes","No","No","No","Monthly","Yes","AutoPay","964","8676","Great support and reliable network experience","0","Network Issue","Yes","1","41","10946.6"
"CUST-00797","1","United States","Texas","Houston","90797","30.2","-103.4","30.2, -103.4","Male","1","No","Yes","42","Yes","Yes","DSL","Yes","Yes","No","No","No","Yes","Monthly","No","UPI","398","16716","Monthly charges are too high and pricing is confusing","0","Pricing Issue","Yes","1","30","9958.6"
"CUST-00798","1","United States","Florida","Miami","90798","30.9","-102.3","30.9, -102.3","Female","1","No","No","66","Yes","No","Cable","No","No","No","Yes","Yes","No","Monthly","No","NetBanking","940","62040","Customer reported average experience with no detailed feedback.","0","Pricing Issue","No","0","31","30686"
"CUST-00799","1","United States","New York","New York","90799","31.6","-101.2","31.6, -101.2","Male","0","Yes","No","39","Yes","No","Cable","No","No","No","No","No","Yes","Quarterly","Yes","Card","1103","43017","Excellent issue resolution and friendly support team","0","Service Issue","Yes","1","47","24737.95"
"CUST-00800","1","United States","Illinois","Chicago","90800","32.3","-100.1","32.3, -100.1","Male","0","No","No","39","Yes","No","DSL","No","Yes","No","No","No","No","Annual","No","NetBanking","579","22581","Price increase without enough added features","0","Pricing Issue","Yes","1","27","13393.35"
"CUST-00801","1","United States","California","Los Angeles","90801","33","-99","33, -99","Male","0","No","Yes","13","Yes","Yes","DSL","Yes","No","Yes","No","Yes","Yes","Quarterly","Yes","Card","581","7553","Smooth onboarding and very helpful account manager","0.857","Service Issue","Yes","1","27","7577.55"
"CUST-00802","1","United States","Texas","Houston","90802","33.7","-97.9","33.7, -97.9","Female","0","Yes","No","3","Yes","Yes","Cable","No","No","No","Yes","No","No","Quarterly","No","UPI","633","1899","Support response is slow and issue resolution takes too long","-0.9","Service Issue","Yes","1","45","5794.65"
"CUST-00803","1","United States","Florida","Miami","90803","34.4","-96.8","34.4, -96.8","Male","1","No","No","4","Yes","No","Cable","No","Yes","No","No","No","Yes","Quarterly","No","NetBanking","675","2700","Price increase without enough added features","0","Pricing Issue","No","0","28","6433"
"CUST-00804","1","United States","New York","New York","90804","35.1","-95.7","35.1, -95.7","Male","0","No","No","61","Yes","No","DSL","No","No","No","No","Yes","No","Annual","No","UPI","343","20923","Frustrated with repeated support delays","-1","Service Issue","No","0","21","11409.05"
"CUST-00805","1","United States","Illinois","Chicago","90805","35.8","-94.6","35.8, -94.6","Male","1","Yes","Yes","30","Yes","No","Cable","Yes","No","No","No","No","Yes","Annual","Yes","AutoPay","649","26100","The plan cost feels high compared with competitors","0","Pricing Issue","Yes","1","19","14987"
"CUST-00806","1","United States","California","Los Angeles","90806","36.5","-93.5","36.5, -93.5","Female","0","No","No","56","Yes","Yes","Fiber optic","No","Yes","Yes","Yes","No","No","Quarterly","Yes","Card","1345","75320","Signal issues keep affecting daily usage","-0.5","Network Issue","No","0","44","38354"
"CUST-00807","1","United States","Texas","Houston","90807","37.2","-92.4","37.2, -92.4","Female","0","No","No","17","Yes","Yes","Cable","No","No","No","No","Yes","Yes","Quarterly","Yes","AutoPay","1082","18394","Smooth onboarding and very helpful account manager","0.857","Service Issue","Yes","1","36","15467.9"
"CUST-00808","1","United States","Florida","Miami","90808","37.9","-91.3","37.9, -91.3","Male","1","Yes","No","57","Yes","No","Cable","No","No","No","No","No","No","Monthly","No","UPI","624","35568","Billing feels expensive for the value received","-0.857","Pricing Issue","No","0","31","18694.8"
"CUST-00809","1","United States","New York","New York","90809","38.6","-90.2","38.6, -90.2","Male","0","No","Yes","71","Yes","No","DSL","Yes","Yes","No","No","No","Yes","Annual","No","NetBanking","540","38340","The plan cost feels high compared with competitors","0","Pricing Issue","No","0","23","19301"
"CUST-00810","1","United States","Illinois","Chicago","90810","39.3","-89.1","39.3, -89.1","Female","0","No","No","47","Yes","No","Cable","No","No","No","Yes","Yes","No","Annual","Yes","Card","1111","52217","Monthly charges are too high and pricing is confusing","0","Pricing Issue","Yes","1","51","28197.95"
"CUST-00811","1","United States","California","Los Angeles","90811","40","-88","40, -88","Female","0","Yes","No","61","Yes","Yes","Fiber optic","No","No","Yes","No","No","Yes","Annual","No","UPI","1271","77531","Signal issues keep affecting daily usage","-0.5","Network Issue","No","0","34","38645.85"
"CUST-00812","1","United States","Texas","Houston","90812","40.7","-86.9","40.7, -86.9","Male","0","No","No","48","Yes","Yes","Cable","No","Yes","No","No","No","No","Quarterly","No","UPI","609","29232","Signal issues keep affecting daily usage","-0.5","Network Issue","Yes","1","33","16159.2"
"CUST-00813","1","United States","Florida","Miami","90813","41.4","-85.8","41.4, -85.8","Female","0","No","Yes","12","Yes","No","Cable","Yes","No","No","No","Yes","Yes","Monthly","Yes","Card","592","7104","Agents are not proactive and service follow-up is poor","-0.333","Service Issue","Yes","1","28","7486.4"
"CUST-00814","1","United States","New York","New York","90814","42.1","-84.7","42.1, -84.7","Female","0","Yes","No","20","Yes","No","DSL","No","No","No","Yes","No","No","Quarterly","Yes","AutoPay","388","7760","Customer service quality dropped after onboarding","-0.5","Service Issue","Yes","1","19","6260"
"CUST-00815","1","United States","Illinois","Chicago","90815","42.8","-83.6","42.8, -83.6","Male","0","No","No","3","Yes","No","DSL","No","Yes","No","No","No","Yes","Quarterly","No","NetBanking","476","1428","Frequent network outages and unstable connectivity","-0.5","Network Issue","Yes","1","24","4373.8"
"CUST-00816","1","United States","California","Los Angeles","90816","43.5","-82.5","43.5, -82.5","Male","0","No","No","34","Yes","Yes","Fiber optic","No","No","Yes","No","Yes","No","Quarterly","Yes","Card","1401","47634","Excellent issue resolution and friendly support team","0","Service Issue","Yes","1","53","28627.9"
"CUST-00817","1","United States","Texas","Houston","90817","44.2","-81.4","44.2, -81.4","Female","0","Yes","Yes","47","Yes","Yes","DSL","Yes","No","No","No","No","Yes","Annual","No","NetBanking","513","24111","Customer reported average experience with no detailed feedback.","-0.5","Network Issue","Yes","1","27","13576.85"
"CUST-00818","1","United States","Florida","Miami","90818","44.9","-80.3","44.9, -80.3","Female","0","No","No","21","Yes","No","Cable","No","Yes","No","Yes","No","No","Annual","No","NetBanking","906","19026","Great support and reliable network experience","0","Network Issue","Yes","1","46","14369.1"
"CUST-00819","1","United States","New York","New York","90819","45.6","-79.2","45.6, -79.2","Male","0","No","No","58","Yes","No","Fiber optic","No","No","No","No","Yes","Yes","Annual","No","NetBanking","1447","83926","Satisfied with pricing and product value","0.5","Pricing Issue","No","0","44","42226.1"
"CUST-00820","1","United States","Illinois","Chicago","90820","46.3","-78.1","46.3, -78.1","Male","0","Yes","No","39","Yes","No","Cable","No","No","No","No","No","No","Quarterly","No","NetBanking","844","32916","Price increase without enough added features","0","Pricing Issue","Yes","1","43","19130.6"
"CUST-00821","1","United States","California","Los Angeles","90821","47","-77","47, -77","Female","0","No","Yes","61","Yes","Yes","Cable","Yes","Yes","Yes","No","No","Yes","Monthly","No","NetBanking","895","54595","Price increase without enough added features","0","Pricing Issue","Yes","1","42","27610.25"
"CUST-00822","1","United States","Texas","Houston","90822","47.7","-75.9","47.7, -75.9","Male","0","No","No","52","Yes","Yes","Cable","No","No","No","Yes","Yes","No","Quarterly","No","NetBanking","611","31772","Smooth onboarding and very helpful account manager","0.857","Service Issue","No","0","27","17152.2"
"CUST-00823","1","United States","Florida","Miami","90823","48.4","-74.8","48.4, -74.8","Female","0","Yes","No","60","Yes","No","DSL","No","No","No","No","No","Yes","Monthly","No","UPI","329","19740","Support response is slow and issue resolution takes too long","-0.9","Service Issue","Yes","1","36","10861"
"CUST-00824","1","United States","New York","New York","90824","25.1","-73.7","25.1, -73.7","Female","0","No","No","6","Yes","No","DSL","No","Yes","No","No","No","No","Monthly","No","UPI","349","2094","Frequent network outages and unstable connectivity","-0.5","Network Issue","Yes","1","12","3656.9"
"CUST-00825","1","United States","Illinois","Chicago","90825","25.8","-72.6","25.8, -72.6","Male","0","No","Yes","50","Yes","No","Cable","Yes","No","No","No","Yes","Yes","Annual","Yes","AutoPay","731","36550","Frequent network outages and unstable connectivity","-0.5","Network Issue","Yes","1","36","19740.5"
"CUST-00826","1","United States","California","Los Angeles","90826","26.5","-71.5","26.5, -71.5","Female","0","Yes","No","65","Yes","Yes","Cable","No","No","Yes","Yes","No","No","Quarterly","Yes","AutoPay","677","44005","Support response is slow and issue resolution takes too long","-0.9","Service Issue","Yes","1","34","22247.75"
"CUST-00827","1","United States","Texas","Houston","90827","27.2","-70.4","27.2, -70.4","Male","0","No","No","68","Yes","Yes","Cable","No","Yes","No","No","No","Yes","Monthly","No","UPI","1024","69632","Smooth onboarding and very helpful account manager","0.857","Service Issue","No","0","37","34059.2"
"CUST-00828","1","United States","Florida","Miami","90828","27.9","-69.3","27.9, -69.3","Male","0","No","No","62","Yes","No","DSL","No","No","No","No","Yes","No","Quarterly","Yes","Card","649","35588","The plan cost feels high compared with competitors","0","Pricing Issue","Yes","1","32","19011.8"
"CUST-00829","1","United States","New York","New York","90829","28.6","-68.2","28.6, -68.2","Male","1","Yes","Yes","26","Yes","No","Cable","Yes","No","No","No","No","Yes","Monthly","No","UPI","1036","26936","The plan cost feels high compared with competitors","0","Pricing Issue","Yes","1","42","18287.6"
"CUST-00830","1","United States","Illinois","Chicago","90830","29.3","-67.1","29.3, -67.1","Male","0","No","No","47","Yes","No","Fiber optic","No","Yes","No","Yes","No","No","Monthly","No","NetBanking","1226","57622","Internet speed dropped and network quality is poor","-1","Network Issue","Yes","1","40","31009.7"
"CUST-00831","1","United States","California","Los Angeles","90831","30","-123","30, -123","Male","0","No","No","43","Yes","Yes","Cable","No","No","Yes","No","Yes","Yes","Monthly","Yes","AutoPay","928","39904","Monthly charges are too high and pricing is confusing","0","Pricing Issue","No","0","35","22336.4"
"CUST-00832","1","United States","Texas","Houston","90832","30.7","-121.9","30.7, -121.9","Male","1","Yes","No","72","Yes","Yes","Cable","No","No","No","No","No","No","Quarterly","Yes","Card","752","54144","Signal issues keep affecting daily usage","-0.5","Network Issue","No","0","34","26550.4"
"CUST-00833","1","United States","Florida","Miami","90833","31.4","-120.8","31.4, -120.8","Female","1","No","Yes","42","Yes","No","DSL","Yes","Yes","No","No","No","Yes","Annual","Yes","Card","419","17598","Customer service quality dropped after onboarding","-0.5","Service Issue","No","0","30","10435.3"
"CUST-00834","1","United States","New York","New York","90834","32.1","-119.7","32.1, -119.7","Male","0","No","No","23","Yes","No","DSL","No","No","No","Yes","Yes","No","Quarterly","No","NetBanking","378","8694","Excellent issue resolution and friendly support team","0","Service Issue","Yes","1","17","6572.9"
"CUST-00835","1","United States","Illinois","Chicago","90835","32.8","-118.6","32.8, -118.6","Male","0","Yes","No","2","Yes","No","Cable","No","No","No","No","No","Yes","Annual","Yes","AutoPay","801","1602","Customer service quality dropped after onboarding","-0.5","Service Issue","No","0","38","7012.7"
"CUST-00836","1","United States","California","Los Angeles","90836","33.5","-117.5","33.5, -117.5","Male","0","No","No","68","Yes","Yes","Cable","No","Yes","Yes","No","No","No","Quarterly","No","UPI","1134","77112","Customer reported average experience with no detailed feedback.","0","Service Issue","Yes","1","49","37557.2"
"CUST-00837","1","United States","Texas","Houston","90837","34.2","-116.4","34.2, -116.4","Female","0","No","Yes","26","Yes","Yes","Cable","Yes","No","No","No","Yes","Yes","Quarterly","No","NetBanking","878","22828","Billing feels expensive for the value received","-0.857","Pricing Issue","Yes","1","36","15585.8"
"CUST-00838","1","United States","Florida","Miami","90838","34.9","-115.3","34.9, -115.3","Male","1","Yes","No","1","Yes","No","Cable","No","No","No","Yes","No","No","Annual","No","UPI","791","791","Too many disconnects and latency problems","0","Network Issue","No","0","27","6626.85"
"CUST-00839","1","United States","New York","New York","90839","35.6","-114.2","35.6, -114.2","Male","0","No","No","23","Yes","No","DSL","No","Yes","No","No","No","Yes","Annual","No","NetBanking","464","10672","Frustrated with repeated support delays","-1","Service Issue","No","0","15","7953.2"
"CUST-00840","1","United States","Illinois","Chicago","90840","36.3","-113.1","36.3, -113.1","Female","0","No","No","46","Yes","No","Cable","No","No","No","No","Yes","No","Monthly","Yes","Card","1109","51014","Happy with the service quality and quick response","0.75","Service Issue","Yes","1","52","27738.9"
"CUST-00841","1","United States","California","Los Angeles","90841","37","-112","37, -112","Male","0","Yes","Yes","63","Yes","Yes","Fiber optic","Yes","No","Yes","No","No","Yes","Quarterly","Yes","Card","1312","82656","Happy with the service quality and quick response","0.75","Service Issue","No","0","47","40811.6"
"CUST-00842","1","United States","Texas","Houston","90842","37.7","-110.9","37.7, -110.9","Male","1","No","No","22","Yes","Yes","Cable","No","Yes","No","Yes","No","No","Quarterly","No","UPI","542","11924","Support response is slow and issue resolution takes too long","-0.9","Service Issue","Yes","1","27","8993.4"
"CUST-00843","1","United States","Florida","Miami","90843","38.4","-109.8","38.4, -109.8","Male","0","No","No","64","Yes","No","Cable","No","No","No","No","Yes","Yes","Quarterly","No","NetBanking","654","41856","Great support and reliable network experience","0","Network Issue","No","0","33","21289.6"
"CUST-00844","1","United States","New York","New York","90844","39.1","-108.7","39.1, -108.7","Female","0","Yes","No","53","Yes","No","Cable","No","No","No","No","No","No","Monthly","No","NetBanking","674","35722","Happy with the service quality and quick response","0.75","Service Issue","No","0","32","19060.7"
"CUST-00845","1","United States","Illinois","Chicago","90845","39.8","-107.6","39.8, -107.6","Female","0","No","Yes","31","Yes","No","DSL","Yes","Yes","No","No","No","Yes","Monthly","No","UPI","539","16709","Frequent network outages and unstable connectivity","-0.5","Network Issue","Yes","1","32","10842.15"
"CUST-00846","1","United States","California","Los Angeles","90846","40.5","-106.5","40.5, -106.5","Female","0","No","No","51","Yes","Yes","Cable","No","No","Yes","Yes","Yes","No","Quarterly","No","NetBanking","972","49572","Price increase without enough added features","0","Pricing Issue","Yes","1","48","26248.2"
"CUST-00847","1","United States","Texas","Houston","90847","41.2","-105.4","41.2, -105.4","Male","1","Yes","No","10","Yes","Yes","Cable","No","No","No","No","No","Yes","Annual","Yes","Card","682","6820","Internet speed dropped and network quality is poor","-1","Network Issue","Yes","1","22","8063"
"CUST-00848","1","United States","Florida","Miami","90848","41.9","-104.3","41.9, -104.3","Male","1","No","No","72","Yes","No","DSL","No","Yes","No","No","No","No","Monthly","Yes","AutoPay","304","21888","Frequent network outages and unstable connectivity","-0.5","Network Issue","Yes","1","21","11676.8"
"CUST-00849","1","United States","New York","New York","90849","42.6","-103.2","42.6, -103.2","Male","0","No","Yes","45","Yes","No","DSL","Yes","No","No","No","Yes","Yes","Monthly","No","NetBanking","323","14535","Price increase without enough added features","0","Pricing Issue","No","0","32","8661.25"
"CUST-00850","1","United States","Illinois","Chicago","90850","43.3","-102.1","43.3, -102.1","Female","0","Yes","No","71","Yes","No","Cable","No","No","No","Yes","No","No","Quarterly","No","NetBanking","708","50268","The plan cost feels high compared with competitors","0","Pricing Issue","Yes","1","39","24819.8"
"CUST-00851","1","United States","California","Los Angeles","90851","44","-101","44, -101","Female","0","No","No","28","Yes","Yes","DSL","No","Yes","Yes","No","No","Yes","Monthly","Yes","AutoPay","649","15764","Customer service quality dropped after onboarding","-0.5","Service Issue","Yes","1","29","11325.4"
"CUST-00852","1","United States","Texas","Houston","90852","44.7","-99.9","44.7, -99.9","Female","0","No","No","8","Yes","Yes","Cable","No","No","No","No","Yes","No","Annual","No","NetBanking","1091","8728","Billing feels expensive for the value received","-0.857","Pricing Issue","No","0","39","11958.8"
"CUST-00853","1","United States","Florida","Miami","90853","45.4","-98.8","45.4, -98.8","Male","0","Yes","Yes","50","Yes","No","DSL","Yes","No","No","No","No","Yes","Quarterly","No","UPI","430","21500","Support response is slow and issue resolution takes too long","-0.9","Service Issue","No","0","31","12065"
"CUST-00854","1","United States","New York","New York","90854","46.1","-97.7","46.1, -97.7","Female","0","No","No","16","Yes","No","Cable","No","Yes","No","Yes","No","No","Monthly","No","NetBanking","818","13088","Frustrated with repeated support delays","-1","Service Issue","Yes","1","33","11476.8"
"CUST-00855","1","United States","Illinois","Chicago","90855","46.8","-96.6","46.8, -96.6","Male","0","No","No","60","Yes","No","Fiber optic","No","No","No","No","Yes","Yes","Annual","No","NetBanking","1363","81780","Customer reported average experience with no detailed feedback.","0","Service Issue","No","0","47","40847"
"CUST-00856","1","United States","California","Los Angeles","90856","47.5","-95.5","47.5, -95.5","Female","1","Yes","No","58","Yes","Yes","Cable","No","No","Yes","No","No","No","Monthly","Yes","AutoPay","591","34278","Great support and reliable network experience","0","Network Issue","Yes","1","23","18001.3"
"CUST-00857","1","United States","Texas","Houston","90857","48.2","-94.4","48.2, -94.4","Male","1","No","Yes","12","Yes","Yes","DSL","Yes","Yes","No","No","No","Yes","Annual","Yes","AutoPay","566","6792","Frustrated with repeated support delays","-1","Service Issue","Yes","1","31","7169.2"
"CUST-00858","1","United States","Florida","Miami","90858","48.9","-93.3","48.9, -93.3","Female","0","No","No","68","Yes","No","Cable","No","No","No","Yes","Yes","No","Quarterly","No","UPI","909","61812","Price increase without enough added features","0","Pricing Issue","No","0","29","30402.2"
"CUST-00859","1","United States","New York","New York","90859","25.6","-92.2","25.6, -92.2","Male","1","Yes","No","59","Yes","No","DSL","No","No","No","No","No","Yes","Annual","No","NetBanking","429","25311","Frequent network outages and unstable connectivity","-0.5","Network Issue","No","0","23","13588.85"
"CUST-00860","1","United States","Illinois","Chicago","90860","26.3","-91.1","26.3, -91.1","Female","0","No","No","42","Yes","No","Cable","No","Yes","No","No","No","No","Quarterly","No","UPI","617","25914","Agents are not proactive and service follow-up is poor","-0.333","Service Issue","No","0","21","14929.9"
"CUST-00861","1","United States","California","Los Angeles","90861","27","-90","27, -90","Male","0","No","Yes","18","Yes","Yes","DSL","Yes","No","Yes","No","Yes","Yes","Annual","No","UPI","365","6570","Agents are not proactive and service follow-up is poor","-0.333","Service Issue","Yes","1","27","5615.5"
"CUST-00862","1","United States","Texas","Houston","90862","27.7","-88.9","27.7, -88.9","Female","0","Yes","No","31","Yes","Yes","Cable","No","No","No","Yes","No","No","Monthly","No","UPI","666","20646","Frequent network outages and unstable connectivity","-0.5","Network Issue","No","0","22","13236.1"
"CUST-00863","1","United States","Florida","Miami","90863","28.4","-87.8","28.4, -87.8","Male","1","No","No","17","Yes","No","Cable","No","Yes","No","No","No","Yes","Monthly","No","NetBanking","683","11611","Satisfied with pricing and product value","0.5","Pricing Issue","Yes","1","35","9901.85"
"CUST-00864","1","United States","New York","New York","90864","29.1","-86.7","29.1, -86.7","Male","0","No","No","1","Yes","No","Cable","No","No","No","No","Yes","No","Monthly","Yes","AutoPay","884","884","Billing feels expensive for the value received","-0.857","Pricing Issue","Yes","1","41","7403.4"
"CUST-00865","1","United States","Illinois","Chicago","90865","29.8","-85.6","29.8, -85.6","Male","1","Yes","Yes","54","Yes","No","DSL","Yes","No","No","No","No","Yes","Monthly","No","UPI","318","17172","Happy with the service quality and quick response","0.75","Service Issue","No","0","7","9742.2"
"CUST-00866","1","United States","California","Los Angeles","90866","30.5","-84.5","30.5, -84.5","Female","0","No","No","18","Yes","Yes","Cable","No","Yes","Yes","Yes","No","No","Quarterly","Yes","Card","1048","18864","Signal issues keep affecting daily usage","-0.5","Network Issue","Yes","1","51","15382.4"
"CUST-00867","1","United States","Texas","Houston","90867","31.2","-83.4","31.2, -83.4","Female","0","No","No","48","Yes","Yes","DSL","No","No","No","No","Yes","Yes","Monthly","No","UPI","426","20448","Billing feels expensive for the value received","-0.857","Pricing Issue","Yes","1","23","11620.8"
"CUST-00868","1","United States","Florida","Miami","90868","31.9","-82.3","31.9, -82.3","Male","0","Yes","No","15","Yes","No","DSL","No","No","No","No","No","No","Monthly","No","NetBanking","431","6465","Too many disconnects and latency problems","0","Network Issue","Yes","1","28","6040.75"
"CUST-00869","1","United States","New York","New York","90869","32.6","-81.2","32.6, -81.2","Male","0","No","Yes","72","Yes","No","Fiber optic","Yes","Yes","No","No","No","Yes","Monthly","No","UPI","1490","107280","Frustrated with repeated support delays","-1","Service Issue","Yes","1","52","51052"
"CUST-00870","1","United States","Illinois","Chicago","90870","33.3","-80.1","33.3, -80.1","Female","0","No","No","28","Yes","No","DSL","No","No","No","Yes","Yes","No","Monthly","Yes","Card","370","10360","The plan cost feels high compared with competitors","0","Pricing Issue","No","0","27","7202"
"CUST-00871","1","United States","California","Los Angeles","90871","34","-79","34, -79","Female","0","Yes","No","15","Yes","Yes","DSL","No","No","Yes","No","No","Yes","Annual","No","UPI","450","6750","The plan cost feels high compared with competitors","0","Pricing Issue","Yes","1","35","6292.5"
"CUST-00872","1","United States","Texas","Houston","90872","34.7","-77.9","34.7, -77.9","Male","1","No","No","22","Yes","Yes","DSL","No","Yes","No","No","No","No","Monthly","Yes","AutoPay","331","7282","Excellent issue resolution and friendly support team","0","Service Issue","No","0","19","5680.7"
"CUST-00873","1","United States","Florida","Miami","90873","35.4","-76.8","35.4, -76.8","Male","0","No","Yes","19","Yes","No","Cable","Yes","No","No","No","Yes","Yes","Quarterly","No","UPI","546","10374","Agents are not proactive and service follow-up is poor","-0.333","Service Issue","Yes","1","38","8416.9"
"CUST-00874","1","United States","New York","New York","90874","36.1","-75.7","36.1, -75.7","Male","0","Yes","No","40","Yes","No","DSL","No","No","No","Yes","No","No","Annual","No","NetBanking","649","10080","Customer reported average experience with no detailed feedback.","-0.5","Service Issue","Yes","1","31","9600"
"CUST-00875","1","United States","Illinois","Chicago","90875","36.8","-74.6","36.8, -74.6","Male","1","No","No","64","Yes","No","Fiber optic","No","Yes","No","No","No","Yes","Monthly","Yes","AutoPay","1394","89216","Price increase without enough added features","0","Pricing Issue","Yes","1","58","43785.6"
"CUST-00876","1","United States","California","Los Angeles","90876","37.5","-73.5","37.5, -73.5","Female","0","No","No","24","Yes","Yes","Cable","No","No","Yes","No","Yes","No","Quarterly","Yes","AutoPay","1030","24720","Smooth onboarding and very helpful account manager","0.857","Service Issue","No","0","36","17420"
"CUST-00877","1","United States","Texas","Houston","90877","38.2","-72.4","38.2, -72.4","Male","0","Yes","Yes","7","Yes","Yes","Cable","Yes","No","No","No","No","Yes","Annual","No","UPI","580","4060","Frequent network outages and unstable connectivity","-0.5","Network Issue","Yes","1","35","6215"
"CUST-00878","1","United States","Florida","Miami","90878","38.9","-71.3","38.9, -71.3","Male","0","No","No","15","Yes","No","Cable","No","Yes","No","Yes","No","No","Annual","No","NetBanking","921","13815","Frustrated with repeated support delays","-1","Service Issue","Yes","1","37","12533.25"
"CUST-00879","1","United States","New York","New York","90879","39.6","-70.2","39.6, -70.2","Female","1","No","No","13","Yes","No","DSL","No","No","No","No","Yes","Yes","Annual","Yes","AutoPay","331","4303","Smooth onboarding and very helpful account manager","0.857","Service Issue","No","0","12","4440.05"
"CUST-00880","1","United States","Illinois","Chicago","90880","40.3","-69.1","40.3, -69.1","Male","0","Yes","No","36","Yes","No","Cable","No","No","No","No","No","No","Monthly","No","UPI","995","35820","Happy with the service quality and quick response","0.75","Service Issue","Yes","1","35","21289"
"CUST-00881","1","United States","California","Los Angeles","90881","41","-68","41, -68","Female","0","No","Yes","59","Yes","Yes","Cable","Yes","Yes","Yes","No","No","Yes","Monthly","Yes","AutoPay","818","48262","Internet speed dropped and network quality is poor","-1","Network Issue","Yes","1","36","24733.7"
"CUST-00882","1","United States","Texas","Houston","90882","41.7","-123.9","41.7, -123.9","Female","1","No","No","5","Yes","Yes","DSL","No","No","No","Yes","Yes","No","Monthly","No","UPI","298","1490","Agents are not proactive and service follow-up is poor","-0.333","Service Issue","Yes","1","24","3015.5"
"CUST-00883","1","United States","Florida","Miami","90883","42.4","-122.8","42.4, -122.8","Male","0","Yes","No","70","Yes","No","Fiber optic","No","No","No","No","No","Yes","Monthly","No","NetBanking","1206","84420","Internet speed dropped and network quality is poor","-1","Network Issue","No","0","40","40735"
"CUST-00884","1","United States","New York","New York","90884","43.1","-121.7","43.1, -121.7","Female","0","No","No","29","Yes","No","Cable","No","Yes","No","No","No","No","Monthly","Yes","Card","929","26941","Agents are not proactive and service follow-up is poor","-0.333","Service Issue","No","0","37","17499.35"
"CUST-00885","1","United States","Illinois","Chicago","90885","43.8","-120.6","43.8, -120.6","Female","0","No","Yes","15","Yes","No","DSL","Yes","No","No","No","Yes","Yes","Annual","No","NetBanking","525","7875","Great support and reliable network experience","0","Network Issue","Yes","1","27","7286.25"
"CUST-00886","1","United States","California","Los Angeles","90886","44.5","-119.5","44.5, -119.5","Female","0","Yes","No","16","Yes","Yes","Fiber optic","No","No","Yes","Yes","No","No","Annual","Yes","AutoPay","1560","24960","Price increase without enough added features","0","Pricing Issue","Yes","1","56","21568"
"CUST-00887","1","United States","Texas","Houston","90887","45.2","-118.4","45.2, -118.4","Female","1","No","No","62","Yes","Yes","Cable","No","Yes","No","No","No","Yes","Monthly","No","NetBanking","578","35836","Customer service quality dropped after onboarding","-0.5","Service Issue","Yes","1","28","18530.6"
"CUST-00888","1","United States","Florida","Miami","90888","45.9","-117.3","45.9, -117.3","Female","0","No","No","45","Yes","No","Cable","No","No","No","No","Yes","No","Annual","Yes","Card","924","41580","Internet speed dropped and network quality is poor","-1","Network Issue","Yes","1","48","22935"
"CUST-00889","1","United States","New York","New York","90889","46.6","-116.2","46.6, -116.2","Female","0","Yes","Yes","25","Yes","No","DSL","Yes","No","No","No","No","Yes","Quarterly","Yes","AutoPay","485","12125","Frustrated with repeated support delays","-1","Service Issue","Yes","1","23","8673.75"
"CUST-00890","1","United States","Illinois","Chicago","90890","47.3","-115.1","47.3, -115.1","Female","0","No","No","8","Yes","No","DSL","No","Yes","No","Yes","No","No","Monthly","No","NetBanking","509","4072","Excellent issue resolution and friendly support team","0","Service Issue","No","0","22","5673.2"
"CUST-00891","1","United States","California","Los Angeles","90891","48","-114","48, -114","Male","0","No","No","51","Yes","Yes","Cable","No","No","Yes","No","Yes","Yes","Quarterly","Yes","AutoPay","631","32181","Monthly charges are too high and pricing is confusing","0","Pricing Issue","Yes","1","24","17433.35"
"CUST-00892","1","United States","Texas","Houston","90892","48.7","-112.9","48.7, -112.9","Female","1","Yes","No","36","Yes","Yes","Cable","No","No","No","No","No","No","Monthly","Yes","AutoPay","1006","36216","Excellent issue resolution and friendly support team","0","Service Issue","No","0","35","21515.6"
"CUST-00893","1","United States","Florida","Miami","90893","25.4","-111.8","25.4, -111.8","Female","0","No","Yes","21","Yes","No","DSL","Yes","Yes","No","No","No","Yes","Annual","No","UPI","329","6909","Customer reported average experience with no detailed feedback.","-0.333","Service Issue","Yes","1","23","5512.15"
"CUST-00894","1","United States","New York","New York","90894","26.1","-110.7","26.1, -110.7","Female","0","No","No","48","Yes","No","DSL","No","No","No","Yes","Yes","No","Annual","No","NetBanking","351","16848","Smooth onboarding and very helpful account manager","0.857","Service Issue","Yes","1","16","9760.8"
"CUST-00895","1","United States","Illinois","Chicago","90895","26.8","-109.6","26.8, -109.6","Female","0","Yes","No","30","Yes","No","Fiber optic","No","No","No","No","No","Yes","Quarterly","Yes","Card","1551","46530","Price increase without enough added features","0","Pricing Issue","No","0","56","29353.5"
"CUST-00896","1","United States","California","Los Angeles","90896","27.5","-108.5","27.5, -108.5","Female","0","No","No","57","Yes","Yes","DSL","No","Yes","Yes","No","No","No","Quarterly","No","NetBanking","530","30210","Billing feels expensive for the value received","-0.857","Pricing Issue","Yes","1","30","16067.5"
"CUST-00897","1","United States","Texas","Houston","90897","28.2","-107.4","28.2, -107.4","Male","0","No","Yes","21","Yes","Yes","Cable","Yes","No","No","No","Yes","Yes","Annual","No","UPI","649","12831","Frequent network outages and unstable connectivity","-0.5","Network Issue","Yes","1","33","10144.85"
"CUST-00898","1","United States","Florida","Miami","90898","28.9","-106.3","28.9, -106.3","Female","1","Yes","No","63","Yes","No","Cable","No","No","No","Yes","No","No","Monthly","No","UPI","971","61173","Signal issues keep affecting daily usage","-0.5","Network Issue","Yes","1","35","30564.55"
"CUST-00899","1","United States","New York","New York","90899","29.6","-105.2","29.6, -105.2","Male","0","No","No","9","Yes","No","Fiber optic","No","Yes","No","No","No","Yes","Annual","Yes","Card","1452","13068","Price increase without enough added features","0","Pricing Issue","Yes","1","47","16387.8"
"CUST-00900","1","United States","Illinois","Chicago","90900","30.3","-104.1","30.3, -104.1","Male","0","No","No","32","Yes","No","DSL","No","No","No","No","Yes","No","Quarterly","Yes","AutoPay","289","9248","Excellent issue resolution and friendly support team","0","Service Issue","Yes","1","27","6252.8"
"CUST-00901","1","United States","California","Los Angeles","90901","31","-103","31, -103","Male","0","Yes","Yes","64","Yes","Yes","Cable","Yes","No","Yes","No","No","Yes","Annual","Yes","Card","687","43968","Too many disconnects and latency problems","0","Network Issue","No","0","30","22292.8"
"CUST-00902","1","United States","Texas","Houston","90902","31.7","-101.9","31.7, -101.9","Male","1","No","No","25","Yes","Yes","Cable","No","Yes","No","Yes","No","No","Monthly","No","UPI","789","19725","Billing feels expensive for the value received","-0.857","Pricing Issue","Yes","1","32","13765.75"
"CUST-00903","1","United States","Florida","Miami","90903","32.4","-100.8","32.4, -100.8","Male","0","No","No","66","Yes","No","DSL","No","No","No","No","Yes","Yes","Quarterly","No","UPI","612","40392","Support response is slow and issue resolution takes too long","-0.9","Service Issue","No","0","29","20485.2"
"CUST-00904","1","United States","New York","New York","90904","33.1","-99.7","33.1, -99.7","Female","0","Yes","No","3","Yes","No","Cable","No","No","No","No","No","No","Quarterly","Yes","Card","691","2073","Monthly charges are too high and pricing is confusing","0","Pricing Issue","Yes","1","31","6319.55"
"CUST-00905","1","United States","Illinois","Chicago","90905","33.8","-98.6","33.8, -98.6","Female","0","No","Yes","55","Yes","No","DSL","Yes","Yes","No","No","No","Yes","Monthly","Yes","Card","480","26400","Satisfied with pricing and product value","0.5","Pricing Issue","Yes","1","27","14290"
"CUST-00906","1","United States","California","Los Angeles","90906","34.5","-97.5","34.5, -97.5","Female","0","No","No","62","Yes","Yes","Cable","No","No","Yes","Yes","Yes","No","Annual","No","UPI","955","59210","Excellent issue resolution and friendly support team","0","Service Issue","No","0","42","29727.5"
"CUST-00907","1","United States","Texas","Houston","90907","35.2","-96.4","35.2, -96.4","Male","0","Yes","No","63","Yes","Yes","Cable","No","No","No","No","No","Yes","Monthly","No","UPI","900","56700","Excellent issue resolution and friendly support team","0","Service Issue","No","0","34","28431"
"CUST-00908","1","United States","Florida","Miami","90908","35.9","-95.3","35.9, -95.3","Female","0","No","No","17","Yes","No","DSL","No","Yes","No","No","No","No","Monthly","No","UPI","352","5984","Agents are not proactive and service follow-up is poor","-0.333","Service Issue","Yes","1","24","5284.4"
"CUST-00909","1","United States","New York","New York","90909","36.6","-94.2","36.6, -94.2","Female","0","No","Yes","17","Yes","No","Cable","Yes","No","No","No","Yes","Yes","Annual","Yes","Card","896","15232","Agents are not proactive and service follow-up is poor","-0.333","Service Issue","No","0","26","12873.2"
"CUST-00910","1","United States","Illinois","Chicago","90910","37.3","-93.1","37.3, -93.1","Male","0","Yes","No","33","Yes","No","Cable","No","No","No","Yes","No","No","Annual","No","UPI","641","21153","Happy with the service quality and quick response","0.75","Service Issue","No","0","33","13257.55"
"CUST-00911","1","United States","California","Los Angeles","90911","38","-92","38, -92","Female","0","No","No","54","Yes","Yes","Cable","No","Yes","Yes","No","No","Yes","Annual","No","NetBanking","853","46062","Satisfied with pricing and product value","0.5","Pricing Issue","Yes","1","39","24133.7"
"CUST-00912","1","United States","Texas","Houston","90912","38.7","-90.9","38.7, -90.9","Male","0","No","No","1","Yes","Yes","Cable","No","No","No","No","Yes","No","Monthly","Yes","AutoPay","751","751","Customer reported average experience with no detailed feedback.","-0.9","Service Issue","Yes","1","23","6292.85"
"CUST-00913","1","United States","Florida","Miami","90913","39.4","-89.8","39.4, -89.8","Female","0","Yes","Yes","43","Yes","No","Cable","Yes","No","No","No","No","Yes","Quarterly","No","NetBanking","889","38227","Internet speed dropped and network quality is poor","-1","Network Issue","Yes","1","36","21437.45"
"CUST-00914","1","United States","New York","New York","90914","40.1","-88.7","40.1, -88.7","Male","0","No","No","61","Yes","No","Cable","No","Yes","No","Yes","No","No","Quarterly","No","NetBanking","761","46421","Too many disconnects and latency problems","0","Network Issue","No","0","25","23677.35"
"CUST-00915","1","United States","Illinois","Chicago","90915","40.8","-87.6","40.8, -87.6","Female","0","No","No","28","Yes","No","Fiber optic","No","No","No","No","Yes","Yes","Monthly","Yes","Card","1263","35364","Billing feels expensive for the value received","-0.857","Pricing Issue","Yes","1","53","23097.4"
"CUST-00916","1","United States","California","Los Angeles","90916","41.5","-86.5","41.5, -86.5","Male","1","Yes","No","56","Yes","Yes","Cable","No","No","Yes","No","No","No","Monthly","Yes","AutoPay","854","47824","Excellent issue resolution and friendly support team","0","Service Issue","Yes","1","28","24802.4"
"CUST-00917","1","United States","Texas","Houston","90917","42.2","-85.4","42.2, -85.4","Male","0","No","Yes","67","Yes","Yes","DSL","Yes","Yes","No","No","No","Yes","Quarterly","No","UPI","388","25996","Customer service quality dropped after onboarding","-0.5","Service Issue","No","0","20","13676.6"
"CUST-00918","1","United States","Florida","Miami","90918","42.9","-84.3","42.9, -84.3","Female","0","No","No","43","Yes","No","DSL","No","No","No","Yes","Yes","No","Monthly","Yes","Card","500","21500","Internet speed dropped and network quality is poor","-1","Network Issue","Yes","1","31","12471"
"CUST-00919","1","United States","New York","New York","90919","43.6","-83.2","43.6, -83.2","Male","0","Yes","No","32","Yes","No","Cable","No","No","No","No","No","Yes","Annual","Yes","AutoPay","1007","32224","The plan cost feels high compared with competitors","0","Pricing Issue","No","0","37","20038.4"
"CUST-00920","1","United States","Illinois","Chicago","90920","44.3","-82.1","44.3, -82.1","Male","0","No","No","4","Yes","No","Cable","No","Yes","No","No","No","No","Quarterly","No","NetBanking","649","4100","Satisfied with pricing and product value","0.5","Pricing Issue","No","0","19","6715"
"CUST-00921","1","United States","California","Los Angeles","90921","45","-81","45, -81","Female","0","No","Yes","67","Yes","Yes","DSL","Yes","No","Yes","No","Yes","Yes","Monthly","Yes","Card","316","21172","Price increase without enough added features","0","Pricing Issue","No","0","22","11412.2"
"CUST-00922","1","United States","Texas","Houston","90922","45.7","-79.9","45.7, -79.9","Male","0","Yes","No","71","Yes","Yes","Cable","No","No","No","Yes","No","No","Annual","No","UPI","497","35287","Agents are not proactive and service follow-up is poor","-0.333","Service Issue","No","0","28","17888.45"
"CUST-00923","1","United States","Florida","Miami","90923","46.4","-78.8","46.4, -78.8","Female","0","No","No","26","Yes","No","DSL","No","Yes","No","No","No","Yes","Monthly","No","NetBanking","296","7696","Customer service quality dropped after onboarding","-0.5","Service Issue","Yes","1","29","5633.6"
"CUST-00924","1","United States","New York","New York","90924","47.1","-77.7","47.1, -77.7","Female","0","No","No","16","Yes","No","Cable","No","No","No","No","Yes","No","Annual","Yes","Card","806","12896","Excellent issue resolution and friendly support team","0","Service Issue","No","0","44","11313.6"
"CUST-00925","1","United States","Illinois","Chicago","90925","47.8","-76.6","47.8, -76.6","Male","0","Yes","Yes","70","Yes","No","DSL","Yes","No","No","No","No","Yes","Quarterly","Yes","AutoPay","284","19880","Smooth onboarding and very helpful account manager","0.857","Service Issue","No","0","25","10770"
"CUST-00926","1","United States","California","Los Angeles","90926","48.5","-75.5","48.5, -75.5","Female","0","No","No","56","Yes","Yes","Cable","No","Yes","Yes","Yes","No","No","Annual","No","UPI","905","50680","Monthly charges are too high and pricing is confusing","0","Pricing Issue","Yes","1","36","26210"
"CUST-00927","1","United States","Texas","Houston","90927","25.2","-74.4","25.2, -74.4","Female","0","No","No","48","Yes","Yes","Cable","No","No","No","No","Yes","Yes","Quarterly","No","NetBanking","538","25824","Happy with the service quality and quick response","0.75","Service Issue","No","0","17","14398.4"
"CUST-00928","1","United States","Florida","Miami","90928","25.9","-73.3","25.9, -73.3","Male","1","Yes","No","20","Yes","No","DSL","No","No","No","No","No","No","Annual","Yes","AutoPay","514","10280","Price increase without enough added features","0","Pricing Issue","Yes","1","40","8150"
"CUST-00929","1","United States","New York","New York","90929","26.6","-72.2","26.6, -72.2","Female","0","No","Yes","52","Yes","No","Cable","Yes","Yes","No","No","No","Yes","Monthly","No","NetBanking","712","37024","Smooth onboarding and very helpful account manager","0.857","Service Issue","Yes","1","38","19798.4"
"CUST-00930","1","United States","Illinois","Chicago","90930","27.3","-71.1","27.3, -71.1","Female","0","No","No","42","Yes","No","Cable","No","No","No","Yes","Yes","No","Quarterly","No","NetBanking","773","32466","Support response is slow and issue resolution takes too long","-0.9","Service Issue","Yes","1","27","18471.1"
"CUST-00931","1","United States","California","Los Angeles","90931","28","-70","28, -70","Male","0","Yes","No","14","Yes","Yes","Cable","No","No","Yes","No","No","Yes","Quarterly","No","NetBanking","701","9814","Customer reported average experience with no detailed feedback.","0.75","Service Issue","No","0","24","9350.9"
"CUST-00932","1","United States","Texas","Houston","90932","28.7","-68.9","28.7, -68.9","Female","0","No","No","51","Yes","Yes","Cable","No","Yes","No","No","No","No","Annual","Yes","AutoPay","990","50490","Customer service quality dropped after onboarding","-0.5","Service Issue","Yes","1","43","26713.5"
"CUST-00933","1","United States","Florida","Miami","90933","29.4","-67.8","29.4, -67.8","Male","0","No","Yes","51","Yes","No","DSL","Yes","No","No","No","Yes","Yes","Monthly","Yes","Card","526","26826","Internet speed dropped and network quality is poor","-1","Network Issue","Yes","1","35","14719.1"
"CUST-00934","1","United States","New York","New York","90934","30.1","-123.7","30.1, -123.7","Male","0","Yes","No","14","Yes","No","Cable","No","No","No","Yes","No","No","Quarterly","Yes","AutoPay","725","10150","Support response is slow and issue resolution takes too long","-0.9","Service Issue","No","0","21","9660.5"
"CUST-00935","1","United States","Illinois","Chicago","90935","30.8","-122.6","30.8, -122.6","Male","0","No","No","26","Yes","No","DSL","No","Yes","No","No","No","Yes","Quarterly","Yes","AutoPay","540","14040","Support response is slow and issue resolution takes too long","-0.9","Service Issue","No","0","26","9806"
"CUST-00936","1","United States","California","Los Angeles","90936","31.5","-121.5","31.5, -121.5","Male","0","No","No","9","Yes","Yes","DSL","No","No","Yes","No","Yes","No","Annual","No","NetBanking","512","4608","Internet speed dropped and network quality is poor","-1","Network Issue","No","0","18","5906.8"
"CUST-00937","1","United States","Texas","Houston","90937","32.2","-120.4","32.2, -120.4","Male","0","Yes","Yes","36","Yes","Yes","DSL","Yes","No","No","No","No","Yes","Annual","Yes","AutoPay","239","8604","Billing feels expensive for the value received","-0.857","Pricing Issue","No","0","13","5715.4"
"CUST-00938","1","United States","Florida","Miami","90938","32.9","-119.3","32.9, -119.3","Female","0","No","No","55","Yes","No","DSL","No","Yes","No","Yes","No","No","Annual","No","NetBanking","288","15840","Customer service quality dropped after onboarding","-0.5","Service Issue","No","0","15","9058"
"CUST-00939","1","United States","New York","New York","90939","33.6","-118.2","33.6, -118.2","Female","0","No","No","44","Yes","No","DSL","No","No","No","No","Yes","Yes","Quarterly","No","NetBanking","388","17072","Billing feels expensive for the value received","-0.857","Pricing Issue","Yes","1","22","10047.2"
"CUST-00940","1","United States","Illinois","Chicago","90940","34.3","-117.1","34.3, -117.1","Male","0","Yes","No","14","Yes","No","Fiber optic","No","No","No","No","No","No","Quarterly","No","UPI","1313","18382","Excellent issue resolution and friendly support team","0","Service Issue","No","0","42","17245.7"
"CUST-00941","1","United States","California","Los Angeles","90941","35","-116","35, -116","Female","0","No","Yes","67","Yes","Yes","Cable","Yes","Yes","Yes","No","No","Yes","Quarterly","No","NetBanking","656","43952","Price increase without enough added features","0","Pricing Issue","No","0","34","22105.2"
"CUST-00942","1","United States","Texas","Houston","90942","35.7","-114.9","35.7, -114.9","Female","0","No","No","69","Yes","Yes","DSL","No","No","No","Yes","Yes","No","Monthly","No","UPI","491","33879","Support response is slow and issue resolution takes too long","-0.9","Service Issue","Yes","1","20","17303.65"
"CUST-00943","1","United States","Florida","Miami","90943","36.4","-113.8","36.4, -113.8","Male","0","Yes","No","5","Yes","No","Cable","No","No","No","No","No","Yes","Annual","Yes","Card","649","3245","Billing feels expensive for the value received","-0.857","Pricing Issue","Yes","1","30","6437.75"
"CUST-00944","1","United States","New York","New York","90944","37.1","-112.7","37.1, -112.7","Male","1","No","No","2","Yes","No","Cable","No","Yes","No","No","No","No","Annual","No","NetBanking","869","1738","The plan cost feels high compared with competitors","0","Pricing Issue","No","0","43","7604.3"
"CUST-00945","1","United States","Illinois","Chicago","90945","37.8","-111.6","37.8, -111.6","Male","0","No","Yes","46","Yes","No","DSL","Yes","No","No","No","Yes","Yes","Monthly","No","UPI","390","17940","Internet speed dropped and network quality is poor","-1","Network Issue","No","0","21","10411"
"CUST-00946","1","United States","California","Los Angeles","90946","38.5","-110.5","38.5, -110.5","Female","0","Yes","No","7","Yes","Yes","Cable","No","No","Yes","Yes","No","No","Quarterly","No","NetBanking","741","5187","The plan cost feels high compared with competitors","0","Pricing Issue","Yes","1","43","7897.45"
"CUST-00947","1","United States","Texas","Houston","90947","39.2","-109.4","39.2, -109.4","Female","0","No","No","10","Yes","Yes","Cable","No","Yes","No","No","No","Yes","Annual","Yes","Card","505","5050","Great support and reliable network experience","0","Network Issue","Yes","1","23","6027.5"
"CUST-00948","1","United States","Florida","Miami","90948","39.9","-108.3","39.9, -108.3","Female","0","No","No","2","Yes","No","Fiber optic","No","No","No","No","Yes","No","Annual","No","NetBanking","1258","2516","The plan cost feels high compared with competitors","0","Pricing Issue","Yes","1","49","10988.6"
"CUST-00949","1","United States","New York","New York","90949","40.6","-107.2","40.6, -107.2","Male","0","Yes","Yes","32","Yes","No","Cable","Yes","No","No","No","No","Yes","Quarterly","Yes","AutoPay","828","26496","Excellent issue resolution and friendly support team","0","Service Issue","Yes","1","24","16601.6"
"CUST-00950","1","United States","Illinois","Chicago","90950","41.3","-106.1","41.3, -106.1","Female","0","No","No","62","Yes","No","DSL","No","Yes","No","Yes","No","No","Annual","Yes","Card","349","21638","Customer reported average experience with no detailed feedback.","0","Service Issue","No","0","21","11729.3"
"CUST-00951","1","United States","California","Los Angeles","90951","42","-105","42, -105","Male","0","No","No","25","Yes","Yes","Cable","No","No","Yes","No","Yes","Yes","Quarterly","Yes","AutoPay","797","19925","Customer service quality dropped after onboarding","-0.5","Service Issue","Yes","1","38","13899.75"
"CUST-00952","1","United States","Texas","Houston","90952","42.7","-103.9","42.7, -103.9","Male","0","Yes","No","20","Yes","Yes","DSL","No","No","No","No","No","No","Annual","No","NetBanking","257","5140","Frustrated with repeated support delays","-1","Service Issue","No","0","9","4295"
"CUST-00953","1","United States","Florida","Miami","90953","43.4","-102.8","43.4, -102.8","Male","1","No","Yes","23","Yes","No","Cable","Yes","Yes","No","No","No","Yes","Annual","No","UPI","499","11477","Price increase without enough added features","0","Pricing Issue","No","0","21","8514.95"
"CUST-00954","1","United States","New York","New York","90954","44.1","-101.7","44.1, -101.7","Female","0","No","No","18","Yes","No","Cable","No","No","No","Yes","Yes","No","Quarterly","Yes","Card","721","12978","Price increase without enough added features","0","Pricing Issue","No","0","33","10706.3"
"CUST-00955","1","United States","Illinois","Chicago","90955","44.8","-100.6","44.8, -100.6","Male","0","Yes","No","64","Yes","No","Cable","No","No","No","No","No","Yes","Quarterly","Yes","Card","635","40640","Great support and reliable network experience","0","Network Issue","Yes","1","32","20712"
"CUST-00956","1","United States","California","Los Angeles","90956","45.5","-99.5","45.5, -99.5","Male","0","No","No","7","Yes","Yes","Cable","No","Yes","Yes","No","No","No","Monthly","Yes","AutoPay","510","3570","Signal issues keep affecting daily usage","-0.5","Network Issue","No","0","32","5483.5"
"CUST-00957","1","United States","Texas","Houston","90957","46.2","-98.4","46.2, -98.4","Female","0","No","Yes","54","Yes","Yes","Fiber optic","Yes","No","No","No","Yes","Yes","Quarterly","No","UPI","1335","72090","Customer service quality dropped after onboarding","-0.5","Service Issue","Yes","1","48","37099.5"
"CUST-00958","1","United States","Florida","Miami","90958","46.9","-97.3","46.9, -97.3","Female","0","Yes","No","56","Yes","No","Fiber optic","No","No","No","Yes","No","No","Quarterly","No","NetBanking","1318","73808","Monthly charges are too high and pricing is confusing","0","Pricing Issue","Yes","1","55","37608.8"
"CUST-00959","1","United States","New York","New York","90959","47.6","-96.2","47.6, -96.2","Female","0","No","No","11","Yes","No","Cable","No","Yes","No","No","No","Yes","Monthly","Yes","AutoPay","926","10186","Great support and reliable network experience","0","Network Issue","Yes","1","36","11215.1"
"CUST-00960","1","United States","Illinois","Chicago","90960","48.3","-95.1","48.3, -95.1","Male","0","No","No","16","Yes","No","DSL","No","No","No","No","Yes","No","Monthly","Yes","Card","488","7808","Support response is slow and issue resolution takes too long","-0.9","Service Issue","No","0","27","6988.8"
"CUST-00961","1","United States","California","Los Angeles","90961","25","-94","25, -94","Male","0","Yes","Yes","55","Yes","Yes","Cable","Yes","No","Yes","No","No","Yes","Quarterly","Yes","Card","664","36520","Frustrated with repeated support delays","-1","Service Issue","Yes","1","18","19304"
"CUST-00962","1","United States","Texas","Houston","90962","25.7","-92.9","25.7, -92.9","Female","0","No","No","55","Yes","Yes","Fiber optic","No","Yes","No","Yes","No","No","Quarterly","Yes","Card","1460","80300","Satisfied with pricing and product value","0.5","Pricing Issue","Yes","1","48","40995"
"CUST-00963","1","United States","Florida","Miami","90963","26.4","-91.8","26.4, -91.8","Male","0","No","No","72","Yes","No","DSL","No","No","No","No","Yes","Yes","Annual","Yes","AutoPay","468","33696","Support response is slow and issue resolution takes too long","-0.9","Service Issue","No","0","22","17121.6"
"CUST-00964","1","United States","New York","New York","90964","27.1","-90.7","27.1, -90.7","Male","0","Yes","No","60","Yes","No","DSL","No","No","No","No","No","No","Monthly","Yes","AutoPay","355","21300","Billing feels expensive for the value received","-0.857","Pricing Issue","Yes","1","14","11615"
"CUST-00965","1","United States","Illinois","Chicago","90965","27.8","-89.6","27.8, -89.6","Male","0","No","Yes","23","Yes","No","DSL","Yes","Yes","No","No","No","Yes","Monthly","No","NetBanking","392","9016","Happy with the service quality and quick response","0.75","Service Issue","No","0","17","6797.6"
"CUST-00966","1","United States","California","Los Angeles","90966","28.5","-88.5","28.5, -88.5","Female","0","No","No","68","Yes","Yes","Cable","No","No","Yes","Yes","Yes","No","Quarterly","Yes","Card","649","72012","Too many disconnects and latency problems","0","Network Issue","Yes","1","27","31892.2"
"CUST-00967","1","United States","Texas","Houston","90967","29.2","-87.4","29.2, -87.4","Male","1","Yes","No","35","Yes","Yes","Cable","No","No","No","No","No","Yes","Annual","No","NetBanking","1045","36575","Signal issues keep affecting daily usage","-0.5","Network Issue","Yes","1","44","21931.25"
"CUST-00968","1","United States","Florida","Miami","90968","29.9","-86.3","29.9, -86.3","Male","0","No","No","65","Yes","No","DSL","No","Yes","No","No","No","No","Monthly","No","UPI","546","35490","Too many disconnects and latency problems","0","Network Issue","Yes","1","30","18219.5"
"CUST-00969","1","United States","New York","New York","90969","30.6","-85.2","30.6, -85.2","Female","1","No","Yes","59","Yes","No","Cable","Yes","No","No","No","Yes","Yes","Monthly","No","NetBanking","1084","63956","Customer reported average experience with no detailed feedback.","0","Pricing Issue","Yes","1","39","32354.6"
"CUST-00970","1","United States","Illinois","Chicago","90970","31.3","-84.1","31.3, -84.1","Male","0","Yes","No","48","Yes","No","DSL","No","No","No","Yes","No","No","Quarterly","Yes","AutoPay","524","25152","Customer service quality dropped after onboarding","-0.5","Service Issue","Yes","1","32","14051.2"
"CUST-00971","1","United States","California","Los Angeles","90971","32","-83","32, -83","Male","1","No","No","1","Yes","Yes","DSL","No","Yes","Yes","No","No","Yes","Monthly","No","NetBanking","610","610","Too many disconnects and latency problems","0","Network Issue","Yes","1","43","5115.5"
"CUST-00972","1","United States","Texas","Houston","90972","32.7","-81.9","32.7, -81.9","Female","0","No","No","16","Yes","Yes","Cable","No","No","No","No","Yes","No","Quarterly","Yes","Card","822","13152","Frustrated with repeated support delays","-1","Service Issue","Yes","1","42","11531.2"
"CUST-00973","1","United States","Florida","Miami","90973","33.4","-80.8","33.4, -80.8","Female","0","Yes","Yes","32","Yes","No","DSL","Yes","No","No","No","No","Yes","Annual","Yes","AutoPay","516","16512","Customer service quality dropped after onboarding","-0.5","Service Issue","No","0","22","10611.2"
"CUST-00974","1","United States","New York","New York","90974","34.1","-79.7","34.1, -79.7","Male","0","No","No","38","Yes","No","Fiber optic","No","Yes","No","Yes","No","No","Monthly","No","NetBanking","1271","48298","Satisfied with pricing and product value","0.5","Pricing Issue","Yes","1","55","27908.3"
"CUST-00975","1","United States","Illinois","Chicago","90975","34.8","-78.6","34.8, -78.6","Female","0","No","No","35","Yes","No","DSL","No","No","No","No","Yes","Yes","Quarterly","Yes","Card","426","14910","Price increase without enough added features","0","Pricing Issue","No","0","19","9396.5"
"CUST-00976","1","United States","California","Los Angeles","90976","35.5","-77.5","35.5, -77.5","Female","0","Yes","No","7","Yes","Yes","DSL","No","No","Yes","No","No","No","Quarterly","No","NetBanking","347","2429","Great support and reliable network experience","0","Network Issue","Yes","1","22","3780.15"
"CUST-00977","1","United States","Texas","Houston","90977","36.2","-76.4","36.2, -76.4","Female","0","No","Yes","3","Yes","Yes","DSL","Yes","Yes","No","No","No","Yes","Quarterly","No","NetBanking","319","957","Frustrated with repeated support delays","-1","Service Issue","Yes","1","33","2952.95"
"CUST-00978","1","United States","Florida","Miami","90978","36.9","-75.3","36.9, -75.3","Male","0","No","No","36","Yes","No","Cable","No","No","No","Yes","Yes","No","Annual","No","UPI","1092","39312","Excellent issue resolution and friendly support team","0","Service Issue","Yes","1","50","23287.2"
"CUST-00979","1","United States","New York","New York","90979","37.6","-74.2","37.6, -74.2","Male","0","Yes","No","39","Yes","No","Cable","No","No","No","No","No","Yes","Annual","Yes","Card","790","30810","Satisfied with pricing and product value","0.5","Pricing Issue","No","0","37","17961.5"
"CUST-00980","1","United States","Illinois","Chicago","90980","38.3","-73.1","38.3, -73.1","Male","0","No","No","70","Yes","No","DSL","No","Yes","No","No","No","No","Monthly","Yes","Card","232","16240","Happy with the service quality and quick response","0.75","Service Issue","No","0","5","9080"
"CUST-00981","1","United States","California","Los Angeles","90981","39","-72","39, -72","Female","0","No","Yes","68","Yes","Yes","Cable","Yes","No","Yes","No","Yes","Yes","Annual","No","NetBanking","816","55488","Agents are not proactive and service follow-up is poor","-0.333","Service Issue","Yes","1","37","27444.8"
"CUST-00982","1","United States","Texas","Houston","90982","39.7","-70.9","39.7, -70.9","Male","0","Yes","No","14","Yes","Yes","Cable","No","No","No","Yes","No","No","Monthly","No","NetBanking","992","13888","Frustrated with repeated support delays","-1","Service Issue","Yes","1","39","13104.8"
"CUST-00983","1","United States","Florida","Miami","90983","40.4","-69.8","40.4, -69.8","Male","0","No","No","57","Yes","No","DSL","No","Yes","No","No","No","Yes","Quarterly","No","NetBanking","480","27360","Billing feels expensive for the value received","-0.857","Pricing Issue","No","0","24","14670"
"CUST-00984","1","United States","New York","New York","90984","41.1","-68.7","41.1, -68.7","Female","0","No","No","40","Yes","No","DSL","No","No","No","No","Yes","No","Quarterly","Yes","Card","544","21760","Customer service quality dropped after onboarding","-0.5","Service Issue","Yes","1","31","12848"
"CUST-00985","1","United States","Illinois","Chicago","90985","41.8","-67.6","41.8, -67.6","Female","0","Yes","Yes","65","Yes","No","DSL","Yes","No","No","No","No","Yes","Monthly","Yes","Card","448","29120","Internet speed dropped and network quality is poor","-1","Network Issue","Yes","1","26","15206"
"CUST-00986","1","United States","California","Los Angeles","90986","42.5","-123.5","42.5, -123.5","Female","0","No","No","69","Yes","Yes","DSL","No","Yes","Yes","Yes","No","No","Annual","No","NetBanking","320","22080","Excellent issue resolution and friendly support team","0","Service Issue","Yes","1","23","11806"
"CUST-00987","1","United States","Texas","Houston","90987","43.2","-122.4","43.2, -122.4","Male","0","No","No","56","Yes","Yes","Cable","No","No","No","No","Yes","Yes","Annual","Yes","AutoPay","695","38920","Price increase without enough added features","0","Pricing Issue","No","0","21","20414"
"CUST-00988","1","United States","Florida","Miami","90988","43.9","-121.3","43.9, -121.3","Male","0","Yes","No","51","Yes","No","Cable","No","No","No","No","No","No","Annual","Yes","Card","1002","51102","Customer reported average experience with no detailed feedback.","-0.857","Pricing Issue","Yes","1","45","27023.7"
"CUST-00989","1","United States","New York","New York","90989","44.6","-120.2","44.6, -120.2","Male","0","No","Yes","3","Yes","No","Cable","Yes","Yes","No","No","No","Yes","Annual","No","UPI","649","2808","Satisfied with pricing and product value","0.5","Pricing Issue","Yes","1","28","6240.8"
"CUST-00990","1","United States","Illinois","Chicago","90990","45.3","-119.1","45.3, -119.1","Male","1","No","No","63","Yes","No","Cable","No","No","No","Yes","Yes","No","Quarterly","Yes","AutoPay","585","36855","Great support and reliable network experience","0","Network Issue","No","0","31","18965.25"
"CUST-00991","1","United States","California","Los Angeles","90991","46","-118","46, -118","Male","0","Yes","No","33","Yes","Yes","Cable","No","No","Yes","No","No","Yes","Quarterly","Yes","AutoPay","818","26994","Customer service quality dropped after onboarding","-0.5","Service Issue","No","0","37","16717.9"
"CUST-00992","1","United States","Texas","Houston","90992","46.7","-116.9","46.7, -116.9","Male","0","No","No","63","Yes","Yes","Cable","No","Yes","No","No","No","No","Monthly","No","UPI","823","51849","Frustrated with repeated support delays","-1","Service Issue","No","0","32","26117.15"
"CUST-00993","1","United States","Florida","Miami","90993","47.4","-115.8","47.4, -115.8","Male","1","No","Yes","49","Yes","No","Cable","Yes","No","No","No","Yes","Yes","Annual","Yes","AutoPay","737","36113","Frustrated with repeated support delays","-1","Service Issue","Yes","1","41","19613.55"
"CUST-00994","1","United States","New York","New York","90994","48.1","-114.7","48.1, -114.7","Female","1","Yes","No","18","Yes","No","DSL","No","No","No","Yes","No","No","Quarterly","Yes","AutoPay","458","8244","Billing feels expensive for the value received","-0.857","Pricing Issue","Yes","1","25","6945.4"
"CUST-00995","1","United States","Illinois","Chicago","90995","48.8","-113.6","48.8, -113.6","Male","0","No","No","45","Yes","No","DSL","No","Yes","No","No","No","Yes","Quarterly","No","NetBanking","581","26145","Billing feels expensive for the value received","-0.857","Pricing Issue","Yes","1","25","14788.75"
"CUST-00996","1","United States","California","Los Angeles","90996","25.5","-112.5","25.5, -112.5","Female","0","No","No","63","Yes","Yes","Cable","No","No","Yes","No","Yes","No","Monthly","Yes","Card","661","41643","Satisfied with pricing and product value","0.5","Pricing Issue","No","0","22","21249.05"
"CUST-00997","1","United States","Texas","Houston","90997","26.2","-111.4","26.2, -111.4","Female","0","Yes","Yes","13","Yes","Yes","Cable","Yes","No","No","No","No","Yes","Annual","No","UPI","814","10582","Smooth onboarding and very helpful account manager","0.857","Service Issue","No","0","39","10501.7"
"CUST-00998","1","United States","Florida","Miami","90998","26.9","-110.3","26.9, -110.3","Male","0","No","No","26","Yes","No","Cable","No","Yes","No","Yes","No","No","Quarterly","No","UPI","993","25818","Frequent network outages and unstable connectivity","-0.5","Network Issue","Yes","1","42","17552.3"
"CUST-00999","1","United States","New York","New York","90999","27.6","-109.2","27.6, -109.2","Male","0","No","No","40","Yes","No","DSL","No","No","No","No","Yes","Yes","Annual","No","UPI","575","23000","Happy with the service quality and quick response","0.75","Service Issue","Yes","1","38","13530"
"CUST-01000","1","United States","Illinois","Chicago","91000","28.3","-108.1","28.3, -108.1","Female","1","Yes","No","10","Yes","No","Cable","No","No","No","No","No","No","Monthly","Yes","Card","1087","10870","Satisfied with pricing and product value","0.5","Pricing Issue","Yes","1","45","12720.5"
"CUST-01001","1","United States","California","Los Angeles","91001","29","-107","29, -107","Female","1","No","Yes","45","Yes","Yes","Cable","Yes","Yes","Yes","No","No","Yes","Monthly","Yes","Card","627","28215","The plan cost feels high compared with competitors","0","Pricing Issue","No","0","30","15881.25"
"CUST-01002","1","United States","Texas","Houston","91002","29.7","-105.9","29.7, -105.9","Male","1","No","No","41","Yes","Yes","DSL","No","No","No","Yes","Yes","No","Quarterly","Yes","AutoPay","349","14309","Satisfied with pricing and product value","0.5","Pricing Issue","No","0","23","8702.15"
"CUST-01003","1","United States","Florida","Miami","91003","30.4","-104.8","30.4, -104.8","Female","0","Yes","No","67","Yes","No","Cable","No","No","No","No","No","Yes","Annual","Yes","Card","762","51054","Smooth onboarding and very helpful account manager","0.857","Service Issue","No","0","28","25438.9"
"CUST-01004","1","United States","New York","New York","91004","31.1","-103.7","31.1, -103.7","Female","0","No","No","57","Yes","No","Cable","No","Yes","No","No","No","No","Monthly","No","UPI","1009","57513","Happy with the service quality and quick response","0.75","Service Issue","Yes","1","43","29455.55"
"CUST-01005","1","United States","Illinois","Chicago","91005","31.8","-102.6","31.8, -102.6","Male","0","No","Yes","2","Yes","No","Fiber optic","Yes","No","No","No","Yes","Yes","Monthly","Yes","Card","1392","2784","The plan cost feels high compared with competitors","0","Pricing Issue","Yes","1","53","12154.4"
"CUST-01006","1","United States","California","Los Angeles","91006","32.5","-101.5","32.5, -101.5","Female","0","Yes","No","31","Yes","Yes","Cable","No","No","Yes","Yes","No","No","Annual","Yes","Card","1010","31310","Customer service quality dropped after onboarding","-0.5","Service Issue","Yes","1","54","19720.5"
"CUST-01007","1","United States","Texas","Houston","91007","33.2","-100.4","33.2, -100.4","Female","0","No","No","69","Yes","Yes","DSL","No","Yes","No","No","No","Yes","Annual","No","UPI","524","36156","Customer reported average experience with no detailed feedback.","-0.857","Pricing Issue","Yes","1","30","18364.6"
"CUST-01008","1","United States","Florida","Miami","91008","33.9","-99.3","33.9, -99.3","Female","0","No","No","8","Yes","No","DSL","No","No","No","No","Yes","No","Annual","No","UPI","275","2200","Happy with the service quality and quick response","0.75","Service Issue","Yes","1","16","3146"
"CUST-01009","1","United States","New York","New York","91009","34.6","-98.2","34.6, -98.2","Female","1","Yes","Yes","43","Yes","No","Fiber optic","Yes","No","No","No","No","Yes","Quarterly","Yes","AutoPay","1267","54481","Too many disconnects and latency problems","0","Network Issue","Yes","1","48","30150.35"
"CUST-01010","1","United States","Illinois","Chicago","91010","35.3","-97.1","35.3, -97.1","Male","0","No","No","49","Yes","No","DSL","No","Yes","No","Yes","No","No","Monthly","Yes","AutoPay","336","16464","Excellent issue resolution and friendly support team","0","Service Issue","No","0","15","9528.4"
"CUST-01011","1","United States","California","Los Angeles","91011","36","-96","36, -96","Female","0","No","No","67","Yes","Yes","Fiber optic","No","No","Yes","No","Yes","Yes","Annual","Yes","AutoPay","1350","90450","Smooth onboarding and very helpful account manager","0.857","Service Issue","No","0","55","43931.5"
"CUST-01012","1","United States","Texas","Houston","91012","36.7","-94.9","36.7, -94.9","Male","0","Yes","No","8","Yes","Yes","Cable","No","No","No","No","No","No","Monthly","No","NetBanking","649","8528","Price increase without enough added features","0","Pricing Issue","Yes","1","30","8352.8"
"CUST-01013","1","United States","Florida","Miami","91013","37.4","-93.8","37.4, -93.8","Male","0","No","Yes","15","Yes","No","Cable","Yes","Yes","No","No","No","Yes","Annual","No","UPI","975","14625","Price increase without enough added features","0","Pricing Issue","Yes","1","46","13248.75"
"CUST-01014","1","United States","New York","New York","91014","38.1","-92.7","38.1, -92.7","Female","1","No","No","44","Yes","No","Cable","No","No","No","Yes","Yes","No","Monthly","Yes","AutoPay","801","35244","Satisfied with pricing and product value","0.5","Pricing Issue","Yes","1","37","19711.4"
"CUST-01015","1","United States","Illinois","Chicago","91015","38.8","-91.6","38.8, -91.6","Male","1","Yes","No","34","Yes","No","DSL","No","No","No","No","No","Yes","Annual","No","NetBanking","580","19720","Excellent issue resolution and friendly support team","0","Service Issue","No","0","39","12290"
"CUST-01016","1","United States","California","Los Angeles","91016","39.5","-90.5","39.5, -90.5","Female","0","No","No","10","Yes","Yes","DSL","No","Yes","Yes","No","No","No","Quarterly","Yes","AutoPay","587","5870","Too many disconnects and latency problems","0","Network Issue","Yes","1","31","6970.5"
"CUST-01017","1","United States","Texas","Houston","91017","40.2","-89.4","40.2, -89.4","Female","0","No","Yes","41","Yes","Yes","DSL","Yes","No","No","No","Yes","Yes","Quarterly","Yes","Card","425","17425","Great support and reliable network experience","0","Network Issue","No","0","30","10400.75"
"CUST-01018","1","United States","Florida","Miami","91018","40.9","-88.3","40.9, -88.3","Male","0","Yes","No","31","Yes","No","DSL","No","No","No","Yes","No","No","Annual","Yes","Card","387","11997","Price increase without enough added features","0","Pricing Issue","Yes","1","24","7976.95"
"CUST-01019","1","United States","New York","New York","91019","41.6","-87.2","41.6, -87.2","Male","1","No","No","59","Yes","No","DSL","No","Yes","No","No","No","Yes","Quarterly","No","NetBanking","341","20119","Price increase without enough added features","0","Pricing Issue","No","0","15","11067.65"
"CUST-01020","1","United States","Illinois","Chicago","91020","42.3","-86.1","42.3, -86.1","Female","1","No","No","5","Yes","No","Cable","No","No","No","No","Yes","No","Monthly","No","NetBanking","629","3145","Too many disconnects and latency problems","0","Network Issue","Yes","1","24","6242.75"
"CUST-01021","1","United States","California","Los Angeles","91021","43","-85","43, -85","Male","0","Yes","Yes","69","Yes","Yes","Cable","Yes","No","Yes","No","No","Yes","Monthly","No","UPI","697","48093","Support response is slow and issue resolution takes too long","-0.9","Service Issue","Yes","1","37","23926.55"
"CUST-01022","1","United States","Texas","Houston","91022","43.7","-83.9","43.7, -83.9","Male","0","No","No","64","Yes","Yes","Cable","No","Yes","No","Yes","No","No","Quarterly","No","UPI","872","55808","Smooth onboarding and very helpful account manager","0.857","Service Issue","No","0","39","27916.8"
"CUST-01023","1","United States","Florida","Miami","91023","44.4","-82.8","44.4, -82.8","Female","1","No","No","50","Yes","No","DSL","No","No","No","No","Yes","Yes","Annual","No","NetBanking","458","22900","Agents are not proactive and service follow-up is poor","-0.333","Service Issue","No","0","20","12779"
"CUST-01024","1","United States","New York","New York","91024","45.1","-81.7","45.1, -81.7","Male","0","Yes","No","66","Yes","No","Cable","No","No","No","No","No","No","Monthly","Yes","AutoPay","649","42834","Price increase without enough added features","0","Pricing Issue","No","0","20","21635.9"
"CUST-01025","1","United States","Illinois","Chicago","91025","45.8","-80.6","45.8, -80.6","Male","0","No","Yes","24","Yes","No","Fiber optic","Yes","Yes","No","No","No","Yes","Annual","No","NetBanking","1467","35208","Monthly charges are too high and pricing is confusing","0","Pricing Issue","Yes","1","50","24586.8"
"CUST-01026","1","United States","California","Los Angeles","91026","46.5","-79.5","46.5, -79.5","Male","0","No","No","28","Yes","Yes","Fiber optic","No","No","Yes","Yes","Yes","No","Monthly","Yes","AutoPay","1253","35084","Customer reported average experience with no detailed feedback.","-1","Network Issue","Yes","1","39","22919.4"
"CUST-01027","1","United States","Texas","Houston","91027","47.2","-78.4","47.2, -78.4","Male","0","Yes","No","43","Yes","Yes","Cable","No","No","No","No","No","Yes","Quarterly","No","NetBanking","961","41323","Signal issues keep affecting daily usage","-0.5","Network Issue","No","0","30","23097.05"
"CUST-01028","1","United States","Florida","Miami","91028","47.9","-77.3","47.9, -77.3","Male","0","No","No","1","Yes","No","Cable","No","Yes","No","No","No","No","Monthly","No","NetBanking","720","720","Excellent issue resolution and friendly support team","0","Service Issue","Yes","1","38","6034"
"CUST-01029","1","United States","New York","New York","91029","48.6","-76.2","48.6, -76.2","Male","0","No","Yes","5","Yes","No","Cable","Yes","No","No","No","Yes","Yes","Monthly","No","UPI","593","2965","Smooth onboarding and very helpful account manager","0.857","Service Issue","No","0","28","5891.75"
"CUST-01030","1","United States","Illinois","Chicago","91030","25.3","-75.1","25.3, -75.1","Male","0","Yes","No","15","Yes","No","DSL","No","No","No","Yes","No","No","Quarterly","No","NetBanking","407","6105","Too many disconnects and latency problems","0","Network Issue","Yes","1","18","5722.75"
"CUST-01031","1","United States","California","Los Angeles","91031","26","-74","26, -74","Male","0","No","No","18","Yes","Yes","Fiber optic","No","Yes","Yes","No","No","Yes","Annual","Yes","Card","1422","25596","Smooth onboarding and very helpful account manager","0.857","Service Issue","No","0","54","20730.6"
"CUST-01032","1","United States","Texas","Houston","91032","26.7","-72.9","26.7, -72.9","Male","0","No","No","35","Yes","Yes","DSL","No","No","No","No","Yes","No","Monthly","Yes","AutoPay","408","14280","Monthly charges are too high and pricing is confusing","0","Pricing Issue","No","0","22","9032"
"CUST-01033","1","United States","Florida","Miami","91033","27.4","-71.8","27.4, -71.8","Male","0","Yes","Yes","61","Yes","No","DSL","Yes","No","No","No","No","Yes","Quarterly","Yes","AutoPay","501","30561","Support response is slow and issue resolution takes too long","-0.9","Service Issue","Yes","1","26","16046.35"
"CUST-01034","1","United States","New York","New York","91034","28.1","-70.7","28.1, -70.7","Male","0","No","No","61","Yes","No","Cable","No","Yes","No","Yes","No","No","Quarterly","Yes","AutoPay","1001","61061","Great support and reliable network experience","0","Network Issue","Yes","1","51","30721.35"
"CUST-01035","1","United States","Illinois","Chicago","91035","28.8","-69.6","28.8, -69.6","Female","0","No","No","37","Yes","No","DSL","No","No","No","No","Yes","Yes","Monthly","Yes","Card","649","18685","Price increase without enough added features","0","Pricing Issue","Yes","1","32","12545.75"
"CUST-01036","1","United States","California","Los Angeles","91036","29.5","-68.5","29.5, -68.5","Male","0","Yes","No","16","Yes","Yes","DSL","No","No","Yes","No","No","No","Annual","No","UPI","356","5696","Happy with the service quality and quick response","0.75","Service Issue","Yes","1","29","5193.6"
"CUST-01037","1","United States","Texas","Houston","91037","30.2","-67.4","30.2, -67.4","Female","0","No","Yes","54","Yes","Yes","DSL","Yes","Yes","No","No","No","Yes","Quarterly","Yes","Card","430","23220","Great support and reliable network experience","0","Network Issue","Yes","1","34","12755"
"CUST-01038","1","United States","Florida","Miami","91038","30.9","-123.3","30.9, -123.3","Female","0","No","No","67","Yes","No","DSL","No","No","No","Yes","Yes","No","Quarterly","No","UPI","556","37252","Smooth onboarding and very helpful account manager","0.857","Service Issue","No","0","20","18960.2"
"CUST-01039","1","United States","New York","New York","91039","31.6","-122.2","31.6, -122.2","Female","0","Yes","No","48","Yes","No","Fiber optic","No","No","No","No","No","Yes","Monthly","No","NetBanking","1446","69408","Too many disconnects and latency problems","0","Network Issue","No","0","51","36916.8"
"CUST-01040","1","United States","Illinois","Chicago","91040","32.3","-121.1","32.3, -121.1","Female","1","No","No","31","Yes","No","Cable","No","Yes","No","No","No","No","Quarterly","No","NetBanking","682","21142","Frustrated with repeated support delays","-1","Service Issue","Yes","1","42","13537.7"
"CUST-01041","1","United States","California","Los Angeles","91041","33","-120","33, -120","Male","0","No","Yes","22","Yes","Yes","Cable","Yes","No","Yes","No","Yes","Yes","Quarterly","No","UPI","699","15378","Happy with the service quality and quick response","0.75","Service Issue","No","0","25","11458.3"
"CUST-01042","1","United States","Texas","Houston","91042","33.7","-118.9","33.7, -118.9","Male","0","Yes","No","50","Yes","Yes","DSL","No","No","No","Yes","No","No","Monthly","No","UPI","476","23800","Signal issues keep affecting daily usage","-0.5","Network Issue","No","0","14","13238"
"CUST-01043","1","United States","Florida","Miami","91043","34.4","-117.8","34.4, -117.8","Male","0","No","No","24","Yes","No","Cable","No","Yes","No","No","No","Yes","Monthly","Yes","AutoPay","585","14040","Agents are not proactive and service follow-up is poor","-0.333","Service Issue","Yes","1","39","10122"
"CUST-01044","1","United States","New York","New York","91044","35.1","-116.7","35.1, -116.7","Female","0","No","No","24","Yes","No","Cable","No","No","No","No","Yes","No","Annual","Yes","Card","663","15912","Price increase without enough added features","0","Pricing Issue","No","0","33","11401.2"
"CUST-01045","1","United States","Illinois","Chicago","91045","35.8","-115.6","35.8, -115.6","Male","1","Yes","Yes","52","Yes","No","Cable","Yes","No","No","No","No","Yes","Quarterly","Yes","Card","827","43004","Customer reported average experience with no detailed feedback.","0","Pricing Issue","Yes","1","37","22811.4"
"CUST-01046","1","United States","California","Los Angeles","91046","36.5","-114.5","36.5, -114.5","Female","0","No","No","37","Yes","Yes","Cable","No","Yes","Yes","Yes","No","No","Quarterly","No","UPI","659","24383","Support response is slow and issue resolution takes too long","-0.9","Service Issue","Yes","1","32","14620.05"
"CUST-01047","1","United States","Texas","Houston","91047","37.2","-113.4","37.2, -113.4","Male","0","No","No","56","Yes","Yes","Cable","No","No","No","No","Yes","Yes","Quarterly","No","NetBanking","649","36344","Happy with the service quality and quick response","0.75","Service Issue","No","0","26","19144.4"
"CUST-01048","1","United States","Florida","Miami","91048","37.9","-112.3","37.9, -112.3","Male","0","Yes","No","45","Yes","No","DSL","No","No","No","No","No","No","Quarterly","No","UPI","509","22905","Smooth onboarding and very helpful account manager","0.857","Service Issue","Yes","1","26","13078.75"
"CUST-01049","1","United States","New York","New York","91049","38.6","-111.2","38.6, -111.2","Male","1","No","Yes","69","Yes","No","DSL","Yes","Yes","No","No","No","Yes","Annual","Yes","AutoPay","390","26910","Too many disconnects and latency problems","0","Network Issue","No","0","23","14056.5"
"CUST-01050","1","United States","Illinois","Chicago","91050","39.3","-110.1","39.3, -110.1","Female","0","No","No","72","Yes","No","Cable","No","No","No","Yes","Yes","No","Annual","Yes","Card","624","44928","Monthly charges are too high and pricing is confusing","0","Pricing Issue","No","0","25","22300.8"
"CUST-01051","1","United States","California","Los Angeles","91051","40","-109","40, -109","Female","0","Yes","No","15","Yes","Yes","Cable","No","No","Yes","No","No","Yes","Quarterly","No","UPI","775","11625","Customer service quality dropped after onboarding","-0.5","Service Issue","Yes","1","35","10598.75"
"CUST-01052","1","United States","Texas","Houston","91052","40.7","-107.9","40.7, -107.9","Female","1","No","No","13","Yes","Yes","Cable","No","Yes","No","No","No","No","Monthly","Yes","Card","860","11180","Support response is slow and issue resolution takes too long","-0.9","Service Issue","Yes","1","47","11079"
"CUST-01053","1","United States","Florida","Miami","91053","41.4","-106.8","41.4, -106.8","Male","0","No","Yes","64","Yes","No","DSL","Yes","No","No","No","Yes","Yes","Annual","No","UPI","396","25344","Agents are not proactive and service follow-up is poor","-0.333","Service Issue","Yes","1","22","13446.4"
"CUST-01054","1","United States","New York","New York","91054","42.1","-105.7","42.1, -105.7","Female","0","Yes","No","57","Yes","No","Fiber optic","No","No","No","Yes","No","No","Annual","No","UPI","1410","80370","Frustrated with repeated support delays","-1","Service Issue","No","0","59","40663.5"
"CUST-01055","1","United States","Illinois","Chicago","91055","42.8","-104.6","42.8, -104.6","Male","0","No","No","6","Yes","No","DSL","No","Yes","No","No","No","Yes","Annual","Yes","AutoPay","428","2568","Support response is slow and issue resolution takes too long","-0.9","Service Issue","Yes","1","18","4454.8"
"CUST-01056","1","United States","California","Los Angeles","91056","43.5","-103.5","43.5, -103.5","Female","0","No","No","24","Yes","Yes","Cable","No","No","Yes","No","Yes","No","Quarterly","Yes","AutoPay","680","16320","Monthly charges are too high and pricing is confusing","0","Pricing Issue","Yes","1","36","11680"
"CUST-01057","1","United States","Texas","Houston","91057","44.2","-102.4","44.2, -102.4","Female","0","Yes","Yes","15","Yes","Yes","Cable","Yes","No","No","No","No","Yes","Monthly","No","NetBanking","583","8745","Customer service quality dropped after onboarding","-0.5","Service Issue","Yes","1","29","8054.75"
"CUST-01058","1","United States","Florida","Miami","91058","44.9","-101.3","44.9, -101.3","Male","0","No","No","42","Yes","No","Cable","No","Yes","No","Yes","No","No","Annual","Yes","Card","649","31710","Great support and reliable network experience","0","Network Issue","No","0","27","17214.5"
"CUST-01059","1","United States","New York","New York","91059","45.6","-100.2","45.6, -100.2","Male","0","No","No","46","Yes","No","Cable","No","No","No","No","Yes","Yes","Annual","No","UPI","817","37582","The plan cost feels high compared with competitors","0","Pricing Issue","No","0","28","20701.7"
"CUST-01060","1","United States","Illinois","Chicago","91060","46.3","-99.1","46.3, -99.1","Female","0","Yes","No","43","Yes","No","DSL","No","No","No","No","No","No","Quarterly","Yes","Card","286","12298","Customer service quality dropped after onboarding","-0.5","Service Issue","Yes","1","12","7538.3"
"CUST-01061","1","United States","California","Los Angeles","91061","47","-98","47, -98","Female","0","No","Yes","28","Yes","Yes","Cable","Yes","Yes","Yes","No","No","Yes","Monthly","Yes","AutoPay","921","25788","Internet speed dropped and network quality is poor","-1","Network Issue","No","0","26","17009.8"
"CUST-01062","1","United States","Texas","Houston","91062","47.7","-96.9","47.7, -96.9","Male","0","No","No","45","Yes","Yes","Cable","No","No","No","Yes","Yes","No","Quarterly","No","UPI","817","36765","Excellent issue resolution and friendly support team","0","Service Issue","Yes","1","44","20393.75"
"CUST-01063","1","United States","Florida","Miami","91063","48.4","-95.8","48.4, -95.8","Male","1","Yes","No","18","Yes","No","Cable","No","No","No","No","No","Yes","Annual","Yes","AutoPay","608","10944","Happy with the service quality and quick response","0.75","Service Issue","Yes","1","31","9090.4"
"CUST-01064","1","United States","New York","New York","91064","25.1","-94.7","25.1, -94.7","Female","0","No","No","14","Yes","No","DSL","No","Yes","No","No","No","No","Quarterly","Yes","AutoPay","528","7392","Customer reported average experience with no detailed feedback.","-0.333","Service Issue","Yes","1","26","7119.2"
"CUST-01065","1","United States","Illinois","Chicago","91065","25.8","-93.6","25.8, -93.6","Female","0","No","Yes","66","Yes","No","DSL","Yes","No","No","No","Yes","Yes","Annual","No","NetBanking","529","34914","Frustrated with repeated support delays","-1","Service Issue","No","0","37","17903.9"
"CUST-01066","1","United States","California","Los Angeles","91066","26.5","-92.5","26.5, -92.5","Male","1","Yes","No","44","Yes","Yes","DSL","No","No","Yes","Yes","No","No","Quarterly","No","UPI","433","19052","Customer service quality dropped after onboarding","-0.5","Service Issue","No","0","26","11100.2"
"CUST-01067","1","United States","Texas","Houston","91067","27.2","-91.4","27.2, -91.4","Male","0","No","No","15","Yes","Yes","Cable","No","Yes","No","No","No","Yes","Monthly","No","UPI","1006","15090","Happy with the service quality and quick response","0.75","Service Issue","Yes","1","41","13659.5"
"CUST-01068","1","United States","Florida","Miami","91068","27.9","-90.3","27.9, -90.3","Female","0","No","No","67","Yes","No","Cable","No","No","No","No","Yes","No","Quarterly","Yes","Card","823","55141","Agents are not proactive and service follow-up is poor","-0.333","Service Issue","No","0","32","27357.35"
"CUST-01069","1","United States","New York","New York","91069","28.6","-89.2","28.6, -89.2","Male","0","Yes","Yes","15","Yes","No","Cable","Yes","No","No","No","No","Yes","Quarterly","Yes","Card","574","8610","Great support and reliable network experience","0","Network Issue","No","0","25","7935.5"
"CUST-01070","1","United States","Illinois","Chicago","91070","29.3","-88.1","29.3, -88.1","Male","0","No","No","42","Yes","No","DSL","No","Yes","No","Yes","No","No","Monthly","Yes","AutoPay","498","20916","Smooth onboarding and very helpful account manager","0.857","Service Issue","Yes","1","31","12228.6"
"CUST-01071","1","United States","California","Los Angeles","91071","30","-87","30, -87","Female","0","No","No","11","Yes","Yes","Fiber optic","No","No","Yes","No","Yes","Yes","Annual","No","NetBanking","1434","15774","The plan cost feels high compared with competitors","0","Pricing Issue","Yes","1","55","17234.9"
"CUST-01072","1","United States","Texas","Houston","91072","30.7","-85.9","30.7, -85.9","Male","0","Yes","No","9","Yes","Yes","Cable","No","No","No","No","No","No","Annual","No","UPI","690","6210","Customer service quality dropped after onboarding","-0.5","Service Issue","No","0","28","7891.5"
"CUST-01073","1","United States","Florida","Miami","91073","31.4","-84.8","31.4, -84.8","Male","0","No","Yes","8","Yes","No","DSL","Yes","Yes","No","No","No","Yes","Annual","Yes","Card","450","3600","Frequent network outages and unstable connectivity","-0.5","Network Issue","No","0","27","5036"
"CUST-01074","1","United States","New York","New York","91074","32.1","-83.7","32.1, -83.7","Male","1","No","No","25","Yes","No","Cable","No","No","No","Yes","Yes","No","Annual","Yes","Card","689","17225","Internet speed dropped and network quality is poor","-1","Network Issue","Yes","1","30","12090.75"
"CUST-01075","1","United States","Illinois","Chicago","91075","32.8","-82.6","32.8, -82.6","Male","0","Yes","No","54","Yes","No","DSL","No","No","No","No","No","Yes","Monthly","Yes","AutoPay","552","29808","Customer service quality dropped after onboarding","-0.5","Service Issue","No","0","22","16036.8"
"CUST-01076","1","United States","California","Los Angeles","91076","33.5","-81.5","33.5, -81.5","Female","0","No","No","18","Yes","Yes","DSL","No","Yes","Yes","No","No","No","Quarterly","No","UPI","337","6066","Monthly charges are too high and pricing is confusing","0","Pricing Issue","Yes","1","25","5215.1"
"CUST-01077","1","United States","Texas","Houston","91077","34.2","-80.4","34.2, -80.4","Male","0","No","Yes","12","Yes","Yes","Cable","Yes","No","No","No","Yes","Yes","Quarterly","No","NetBanking","1042","12504","Great support and reliable network experience","0","Network Issue","Yes","1","51","12976.4"
"CUST-01078","1","United States","Florida","Miami","91078","34.9","-79.3","34.9, -79.3","Male","0","Yes","No","15","Yes","No","Cable","No","No","No","Yes","No","No","Quarterly","No","UPI","1113","16695","Smooth onboarding and very helpful account manager","0.857","Service Issue","Yes","1","35","15077.25"
"CUST-01079","1","United States","New York","New York","91079","35.6","-78.2","35.6, -78.2","Male","1","No","No","64","Yes","No","Cable","No","Yes","No","No","No","Yes","Annual","Yes","Card","935","59840","Happy with the service quality and quick response","0.75","Service Issue","Yes","1","49","29832"
"CUST-01080","1","United States","Illinois","Chicago","91080","36.3","-77.1","36.3, -77.1","Female","0","No","No","34","Yes","No","DSL","No","No","No","No","Yes","No","Quarterly","Yes","Card","456","15504","Satisfied with pricing and product value","0.5","Pricing Issue","Yes","1","21","9822.4"
"CUST-01081","1","United States","California","Los Angeles","91081","37","-76","37, -76","Male","1","Yes","Yes","62","Yes","Yes","Cable","Yes","No","Yes","No","No","Yes","Annual","Yes","AutoPay","649","58156","Agents are not proactive and service follow-up is poor","-0.333","Service Issue","No","0","32","26910.6"
"CUST-01082","1","United States","Texas","Houston","91082","37.7","-74.9","37.7, -74.9","Female","1","No","No","51","Yes","Yes","Cable","No","Yes","No","Yes","No","No","Annual","Yes","AutoPay","656","33456","Billing feels expensive for the value received","-0.857","Pricing Issue","No","0","27","18079.6"
"CUST-01083","1","United States","Florida","Miami","91083","38.4","-73.8","38.4, -73.8","Male","0","No","No","62","Yes","No","Cable","No","No","No","No","Yes","Yes","Quarterly","Yes","Card","790","48980","Customer reported average experience with no detailed feedback.","0.75","Service Issue","No","0","32","24827"
"CUST-01084","1","United States","New York","New York","91084","39.1","-72.7","39.1, -72.7","Female","0","Yes","No","57","Yes","No","Cable","No","No","No","No","No","No","Quarterly","Yes","Card","750","42750","Happy with the service quality and quick response","0.75","Service Issue","No","0","30","22216.5"
"CUST-01085","1","United States","Illinois","Chicago","91085","39.8","-71.6","39.8, -71.6","Male","0","No","Yes","10","Yes","No","Cable","Yes","Yes","No","No","No","Yes","Monthly","Yes","Card","915","9150","Monthly charges are too high and pricing is confusing","0","Pricing Issue","Yes","1","40","10742.5"
"CUST-01086","1","United States","California","Los Angeles","91086","40.5","-70.5","40.5, -70.5","Male","0","No","No","33","Yes","Yes","Cable","No","No","Yes","Yes","Yes","No","Annual","Yes","Card","512","16896","Support response is slow and issue resolution takes too long","-0.9","Service Issue","No","0","12","10735.6"
"CUST-01087","1","United States","Texas","Houston","91087","41.2","-69.4","41.2, -69.4","Male","0","Yes","No","66","Yes","Yes","Cable","No","No","No","No","No","Yes","Quarterly","Yes","AutoPay","734","48444","Frustrated with repeated support delays","-1","Service Issue","No","0","33","24279.4"
"CUST-01088","1","United States","Florida","Miami","91088","41.9","-68.3","41.9, -68.3","Male","0","No","No","45","Yes","No","Cable","No","Yes","No","No","No","No","Quarterly","No","NetBanking","1051","47295","Internet speed dropped and network quality is poor","-1","Network Issue","Yes","1","46","25951.25"
"CUST-01089","1","United States","New York","New York","91089","42.6","-67.2","42.6, -67.2","Female","0","No","Yes","24","Yes","No","DSL","Yes","No","No","No","Yes","Yes","Monthly","Yes","AutoPay","432","10368","Happy with the service quality and quick response","0.75","Service Issue","Yes","1","37","7612.8"
"CUST-01090","1","United States","Illinois","Chicago","91090","43.3","-123.1","43.3, -123.1","Male","0","Yes","No","68","Yes","No","Cable","No","No","No","Yes","No","No","Annual","No","NetBanking","895","60860","Great support and reliable network experience","0","Network Issue","Yes","1","35","29957"
"CUST-01091","1","United States","California","Los Angeles","91091","44","-122","44, -122","Female","0","No","No","68","Yes","Yes","Cable","No","Yes","Yes","No","No","Yes","Quarterly","Yes","Card","645","43860","Frustrated with repeated support delays","-1","Service Issue","Yes","1","32","22007"
"CUST-01092","1","United States","Texas","Houston","91092","44.7","-120.9","44.7, -120.9","Female","1","No","No","62","Yes","Yes","DSL","No","No","No","No","Yes","No","Annual","Yes","Card","323","20026","Smooth onboarding and very helpful account manager","0.857","Service Issue","No","0","12","10957.1"
"CUST-01093","1","United States","Florida","Miami","91093","45.4","-119.8","45.4, -119.8","Female","0","Yes","Yes","1","Yes","No","Cable","Yes","No","No","No","No","Yes","Quarterly","No","NetBanking","596","596","Agents are not proactive and service follow-up is poor","-0.333","Service Issue","Yes","1","27","4998.6"
"CUST-01094","1","United States","New York","New York","91094","46.1","-118.7","46.1, -118.7","Male","1","No","No","32","Yes","No","DSL","No","Yes","No","Yes","No","No","Quarterly","No","UPI","593","18976","Smooth onboarding and very helpful account manager","0.857","Service Issue","Yes","1","40","12089.6"
"CUST-01095","1","United States","Illinois","Chicago","91095","46.8","-117.6","46.8, -117.6","Male","0","No","No","3","Yes","No","Cable","No","No","No","No","Yes","Yes","Quarterly","Yes","Card","1008","3024","Smooth onboarding and very helpful account manager","0.857","Service Issue","Yes","1","42","9188.4"
"CUST-01096","1","United States","California","Los Angeles","91096","47.5","-116.5","47.5, -116.5","Male","0","Yes","No","23","Yes","Yes","Cable","No","No","Yes","No","No","No","Annual","Yes","AutoPay","589","13547","Great support and reliable network experience","0","Network Issue","Yes","1","27","9959.45"
"CUST-01097","1","United States","Texas","Houston","91097","48.2","-115.4","48.2, -115.4","Female","1","No","Yes","43","Yes","Yes","DSL","Yes","Yes","No","No","No","Yes","Quarterly","No","UPI","383","16469","Frustrated with repeated support delays","-1","Service Issue","No","0","24","9774.15"
"CUST-01098","1","United States","Florida","Miami","91098","48.9","-114.3","48.9, -114.3","Male","0","No","No","46","Yes","No","Cable","No","No","No","Yes","Yes","No","Monthly","Yes","Card","946","43516","Excellent issue resolution and friendly support team","0","Service Issue","No","0","39","23810.6"
"CUST-01099","1","United States","New York","New York","91099","25.6","-113.2","25.6, -113.2","Male","0","Yes","No","24","Yes","No","Cable","No","No","No","No","No","Yes","Monthly","No","UPI","847","20328","Monthly charges are too high and pricing is confusing","0","Pricing Issue","No","0","30","14418.8"
"CUST-01100","1","United States","Illinois","Chicago","91100","26.3","-112.1","26.3, -112.1","Male","0","No","No","66","Yes","No","Cable","No","Yes","No","No","No","No","Quarterly","No","UPI","542","35772","Agents are not proactive and service follow-up is poor","-0.333","Service Issue","Yes","1","17","18308.2"
"CUST-01101","1","United States","California","Los Angeles","91101","27","-111","27, -111","Female","1","No","Yes","24","Yes","Yes","DSL","Yes","No","Yes","No","Yes","Yes","Annual","Yes","AutoPay","576","13824","Customer service quality dropped after onboarding","-0.5","Service Issue","Yes","1","40","9974.4"
"CUST-01102","1","United States","Texas","Houston","91102","27.7","-109.9","27.7, -109.9","Male","0","Yes","No","1","Yes","Yes","DSL","No","No","No","Yes","No","No","Monthly","No","UPI","389","389","Customer reported average experience with no detailed feedback.","-0.5","Service Issue","Yes","1","38","3270.15"
"CUST-01103","1","United States","Florida","Miami","91103","28.4","-108.8","28.4, -108.8","Female","0","No","No","68","Yes","No","DSL","No","Yes","No","No","No","Yes","Monthly","No","UPI","357","24276","Customer service quality dropped after onboarding","-0.5","Service Issue","No","0","24","12848.6"
"CUST-01104","1","United States","New York","New York","91104","29.1","-107.7","29.1, -107.7","Male","1","No","No","17","Yes","No","Fiber optic","No","No","No","No","Yes","No","Quarterly","Yes","Card","649","20961","The plan cost feels high compared with competitors","0","Pricing Issue","Yes","1","39","12902.35"
"CUST-01105","1","United States","Illinois","Chicago","91105","29.8","-106.6","29.8, -106.6","Female","0","Yes","Yes","27","Yes","No","DSL","Yes","No","No","No","No","Yes","Annual","No","NetBanking","394","10638","Satisfied with pricing and product value","0.5","Pricing Issue","No","0","18","7469.3"
"CUST-01106","1","United States","California","Los Angeles","91106","30.5","-105.5","30.5, -105.5","Male","0","No","No","72","Yes","Yes","Cable","No","Yes","Yes","Yes","No","No","Annual","Yes","AutoPay","857","61704","Smooth onboarding and very helpful account manager","0.857","Service Issue","Yes","1","48","30036.4"
"CUST-01107","1","United States","Texas","Houston","91107","31.2","-104.4","31.2, -104.4","Male","0","No","No","64","Yes","Yes","Cable","No","No","No","No","Yes","Yes","Monthly","Yes","AutoPay","529","33856","Frequent network outages and unstable connectivity","-0.5","Network Issue","Yes","1","19","17489.6"
"CUST-01108","1","United States","Florida","Miami","91108","31.9","-103.3","31.9, -103.3","Female","1","Yes","No","3","Yes","No","Cable","No","No","No","No","No","No","Annual","No","NetBanking","1032","3096","Frequent network outages and unstable connectivity","-0.5","Network Issue","Yes","1","52","9405.6"
"CUST-01109","1","United States","New York","New York","91109","32.6","-102.2","32.6, -102.2","Male","0","No","Yes","71","Yes","No","Cable","Yes","Yes","No","No","No","Yes","Monthly","No","UPI","744","52824","Signal issues keep affecting daily usage","-0.5","Network Issue","No","0","23","26002.4"
"CUST-01110","1","United States","Illinois","Chicago","91110","33.3","-101.1","33.3, -101.1","Female","0","No","No","48","Yes","No","Fiber optic","No","No","No","Yes","Yes","No","Quarterly","Yes","Card","1424","68352","Frustrated with repeated support delays","-1","Service Issue","Yes","1","46","36371.2"
"CUST-01111","1","United States","California","Los Angeles","91111","34","-100","34, -100","Male","0","Yes","No","41","Yes","Yes","Fiber optic","No","No","Yes","No","No","Yes","Monthly","No","NetBanking","1395","57195","Monthly charges are too high and pricing is confusing","0","Pricing Issue","Yes","1","44","32080.25"
"CUST-01112","1","United States","Texas","Houston","91112","34.7","-98.9","34.7, -98.9","Male","0","No","No","62","Yes","Yes","Cable","No","Yes","No","No","No","No","Monthly","No","NetBanking","714","44268","Price increase without enough added features","0","Pricing Issue","No","0","33","22569.8"
"CUST-01113","1","United States","Florida","Miami","91113","35.4","-97.8","35.4, -97.8","Female","0","No","Yes","41","Yes","No","Cable","Yes","No","No","No","Yes","Yes","Monthly","No","UPI","880","36080","Billing feels expensive for the value received","-0.857","Pricing Issue","Yes","1","37","20570"
"CUST-01114","1","United States","New York","New York","91114","36.1","-96.7","36.1, -96.7","Female","1","Yes","No","72","Yes","No","DSL","No","No","No","Yes","No","No","Annual","No","NetBanking","340","24480","Happy with the service quality and quick response","0.75","Service Issue","No","0","17","12872"
"CUST-01115","1","United States","Illinois","Chicago","91115","36.8","-95.6","36.8, -95.6","Male","0","No","No","59","Yes","No","Fiber optic","No","Yes","No","No","No","Yes","Monthly","Yes","AutoPay","1451","85609","Frequent network outages and unstable connectivity","-0.5","Network Issue","Yes","1","54","42869.15"
"CUST-01116","1","United States","California","Los Angeles","91116","37.5","-94.5","37.5, -94.5","Male","0","No","No","66","Yes","Yes","Fiber optic","No","No","Yes","No","Yes","No","Quarterly","No","UPI","1232","81312","The plan cost feels high compared with competitors","0","Pricing Issue","Yes","1","46","39767.2"
"CUST-01117","1","United States","Texas","Houston","91117","38.2","-93.4","38.2, -93.4","Female","1","Yes","Yes","35","Yes","Yes","DSL","Yes","No","No","No","No","Yes","Annual","No","NetBanking","430","15050","Support response is slow and issue resolution takes too long","-0.9","Service Issue","No","0","17","9477.5"
"CUST-01118","1","United States","Florida","Miami","91118","38.9","-92.3","38.9, -92.3","Male","0","No","No","6","Yes","No","DSL","No","Yes","No","Yes","No","No","Monthly","No","UPI","289","1734","Billing feels expensive for the value received","-0.857","Pricing Issue","Yes","1","20","3050.9"
"CUST-01119","1","United States","New York","New York","91119","39.6","-91.2","39.6, -91.2","Female","0","No","No","48","Yes","No","DSL","No","No","No","No","Yes","Yes","Quarterly","No","UPI","499","23952","Signal issues keep affecting daily usage","-0.5","Network Issue","No","0","23","13431.2"
"CUST-01120","1","United States","Illinois","Chicago","91120","40.3","-90.1","40.3, -90.1","Male","0","Yes","No","2","Yes","No","DSL","No","No","No","No","No","No","Annual","Yes","AutoPay","467","934","Monthly charges are too high and pricing is confusing","0","Pricing Issue","Yes","1","30","4106.9"
"CUST-01121","1","United States","California","Los Angeles","91121","41","-89","41, -89","Female","0","No","Yes","18","Yes","Yes","DSL","Yes","Yes","Yes","No","No","Yes","Annual","No","UPI","372","6696","Customer reported average experience with no detailed feedback.","-0.9","Service Issue","Yes","1","22","5715.6"
"CUST-01122","1","United States","Texas","Houston","91122","41.7","-87.9","41.7, -87.9","Male","0","No","No","45","Yes","Yes","Cable","No","No","No","Yes","Yes","No","Quarterly","No","NetBanking","1043","46935","Internet speed dropped and network quality is poor","-1","Network Issue","Yes","1","42","25761.25"
"CUST-01123","1","United States","Florida","Miami","91123","42.4","-86.8","42.4, -86.8","Male","1","Yes","No","34","Yes","No","Cable","No","No","No","No","No","Yes","Annual","Yes","AutoPay","908","30872","The plan cost feels high compared with competitors","0","Pricing Issue","Yes","1","44","18817.2"
"CUST-01124","1","United States","New York","New York","91124","43.1","-85.7","43.1, -85.7","Female","0","No","No","57","Yes","No","Cable","No","Yes","No","No","No","No","Annual","Yes","AutoPay","638","36366","Price increase without enough added features","0","Pricing Issue","No","0","27","19086.1"
"CUST-01125","1","United States","Illinois","Chicago","91125","43.8","-84.6","43.8, -84.6","Female","1","No","Yes","62","Yes","No","DSL","Yes","No","No","No","Yes","Yes","Quarterly","No","UPI","262","16244","Happy with the service quality and quick response","0.75","Service Issue","No","0","11","9145.4"
"CUST-01126","1","United States","California","Los Angeles","91126","44.5","-83.5","44.5, -83.5","Female","1","Yes","No","35","Yes","Yes","Fiber optic","No","No","Yes","Yes","No","No","Annual","Yes","Card","1189","41615","Satisfied with pricing and product value","0.5","Pricing Issue","No","0","36","24847.25"
"CUST-01127","1","United States","Texas","Houston","91127","45.2","-82.4","45.2, -82.4","Male","0","No","No","35","Yes","Yes","DSL","No","Yes","No","No","No","Yes","Quarterly","Yes","AutoPay","649","11830","Customer service quality dropped after onboarding","-0.5","Service Issue","No","0","39","10102.5"
"CUST-01128","1","United States","Florida","Miami","91128","45.9","-81.3","45.9, -81.3","Male","0","No","No","70","Yes","No","DSL","No","No","No","No","Yes","No","Annual","Yes","Card","511","35770","Monthly charges are too high and pricing is confusing","0","Pricing Issue","No","0","18","18147.5"
"CUST-01129","1","United States","New York","New York","91129","46.6","-80.2","46.6, -80.2","Female","1","Yes","Yes","42","Yes","No","DSL","Yes","No","No","No","No","Yes","Annual","No","NetBanking","473","19866","Happy with the service quality and quick response","0.75","Service Issue","No","0","26","11661.1"
"CUST-01130","1","United States","Illinois","Chicago","91130","47.3","-79.1","47.3, -79.1","Female","1","No","No","4","Yes","No","Cable","No","Yes","No","Yes","No","No","Annual","No","UPI","1100","4400","Signal issues keep affecting daily usage","-0.5","Network Issue","Yes","1","44","10428"
"CUST-01131","1","United States","California","Los Angeles","91131","48","-78","48, -78","Female","0","No","No","58","Yes","Yes","Cable","No","No","Yes","No","Yes","Yes","Monthly","Yes","AutoPay","519","30102","Too many disconnects and latency problems","0","Network Issue","No","0","24","15963.7"
"CUST-01132","1","United States","Texas","Houston","91132","48.7","-76.9","48.7, -76.9","Male","0","Yes","No","36","Yes","Yes","Cable","No","No","No","No","No","No","Monthly","Yes","AutoPay","911","32796","Too many disconnects and latency problems","0","Network Issue","Yes","1","37","19558.6"
"CUST-01133","1","United States","Florida","Miami","91133","25.4","-75.8","25.4, -75.8","Male","0","No","Yes","43","Yes","No","Cable","Yes","Yes","No","No","No","Yes","Monthly","No","NetBanking","986","42398","Monthly charges are too high and pricing is confusing","0","Pricing Issue","Yes","1","34","23673.3"
"CUST-01134","1","United States","New York","New York","91134","26.1","-74.7","26.1, -74.7","Male","0","No","No","44","Yes","No","Fiber optic","No","No","No","Yes","Yes","No","Monthly","No","NetBanking","1423","62612","Customer service quality dropped after onboarding","-0.5","Service Issue","Yes","1","58","34266.2"
"CUST-01135","1","United States","Illinois","Chicago","91135","26.8","-73.6","26.8, -73.6","Male","1","Yes","No","17","Yes","No","Cable","No","No","No","No","No","Yes","Monthly","Yes","Card","878","14926","Billing feels expensive for the value received","-0.857","Pricing Issue","Yes","1","45","12622.1"
"CUST-01136","1","United States","California","Los Angeles","91136","27.5","-72.5","27.5, -72.5","Female","0","No","No","24","Yes","Yes","DSL","No","Yes","Yes","No","No","No","Quarterly","No","NetBanking","502","12048","Happy with the service quality and quick response","0.75","Service Issue","No","0","16","8760.8"
"CUST-01137","1","United States","Texas","Houston","91137","28.2","-71.4","28.2, -71.4","Female","0","No","Yes","50","Yes","Yes","Cable","Yes","No","No","No","Yes","Yes","Monthly","No","NetBanking","699","34950","The plan cost feels high compared with competitors","0","Pricing Issue","Yes","1","30","18924.5"
"CUST-01138","1","United States","Florida","Miami","91138","28.9","-70.3","28.9, -70.3","Male","1","Yes","No","10","Yes","No","Cable","No","No","No","Yes","No","No","Quarterly","Yes","AutoPay","842","8420","Billing feels expensive for the value received","-0.857","Pricing Issue","No","0","34","9903"
"CUST-01139","1","United States","New York","New York","91139","29.6","-69.2","29.6, -69.2","Male","0","No","No","15","Yes","No","Cable","No","Yes","No","No","No","Yes","Annual","Yes","Card","1079","16185","Great support and reliable network experience","0","Network Issue","Yes","1","46","14626.75"
"CUST-01140","1","United States","Illinois","Chicago","91140","30.3","-68.1","30.3, -68.1","Male","1","No","No","72","Yes","No","Cable","No","No","No","No","Yes","No","Quarterly","Yes","AutoPay","1089","78408","Customer reported average experience with no detailed feedback.","0.5","Pricing Issue","No","0","43","37738.8"
"CUST-01141","1","United States","California","Los Angeles","91141","31","-124","31, -124","Female","0","Yes","Yes","12","Yes","Yes","DSL","Yes","No","Yes","No","No","Yes","Monthly","No","UPI","541","6492","Support response is slow and issue resolution takes too long","-0.9","Service Issue","Yes","1","33","6864.2"
"CUST-01142","1","United States","Texas","Houston","91142","31.7","-122.9","31.7, -122.9","Male","0","No","No","41","Yes","Yes","Cable","No","Yes","No","Yes","No","No","Annual","No","UPI","869","35629","Happy with the service quality and quick response","0.75","Service Issue","Yes","1","44","20324.15"
"CUST-01143","1","United States","Florida","Miami","91143","32.4","-121.8","32.4, -121.8","Male","0","No","No","18","Yes","No","DSL","No","No","No","No","Yes","Yes","Monthly","No","NetBanking","326","5868","Monthly charges are too high and pricing is confusing","0","Pricing Issue","No","0","24","5057.8"
"CUST-01144","1","United States","New York","New York","91144","33.1","-120.7","33.1, -120.7","Female","0","Yes","No","21","Yes","No","DSL","No","No","No","No","No","No","Quarterly","Yes","Card","539","11319","Happy with the service quality and quick response","0.75","Service Issue","No","0","24","8735.65"
"CUST-01145","1","United States","Illinois","Chicago","91145","33.8","-119.6","33.8, -119.6","Female","0","No","Yes","41","Yes","No","Cable","Yes","Yes","No","No","No","Yes","Monthly","No","NetBanking","939","38499","Signal issues keep affecting daily usage","-0.5","Network Issue","Yes","1","49","21888.65"
"CUST-01146","1","United States","California","Los Angeles","91146","34.5","-118.5","34.5, -118.5","Female","0","No","No","37","Yes","Yes","DSL","No","No","Yes","Yes","Yes","No","Monthly","Yes","Card","525","19425","Frequent network outages and unstable connectivity","-0.5","Network Issue","No","0","22","11812.75"
"CUST-01147","1","United States","Texas","Houston","91147","35.2","-117.4","35.2, -117.4","Male","0","Yes","No","58","Yes","Yes","DSL","No","No","No","No","No","Yes","Quarterly","No","NetBanking","247","14326","Support response is slow and issue resolution takes too long","-0.9","Service Issue","No","0","8","8266.1"
"CUST-01148","1","United States","Florida","Miami","91148","35.9","-116.3","35.9, -116.3","Female","0","No","No","69","Yes","No","DSL","No","Yes","No","No","No","No","Annual","No","UPI","284","19596","Frequent network outages and unstable connectivity","-0.5","Network Issue","No","0","11","10648.6"
"CUST-01149","1","United States","New York","New York","91149","36.6","-115.2","36.6, -115.2","Male","0","No","Yes","15","Yes","No","DSL","Yes","No","No","No","Yes","Yes","Quarterly","No","NetBanking","534","8010","Satisfied with pricing and product value","0.5","Pricing Issue","No","0","18","7405.5"
"CUST-01150","1","United States","Illinois","Chicago","91150","37.3","-114.1","37.3, -114.1","Male","0","Yes","No","22","Yes","No","Fiber optic","No","No","No","Yes","No","No","Monthly","Yes","Card","649","33044","Satisfied with pricing and product value","0.5","Pricing Issue","Yes","1","32","17241.4"
"CUST-01151","1","United States","California","Los Angeles","91151","38","-113","38, -113","Female","0","No","No","11","Yes","Yes","Cable","No","Yes","Yes","No","No","Yes","Quarterly","No","NetBanking","556","6116","Satisfied with pricing and product value","0.5","Pricing Issue","Yes","1","25","6830.6"
"CUST-01152","1","United States","Texas","Houston","91152","38.7","-111.9","38.7, -111.9","Female","1","No","No","70","Yes","Yes","DSL","No","No","No","No","Yes","No","Quarterly","Yes","Card","503","35210","Excellent issue resolution and friendly support team","0","Service Issue","Yes","1","23","17887.5"
"CUST-01153","1","United States","Florida","Miami","91153","39.4","-110.8","39.4, -110.8","Female","0","Yes","Yes","20","Yes","No","Cable","Yes","No","No","No","No","Yes","Quarterly","Yes","AutoPay","1040","20800","Smooth onboarding and very helpful account manager","0.857","Service Issue","No","0","40","16040"
"CUST-01154","1","United States","New York","New York","91154","40.1","-109.7","40.1, -109.7","Male","0","No","No","21","Yes","No","Cable","No","Yes","No","Yes","No","No","Quarterly","Yes","Card","778","16338","Agents are not proactive and service follow-up is poor","-0.333","Service Issue","Yes","1","39","12404.3"
"CUST-01155","1","United States","Illinois","Chicago","91155","40.8","-108.6","40.8, -108.6","Male","0","No","No","15","Yes","No","DSL","No","No","No","No","Yes","Yes","Annual","No","UPI","546","8190","Monthly charges are too high and pricing is confusing","0","Pricing Issue","No","0","18","7564.5"
"CUST-01156","1","United States","California","Los Angeles","91156","41.5","-107.5","41.5, -107.5","Male","1","Yes","No","43","Yes","Yes","DSL","No","No","Yes","No","No","No","Quarterly","Yes","Card","418","17974","Monthly charges are too high and pricing is confusing","0","Pricing Issue","No","0","29","10580.9"
"CUST-01157","1","United States","Texas","Houston","91157","42.2","-106.4","42.2, -106.4","Female","0","No","Yes","45","Yes","Yes","Cable","Yes","Yes","No","No","No","Yes","Annual","Yes","Card","624","28080","Too many disconnects and latency problems","0","Network Issue","Yes","1","33","15810"
"CUST-01158","1","United States","Florida","Miami","91158","42.9","-105.3","42.9, -105.3","Male","0","No","No","43","Yes","No","Cable","No","No","No","Yes","Yes","No","Monthly","No","NetBanking","983","42269","Happy with the service quality and quick response","0.75","Service Issue","Yes","1","51","23604.15"
"CUST-01159","1","United States","New York","New York","91159","43.6","-104.2","43.6, -104.2","Female","0","Yes","No","65","Yes","No","Cable","No","No","No","No","No","Yes","Annual","No","UPI","1132","73580","Customer reported average experience with no detailed feedback.","0.5","Pricing Issue","No","0","37","36239"
"CUST-01160","1","United States","Illinois","Chicago","91160","44.3","-103.1","44.3, -103.1","Male","0","No","No","61","Yes","No","Fiber optic","No","Yes","No","No","No","No","Annual","Yes","AutoPay","1396","85156","Frustrated with repeated support delays","-1","Service Issue","Yes","1","48","42314.6"
"CUST-01161","1","United States","California","Los Angeles","91161","45","-102","45, -102","Male","0","No","Yes","65","Yes","Yes","Cable","Yes","No","Yes","No","Yes","Yes","Quarterly","No","UPI","596","38740","Smooth onboarding and very helpful account manager","0.857","Service Issue","Yes","1","26","19757"
"CUST-01162","1","United States","Texas","Houston","91162","45.7","-100.9","45.7, -100.9","Female","0","Yes","No","71","Yes","Yes","Cable","No","No","No","Yes","No","No","Annual","No","NetBanking","699","49629","Smooth onboarding and very helpful account manager","0.857","Service Issue","No","0","29","24524.15"
"CUST-01163","1","United States","Florida","Miami","91163","46.4","-99.8","46.4, -99.8","Female","0","No","No","25","Yes","No","Cable","No","Yes","No","No","No","Yes","Quarterly","Yes","AutoPay","770","19250","Great support and reliable network experience","0","Network Issue","Yes","1","30","13447.5"
"CUST-01164","1","United States","New York","New York","91164","47.1","-98.7","47.1, -98.7","Female","0","No","No","31","Yes","No","Fiber optic","No","No","No","No","Yes","No","Annual","No","UPI","1448","44888","Monthly charges are too high and pricing is confusing","0","Pricing Issue","Yes","1","46","27976.8"
"CUST-01165","1","United States","Illinois","Chicago","91165","47.8","-97.6","47.8, -97.6","Male","0","Yes","Yes","38","Yes","No","DSL","Yes","No","No","No","No","Yes","Quarterly","Yes","AutoPay","324","12312","Frustrated with repeated support delays","-1","Service Issue","Yes","1","31","7737.2"
"CUST-01166","1","United States","California","Los Angeles","91166","48.5","-96.5","48.5, -96.5","Female","0","No","No","54","Yes","Yes","Cable","No","Yes","Yes","Yes","No","No","Quarterly","No","NetBanking","772","41688","Smooth onboarding and very helpful account manager","0.857","Service Issue","No","0","30","21954.8"
"CUST-01167","1","United States","Texas","Houston","91167","25.2","-95.4","25.2, -95.4","Female","1","No","No","18","Yes","Yes","Cable","No","No","No","No","Yes","Yes","Quarterly","Yes","Card","887","15966","Customer service quality dropped after onboarding","-0.5","Service Issue","Yes","1","38","13080.1"
"CUST-01168","1","United States","Florida","Miami","91168","25.9","-94.3","25.9, -94.3","Female","1","Yes","No","13","Yes","No","Cable","No","No","No","No","No","No","Quarterly","Yes","AutoPay","919","11947","Agents are not proactive and service follow-up is poor","-0.333","Service Issue","Yes","1","38","11819.45"
"CUST-01169","1","United States","New York","New York","91169","26.6","-93.2","26.6, -93.2","Female","0","No","Yes","67","Yes","No","Cable","Yes","Yes","No","No","No","Yes","Quarterly","Yes","Card","993","66531","Billing feels expensive for the value received","-0.857","Pricing Issue","No","0","38","32703.85"
"CUST-01170","1","United States","Illinois","Chicago","91170","27.3","-92.1","27.3, -92.1","Female","0","No","No","31","Yes","No","Cable","No","No","No","Yes","Yes","No","Monthly","No","UPI","867","26877","Internet speed dropped and network quality is poor","-1","Network Issue","Yes","1","40","17024.95"
"CUST-01171","1","United States","California","Los Angeles","91171","28","-91","28, -91","Female","0","Yes","No","49","Yes","Yes","Cable","No","No","Yes","No","No","Yes","Annual","No","UPI","819","40131","Frustrated with repeated support delays","-1","Service Issue","Yes","1","38","21675.85"
"CUST-01172","1","United States","Texas","Houston","91172","28.7","-89.9","28.7, -89.9","Female","0","No","No","17","Yes","Yes","Cable","No","Yes","No","No","No","No","Monthly","Yes","AutoPay","694","11798","Great support and reliable network experience","0","Network Issue","No","0","26","10055.3"
"CUST-01173","1","United States","Florida","Miami","91173","29.4","-88.8","29.4, -88.8","Female","0","No","Yes","22","Yes","No","DSL","Yes","No","No","No","Yes","Yes","Annual","No","UPI","649","6490","Smooth onboarding and very helpful account manager","0.857","Service Issue","No","0","27","7947.5"
"CUST-01174","1","United States","New York","New York","91174","30.1","-87.7","30.1, -87.7","Female","1","Yes","No","4","Yes","No","Cable","No","No","No","Yes","No","No","Annual","No","NetBanking","563","2252","Monthly charges are too high and pricing is confusing","0","Pricing Issue","No","0","25","5380.2"
"CUST-01175","1","United States","Illinois","Chicago","91175","30.8","-86.6","30.8, -86.6","Male","0","No","No","31","Yes","No","Fiber optic","No","Yes","No","No","No","Yes","Quarterly","Yes","AutoPay","1347","41757","Monthly charges are too high and pricing is confusing","0","Pricing Issue","Yes","1","47","26072.95"
"CUST-01176","1","United States","California","Los Angeles","91176","31.5","-85.5","31.5, -85.5","Female","0","No","No","71","Yes","Yes","DSL","No","No","Yes","No","Yes","No","Annual","No","UPI","426","30246","Monthly charges are too high and pricing is confusing","0","Pricing Issue","Yes","1","24","15556.1"
"CUST-01177","1","United States","Texas","Houston","91177","32.2","-84.4","32.2, -84.4","Male","0","Yes","Yes","12","Yes","Yes","Fiber optic","Yes","No","No","No","No","Yes","Quarterly","No","NetBanking","1272","15264","Smooth onboarding and very helpful account manager","0.857","Service Issue","Yes","1","47","15782.4"
"CUST-01178","1","United States","Florida","Miami","91178","32.9","-83.3","32.9, -83.3","Male","0","No","No","61","Yes","No","DSL","No","Yes","No","Yes","No","No","Monthly","Yes","AutoPay","375","22875","Customer reported average experience with no detailed feedback.","0.75","Service Issue","Yes","1","30","12348.25"
"CUST-01179","1","United States","New York","New York","91179","33.6","-82.2","33.6, -82.2","Female","0","No","No","26","Yes","No","Cable","No","No","No","No","Yes","Yes","Annual","No","UPI","971","25246","Agents are not proactive and service follow-up is poor","-0.333","Service Issue","No","0","34","17176.1"
"CUST-01180","1","United States","Illinois","Chicago","91180","34.3","-81.1","34.3, -81.1","Male","0","Yes","No","62","Yes","No","Cable","No","No","No","No","No","No","Monthly","No","UPI","689","42718","Frustrated with repeated support delays","-1","Service Issue","No","0","21","21827.3"
"CUST-01181","1","United States","California","Los Angeles","91181","35","-80","35, -80","Female","1","No","Yes","2","Yes","Yes","Cable","Yes","Yes","Yes","No","No","Yes","Annual","Yes","Card","756","1512","Satisfied with pricing and product value","0.5","Pricing Issue","No","0","41","6621.2"
"CUST-01182","1","United States","Texas","Houston","91182","35.7","-78.9","35.7, -78.9","Female","0","No","No","2","Yes","Yes","Cable","No","No","No","Yes","Yes","No","Annual","Yes","AutoPay","727","1454","Customer service quality dropped after onboarding","-0.5","Service Issue","No","0","32","6368.9"
"CUST-01183","1","United States","Florida","Miami","91183","36.4","-77.8","36.4, -77.8","Female","1","Yes","No","36","Yes","No","DSL","No","No","No","No","No","Yes","Monthly","No","UPI","479","17244","Customer service quality dropped after onboarding","-0.5","Service Issue","No","0","19","10659.4"
"CUST-01184","1","United States","New York","New York","91184","37.1","-76.7","37.1, -76.7","Male","0","No","No","38","Yes","No","Fiber optic","No","Yes","No","No","No","No","Annual","No","NetBanking","1279","48602","Great support and reliable network experience","0","Network Issue","Yes","1","52","28078.7"
"CUST-01185","1","United States","Illinois","Chicago","91185","37.8","-75.6","37.8, -75.6","Female","0","No","Yes","61","Yes","No","Cable","Yes","No","No","No","Yes","Yes","Quarterly","No","UPI","494","30134","Billing feels expensive for the value received","-0.857","Pricing Issue","Yes","1","14","15840.9"
"CUST-01186","1","United States","California","Los Angeles","91186","38.5","-74.5","38.5, -74.5","Male","1","Yes","No","16","Yes","Yes","Cable","No","No","Yes","Yes","No","No","Quarterly","No","NetBanking","818","13088","Customer service quality dropped after onboarding","-0.5","Service Issue","Yes","1","36","11476.8"
"CUST-01187","1","United States","Texas","Houston","91187","39.2","-73.4","39.2, -73.4","Male","0","No","No","3","Yes","Yes","Cable","No","Yes","No","No","No","Yes","Annual","No","UPI","656","1968","Internet speed dropped and network quality is poor","-1","Network Issue","Yes","1","41","6002.8"
"CUST-01188","1","United States","Florida","Miami","91188","39.9","-72.3","39.9, -72.3","Male","0","No","No","48","Yes","No","DSL","No","No","No","No","Yes","No","Quarterly","No","UPI","417","20016","Smooth onboarding and very helpful account manager","0.857","Service Issue","Yes","1","29","11397.6"
"CUST-01189","1","United States","New York","New York","91189","40.6","-71.2","40.6, -71.2","Male","1","Yes","Yes","36","Yes","No","Cable","Yes","No","No","No","No","Yes","Annual","No","NetBanking","715","25740","Signal issues keep affecting daily usage","-0.5","Network Issue","Yes","1","38","15521"
"CUST-01190","1","United States","Illinois","Chicago","91190","41.3","-70.1","41.3, -70.1","Female","0","No","No","44","Yes","No","DSL","No","Yes","No","Yes","No","No","Monthly","Yes","Card","358","15752","Support response is slow and issue resolution takes too long","-0.9","Service Issue","Yes","1","23","9345.2"
"CUST-01191","1","United States","California","Los Angeles","91191","42","-69","42, -69","Male","0","No","No","6","Yes","Yes","DSL","No","No","Yes","No","Yes","Yes","Monthly","Yes","Card","384","2304","Agents are not proactive and service follow-up is poor","-0.333","Service Issue","No","0","22","4010.4"
"CUST-01192","1","United States","Texas","Houston","91192","42.7","-67.9","42.7, -67.9","Female","1","Yes","No","52","Yes","Yes","Fiber optic","No","No","No","No","No","No","Monthly","No","NetBanking","1467","76284","Excellent issue resolution and friendly support team","0","Service Issue","Yes","1","57","39579.4"
"CUST-01193","1","United States","Florida","Miami","91193","43.4","-123.8","43.4, -123.8","Female","0","No","Yes","11","Yes","No","Cable","Yes","Yes","No","No","No","Yes","Monthly","No","NetBanking","949","10439","Monthly charges are too high and pricing is confusing","0","Pricing Issue","No","0","46","11487.65"
"CUST-01194","1","United States","New York","New York","91194","44.1","-122.7","44.1, -122.7","Male","0","No","No","39","Yes","No","DSL","No","No","No","Yes","Yes","No","Quarterly","Yes","Card","413","16107","Support response is slow and issue resolution takes too long","-0.9","Service Issue","No","0","9","9799.45"
"CUST-01195","1","United States","Illinois","Chicago","91195","44.8","-121.6","44.8, -121.6","Female","0","Yes","No","29","Yes","No","Fiber optic","No","No","No","No","No","Yes","Monthly","Yes","AutoPay","1365","39585","Too many disconnects and latency problems","0","Network Issue","Yes","1","59","25412.75"
"CUST-01196","1","United States","California","Los Angeles","91196","45.5","-120.5","45.5, -120.5","Female","0","No","No","16","Yes","Yes","Fiber optic","No","Yes","Yes","No","No","No","Annual","No","UPI","649","20992","Frustrated with repeated support delays","-1","Service Issue","Yes","1","36","12891.2"
"CUST-01197","1","United States","Texas","Houston","91197","46.2","-119.4","46.2, -119.4","Male","1","No","Yes","68","Yes","Yes","DSL","Yes","No","No","No","Yes","Yes","Monthly","Yes","Card","410","27880","Customer reported average experience with no detailed feedback.","0","Service Issue","No","0","21","14534"
"CUST-01198","1","United States","Florida","Miami","91198","46.9","-118.3","46.9, -118.3","Female","1","Yes","No","23","Yes","No","Cable","No","No","No","Yes","No","No","Quarterly","No","NetBanking","626","14398","Price increase without enough added features","0","Pricing Issue","Yes","1","31","10553.3"
"CUST-01199","1","United States","New York","New York","91199","47.6","-117.2","47.6, -117.2","Male","0","No","No","22","Yes","No","Cable","No","Yes","No","No","No","Yes","Annual","Yes","AutoPay","683","15026","Price increase without enough added features","0","Pricing Issue","Yes","1","37","11207.1"
"CUST-01200","1","United States","Illinois","Chicago","91200","48.3","-116.1","48.3, -116.1","Female","0","No","No","39","Yes","No","Fiber optic","No","No","No","No","Yes","No","Quarterly","No","NetBanking","1349","52611","Frustrated with repeated support delays","-1","Service Issue","Yes","1","56","30063.85"
